TIME_PERIOD,compensation_euros,gross_value_added_euros,WB_CCDFS_AVGLIFE,WB_CCDFS_CBY,WB_CCDFS_DEBTDUEY,WB_CCDFS_DFFB,WB_CCDFS_DFGGD,WB_CCDFS_FBMA,WB_CCDFS_FBY,WB_CCDFS_FORDEBTSH,WB_CCDFS_FXSOVSH,WB_CCDFS_GGDMA,WB_CCDFS_GGDY,WB_CCDFS_PBY,WB_CCDFS_PRDEBTY,WB_CCDFS_PSCY,WB_CCDFS_SECNRES,WB_CCDFS_SOVRATE,WB_CCDFS_STDEBTALL,WB_CCDFS_STDEBTRES,WB_CCDFS_XTDEBTRES,WB_CCDFS_XTDEBTRXG,WB_CCDFS_XTDEBTY
2015,,1663277.7,6.402739726027397,-1.700162835417636,19.52672009233349,-9.009314101035349,477.5819047422268,-2.613767822991744,-2.552,33.5340144312705,0.1554170907402564,138.5552997108723,135.281,1.382,57.50807834191701,119.0,1.675578064339839,13.0,28.01719241839377,485.2765454637092,1732.067004490845,4809.208672993573,123.1448068945242
2015,,1285611.9,6.402739726027397,-1.700162835417636,19.52672009233349,-9.009314101035349,477.5819047422268,-2.613767822991744,-2.552,33.5340144312705,0.1554170907402564,138.5552997108723,135.281,1.382,57.50807834191701,119.0,1.675578064339839,13.0,28.01719241839377,485.2765454637092,1732.067004490845,4809.208672993573,123.1448068945242
2015,,924949.1,6.402739726027397,-1.700162835417636,19.52672009233349,-9.009314101035349,477.5819047422268,-2.613767822991744,-2.552,33.5340144312705,0.1554170907402564,138.5552997108723,135.281,1.382,57.50807834191701,119.0,1.675578064339839,13.0,28.01719241839377,485.2765454637092,1732.067004490845,4809.208672993573,123.1448068945242
2015,,546166.2,6.402739726027397,-1.700162835417636,19.52672009233349,-9.009314101035349,477.5819047422268,-2.613767822991744,-2.552,33.5340144312705,0.1554170907402564,138.5552997108723,135.281,1.382,57.50807834191701,119.0,1.675578064339839,13.0,28.01719241839377,485.2765454637092,1732.067004490845,4809.208672993573,123.1448068945242
2015,,124970.1,6.402739726027397,-1.700162835417636,19.52672009233349,-9.009314101035349,477.5819047422268,-2.613767822991744,-2.552,33.5340144312705,0.1554170907402564,138.5552997108723,135.281,1.382,57.50807834191701,119.0,1.675578064339839,13.0,28.01719241839377,485.2765454637092,1732.067004490845,4809.208672993573,123.1448068945242
2015,,67155.9,6.402739726027397,-1.700162835417636,19.52672009233349,-9.009314101035349,477.5819047422268,-2.613767822991744,-2.552,33.5340144312705,0.1554170907402564,138.5552997108723,135.281,1.382,57.50807834191701,119.0,1.675578064339839,13.0,28.01719241839377,485.2765454637092,1732.067004490845,4809.208672993573,123.1448068945242
2015,,4619.5,6.402739726027397,-1.700162835417636,19.52672009233349,-9.009314101035349,477.5819047422268,-2.613767822991744,-2.552,33.5340144312705,0.1554170907402564,138.5552997108723,135.281,1.382,57.50807834191701,119.0,1.675578064339839,13.0,28.01719241839377,485.2765454637092,1732.067004490845,4809.208672993573,123.1448068945242
2015,,10293.4,6.402739726027397,-1.700162835417636,19.52672009233349,-9.009314101035349,477.5819047422268,-2.613767822991744,-2.552,33.5340144312705,0.1554170907402564,138.5552997108723,135.281,1.382,57.50807834191701,119.0,1.675578064339839,13.0,28.01719241839377,485.2765454637092,1732.067004490845,4809.208672993573,123.1448068945242
2015,,17631.5,6.402739726027397,-1.700162835417636,19.52672009233349,-9.009314101035349,477.5819047422268,-2.613767822991744,-2.552,33.5340144312705,0.1554170907402564,138.5552997108723,135.281,1.382,57.50807834191701,119.0,1.675578064339839,13.0,28.01719241839377,485.2765454637092,1732.067004490845,4809.208672993573,123.1448068945242
2015,,5348.5,6.402739726027397,-1.700162835417636,19.52672009233349,-9.009314101035349,477.5819047422268,-2.613767822991744,-2.552,33.5340144312705,0.1554170907402564,138.5552997108723,135.281,1.382,57.50807834191701,119.0,1.675578064339839,13.0,28.01719241839377,485.2765454637092,1732.067004490845,4809.208672993573,123.1448068945242
2015,,11551.0,6.402739726027397,-1.700162835417636,19.52672009233349,-9.009314101035349,477.5819047422268,-2.613767822991744,-2.552,33.5340144312705,0.1554170907402564,138.5552997108723,135.281,1.382,57.50807834191701,119.0,1.675578064339839,13.0,28.01719241839377,485.2765454637092,1732.067004490845,4809.208672993573,123.1448068945242
2015,,4652.9,6.402739726027397,-1.700162835417636,19.52672009233349,-9.009314101035349,477.5819047422268,-2.613767822991744,-2.552,33.5340144312705,0.1554170907402564,138.5552997108723,135.281,1.382,57.50807834191701,119.0,1.675578064339839,13.0,28.01719241839377,485.2765454637092,1732.067004490845,4809.208672993573,123.1448068945242
2015,,3717.5,6.402739726027397,-1.700162835417636,19.52672009233349,-9.009314101035349,477.5819047422268,-2.613767822991744,-2.552,33.5340144312705,0.1554170907402564,138.5552997108723,135.281,1.382,57.50807834191701,119.0,1.675578064339839,13.0,28.01719241839377,485.2765454637092,1732.067004490845,4809.208672993573,123.1448068945242
2015,,4649.3,6.402739726027397,-1.700162835417636,19.52672009233349,-9.009314101035349,477.5819047422268,-2.613767822991744,-2.552,33.5340144312705,0.1554170907402564,138.5552997108723,135.281,1.382,57.50807834191701,119.0,1.675578064339839,13.0,28.01719241839377,485.2765454637092,1732.067004490845,4809.208672993573,123.1448068945242
2015,,4649.3,6.402739726027397,-1.700162835417636,19.52672009233349,-9.009314101035349,477.5819047422268,-2.613767822991744,-2.552,33.5340144312705,0.1554170907402564,138.5552997108723,135.281,1.382,57.50807834191701,119.0,1.675578064339839,13.0,28.01719241839377,485.2765454637092,1732.067004490845,4809.208672993573,123.1448068945242
2015,,46792.0,6.402739726027397,-1.700162835417636,19.52672009233349,-9.009314101035349,477.5819047422268,-2.613767822991744,-2.552,33.5340144312705,0.1554170907402564,138.5552997108723,135.281,1.382,57.50807834191701,119.0,1.675578064339839,13.0,28.01719241839377,485.2765454637092,1732.067004490845,4809.208672993573,123.1448068945242
2015,,4933.0,6.402739726027397,-1.700162835417636,19.52672009233349,-9.009314101035349,477.5819047422268,-2.613767822991744,-2.552,33.5340144312705,0.1554170907402564,138.5552997108723,135.281,1.382,57.50807834191701,119.0,1.675578064339839,13.0,28.01719241839377,485.2765454637092,1732.067004490845,4809.208672993573,123.1448068945242
2015,,7441.7,6.402739726027397,-1.700162835417636,19.52672009233349,-9.009314101035349,477.5819047422268,-2.613767822991744,-2.552,33.5340144312705,0.1554170907402564,138.5552997108723,135.281,1.382,57.50807834191701,119.0,1.675578064339839,13.0,28.01719241839377,485.2765454637092,1732.067004490845,4809.208672993573,123.1448068945242
2015,,27979.6,6.402739726027397,-1.700162835417636,19.52672009233349,-9.009314101035349,477.5819047422268,-2.613767822991744,-2.552,33.5340144312705,0.1554170907402564,138.5552997108723,135.281,1.382,57.50807834191701,119.0,1.675578064339839,13.0,28.01719241839377,485.2765454637092,1732.067004490845,4809.208672993573,123.1448068945242
2015,,6437.8,6.402739726027397,-1.700162835417636,19.52672009233349,-9.009314101035349,477.5819047422268,-2.613767822991744,-2.552,33.5340144312705,0.1554170907402564,138.5552997108723,135.281,1.382,57.50807834191701,119.0,1.675578064339839,13.0,28.01719241839377,485.2765454637092,1732.067004490845,4809.208672993573,123.1448068945242
2015,,369754.7,6.402739726027397,-1.700162835417636,19.52672009233349,-9.009314101035349,477.5819047422268,-2.613767822991744,-2.552,33.5340144312705,0.1554170907402564,138.5552997108723,135.281,1.382,57.50807834191701,119.0,1.675578064339839,13.0,28.01719241839377,485.2765454637092,1732.067004490845,4809.208672993573,123.1448068945242
2015,,26354.5,6.402739726027397,-1.700162835417636,19.52672009233349,-9.009314101035349,477.5819047422268,-2.613767822991744,-2.552,33.5340144312705,0.1554170907402564,138.5552997108723,135.281,1.382,57.50807834191701,119.0,1.675578064339839,13.0,28.01719241839377,485.2765454637092,1732.067004490845,4809.208672993573,123.1448068945242
2015,,16654.1,6.402739726027397,-1.700162835417636,19.52672009233349,-9.009314101035349,477.5819047422268,-2.613767822991744,-2.552,33.5340144312705,0.1554170907402564,138.5552997108723,135.281,1.382,57.50807834191701,119.0,1.675578064339839,13.0,28.01719241839377,485.2765454637092,1732.067004490845,4809.208672993573,123.1448068945242
2015,,5200.4,6.402739726027397,-1.700162835417636,19.52672009233349,-9.009314101035349,477.5819047422268,-2.613767822991744,-2.552,33.5340144312705,0.1554170907402564,138.5552997108723,135.281,1.382,57.50807834191701,119.0,1.675578064339839,13.0,28.01719241839377,485.2765454637092,1732.067004490845,4809.208672993573,123.1448068945242
2015,,168925.0,6.402739726027397,-1.700162835417636,19.52672009233349,-9.009314101035349,477.5819047422268,-2.613767822991744,-2.552,33.5340144312705,0.1554170907402564,138.5552997108723,135.281,1.382,57.50807834191701,119.0,1.675578064339839,13.0,28.01719241839377,485.2765454637092,1732.067004490845,4809.208672993573,123.1448068945242
2015,,34875.7,6.402739726027397,-1.700162835417636,19.52672009233349,-9.009314101035349,477.5819047422268,-2.613767822991744,-2.552,33.5340144312705,0.1554170907402564,138.5552997108723,135.281,1.382,57.50807834191701,119.0,1.675578064339839,13.0,28.01719241839377,485.2765454637092,1732.067004490845,4809.208672993573,123.1448068945242
2015,,40142.5,6.402739726027397,-1.700162835417636,19.52672009233349,-9.009314101035349,477.5819047422268,-2.613767822991744,-2.552,33.5340144312705,0.1554170907402564,138.5552997108723,135.281,1.382,57.50807834191701,119.0,1.675578064339839,13.0,28.01719241839377,485.2765454637092,1732.067004490845,4809.208672993573,123.1448068945242
2015,,13237.2,6.402739726027397,-1.700162835417636,19.52672009233349,-9.009314101035349,477.5819047422268,-2.613767822991744,-2.552,33.5340144312705,0.1554170907402564,138.5552997108723,135.281,1.382,57.50807834191701,119.0,1.675578064339839,13.0,28.01719241839377,485.2765454637092,1732.067004490845,4809.208672993573,123.1448068945242
2015,,10474.6,6.402739726027397,-1.700162835417636,19.52672009233349,-9.009314101035349,477.5819047422268,-2.613767822991744,-2.552,33.5340144312705,0.1554170907402564,138.5552997108723,135.281,1.382,57.50807834191701,119.0,1.675578064339839,13.0,28.01719241839377,485.2765454637092,1732.067004490845,4809.208672993573,123.1448068945242
2015,,12267.4,6.402739726027397,-1.700162835417636,19.52672009233349,-9.009314101035349,477.5819047422268,-2.613767822991744,-2.552,33.5340144312705,0.1554170907402564,138.5552997108723,135.281,1.382,57.50807834191701,119.0,1.675578064339839,13.0,28.01719241839377,485.2765454637092,1732.067004490845,4809.208672993573,123.1448068945242
2015,,10069.2,6.402739726027397,-1.700162835417636,19.52672009233349,-9.009314101035349,477.5819047422268,-2.613767822991744,-2.552,33.5340144312705,0.1554170907402564,138.5552997108723,135.281,1.382,57.50807834191701,119.0,1.675578064339839,13.0,28.01719241839377,485.2765454637092,1732.067004490845,4809.208672993573,123.1448068945242
2015,,5788.0,6.402739726027397,-1.700162835417636,19.52672009233349,-9.009314101035349,477.5819047422268,-2.613767822991744,-2.552,33.5340144312705,0.1554170907402564,138.5552997108723,135.281,1.382,57.50807834191701,119.0,1.675578064339839,13.0,28.01719241839377,485.2765454637092,1732.067004490845,4809.208672993573,123.1448068945242
2015,,25766.3,6.402739726027397,-1.700162835417636,19.52672009233349,-9.009314101035349,477.5819047422268,-2.613767822991744,-2.552,33.5340144312705,0.1554170907402564,138.5552997108723,135.281,1.382,57.50807834191701,119.0,1.675578064339839,13.0,28.01719241839377,485.2765454637092,1732.067004490845,4809.208672993573,123.1448068945242
2015,,378782.9,6.402739726027397,-1.700162835417636,19.52672009233349,-9.009314101035349,477.5819047422268,-2.613767822991744,-2.552,33.5340144312705,0.1554170907402564,138.5552997108723,135.281,1.382,57.50807834191701,119.0,1.675578064339839,13.0,28.01719241839377,485.2765454637092,1732.067004490845,4809.208672993573,123.1448068945242
2015,,41927.4,6.402739726027397,-1.700162835417636,19.52672009233349,-9.009314101035349,477.5819047422268,-2.613767822991744,-2.552,33.5340144312705,0.1554170907402564,138.5552997108723,135.281,1.382,57.50807834191701,119.0,1.675578064339839,13.0,28.01719241839377,485.2765454637092,1732.067004490845,4809.208672993573,123.1448068945242
2015,,22958.8,6.402739726027397,-1.700162835417636,19.52672009233349,-9.009314101035349,477.5819047422268,-2.613767822991744,-2.552,33.5340144312705,0.1554170907402564,138.5552997108723,135.281,1.382,57.50807834191701,119.0,1.675578064339839,13.0,28.01719241839377,485.2765454637092,1732.067004490845,4809.208672993573,123.1448068945242
2015,,22958.8,6.402739726027397,-1.700162835417636,19.52672009233349,-9.009314101035349,477.5819047422268,-2.613767822991744,-2.552,33.5340144312705,0.1554170907402564,138.5552997108723,135.281,1.382,57.50807834191701,119.0,1.675578064339839,13.0,28.01719241839377,485.2765454637092,1732.067004490845,4809.208672993573,123.1448068945242
2015,,18968.6,6.402739726027397,-1.700162835417636,19.52672009233349,-9.009314101035349,477.5819047422268,-2.613767822991744,-2.552,33.5340144312705,0.1554170907402564,138.5552997108723,135.281,1.382,57.50807834191701,119.0,1.675578064339839,13.0,28.01719241839377,485.2765454637092,1732.067004490845,4809.208672993573,123.1448068945242
2015,,18968.6,6.402739726027397,-1.700162835417636,19.52672009233349,-9.009314101035349,477.5819047422268,-2.613767822991744,-2.552,33.5340144312705,0.1554170907402564,138.5552997108723,135.281,1.382,57.50807834191701,119.0,1.675578064339839,13.0,28.01719241839377,485.2765454637092,1732.067004490845,4809.208672993573,123.1448068945242
2015,,151987.8,6.402739726027397,-1.700162835417636,19.52672009233349,-9.009314101035349,477.5819047422268,-2.613767822991744,-2.552,33.5340144312705,0.1554170907402564,138.5552997108723,135.281,1.382,57.50807834191701,119.0,1.675578064339839,13.0,28.01719241839377,485.2765454637092,1732.067004490845,4809.208672993573,123.1448068945242
2015,,29439.6,6.402739726027397,-1.700162835417636,19.52672009233349,-9.009314101035349,477.5819047422268,-2.613767822991744,-2.552,33.5340144312705,0.1554170907402564,138.5552997108723,135.281,1.382,57.50807834191701,119.0,1.675578064339839,13.0,28.01719241839377,485.2765454637092,1732.067004490845,4809.208672993573,123.1448068945242
2015,,27817.9,6.402739726027397,-1.700162835417636,19.52672009233349,-9.009314101035349,477.5819047422268,-2.613767822991744,-2.552,33.5340144312705,0.1554170907402564,138.5552997108723,135.281,1.382,57.50807834191701,119.0,1.675578064339839,13.0,28.01719241839377,485.2765454637092,1732.067004490845,4809.208672993573,123.1448068945242
2015,,6267.9,6.402739726027397,-1.700162835417636,19.52672009233349,-9.009314101035349,477.5819047422268,-2.613767822991744,-2.552,33.5340144312705,0.1554170907402564,138.5552997108723,135.281,1.382,57.50807834191701,119.0,1.675578064339839,13.0,28.01719241839377,485.2765454637092,1732.067004490845,4809.208672993573,123.1448068945242
2015,,27169.6,6.402739726027397,-1.700162835417636,19.52672009233349,-9.009314101035349,477.5819047422268,-2.613767822991744,-2.552,33.5340144312705,0.1554170907402564,138.5552997108723,135.281,1.382,57.50807834191701,119.0,1.675578064339839,13.0,28.01719241839377,485.2765454637092,1732.067004490845,4809.208672993573,123.1448068945242
2015,,25502.6,6.402739726027397,-1.700162835417636,19.52672009233349,-9.009314101035349,477.5819047422268,-2.613767822991744,-2.552,33.5340144312705,0.1554170907402564,138.5552997108723,135.281,1.382,57.50807834191701,119.0,1.675578064339839,13.0,28.01719241839377,485.2765454637092,1732.067004490845,4809.208672993573,123.1448068945242
2015,,29803.8,6.402739726027397,-1.700162835417636,19.52672009233349,-9.009314101035349,477.5819047422268,-2.613767822991744,-2.552,33.5340144312705,0.1554170907402564,138.5552997108723,135.281,1.382,57.50807834191701,119.0,1.675578064339839,13.0,28.01719241839377,485.2765454637092,1732.067004490845,4809.208672993573,123.1448068945242
2015,,5986.3,6.402739726027397,-1.700162835417636,19.52672009233349,-9.009314101035349,477.5819047422268,-2.613767822991744,-2.552,33.5340144312705,0.1554170907402564,138.5552997108723,135.281,1.382,57.50807834191701,119.0,1.675578064339839,13.0,28.01719241839377,485.2765454637092,1732.067004490845,4809.208672993573,123.1448068945242
2015,,35844.9,6.402739726027397,-1.700162835417636,19.52672009233349,-9.009314101035349,477.5819047422268,-2.613767822991744,-2.552,33.5340144312705,0.1554170907402564,138.5552997108723,135.281,1.382,57.50807834191701,119.0,1.675578064339839,13.0,28.01719241839377,485.2765454637092,1732.067004490845,4809.208672993573,123.1448068945242
2015,,15574.4,6.402739726027397,-1.700162835417636,19.52672009233349,-9.009314101035349,477.5819047422268,-2.613767822991744,-2.552,33.5340144312705,0.1554170907402564,138.5552997108723,135.281,1.382,57.50807834191701,119.0,1.675578064339839,13.0,28.01719241839377,485.2765454637092,1732.067004490845,4809.208672993573,123.1448068945242
2015,,3620.8,6.402739726027397,-1.700162835417636,19.52672009233349,-9.009314101035349,477.5819047422268,-2.613767822991744,-2.552,33.5340144312705,0.1554170907402564,138.5552997108723,135.281,1.382,57.50807834191701,119.0,1.675578064339839,13.0,28.01719241839377,485.2765454637092,1732.067004490845,4809.208672993573,123.1448068945242
2015,,7458.3,6.402739726027397,-1.700162835417636,19.52672009233349,-9.009314101035349,477.5819047422268,-2.613767822991744,-2.552,33.5340144312705,0.1554170907402564,138.5552997108723,135.281,1.382,57.50807834191701,119.0,1.675578064339839,13.0,28.01719241839377,485.2765454637092,1732.067004490845,4809.208672993573,123.1448068945242
2015,,9191.4,6.402739726027397,-1.700162835417636,19.52672009233349,-9.009314101035349,477.5819047422268,-2.613767822991744,-2.552,33.5340144312705,0.1554170907402564,138.5552997108723,135.281,1.382,57.50807834191701,119.0,1.675578064339839,13.0,28.01719241839377,485.2765454637092,1732.067004490845,4809.208672993573,123.1448068945242
2015,,149022.8,6.402739726027397,-1.700162835417636,19.52672009233349,-9.009314101035349,477.5819047422268,-2.613767822991744,-2.552,33.5340144312705,0.1554170907402564,138.5552997108723,135.281,1.382,57.50807834191701,119.0,1.675578064339839,13.0,28.01719241839377,485.2765454637092,1732.067004490845,4809.208672993573,123.1448068945242
2015,,8816.4,6.402739726027397,-1.700162835417636,19.52672009233349,-9.009314101035349,477.5819047422268,-2.613767822991744,-2.552,33.5340144312705,0.1554170907402564,138.5552997108723,135.281,1.382,57.50807834191701,119.0,1.675578064339839,13.0,28.01719241839377,485.2765454637092,1732.067004490845,4809.208672993573,123.1448068945242
2015,,15743.3,6.402739726027397,-1.700162835417636,19.52672009233349,-9.009314101035349,477.5819047422268,-2.613767822991744,-2.552,33.5340144312705,0.1554170907402564,138.5552997108723,135.281,1.382,57.50807834191701,119.0,1.675578064339839,13.0,28.01719241839377,485.2765454637092,1732.067004490845,4809.208672993573,123.1448068945242
2015,,17741.2,6.402739726027397,-1.700162835417636,19.52672009233349,-9.009314101035349,477.5819047422268,-2.613767822991744,-2.552,33.5340144312705,0.1554170907402564,138.5552997108723,135.281,1.382,57.50807834191701,119.0,1.675578064339839,13.0,28.01719241839377,485.2765454637092,1732.067004490845,4809.208672993573,123.1448068945242
2015,,25226.5,6.402739726027397,-1.700162835417636,19.52672009233349,-9.009314101035349,477.5819047422268,-2.613767822991744,-2.552,33.5340144312705,0.1554170907402564,138.5552997108723,135.281,1.382,57.50807834191701,119.0,1.675578064339839,13.0,28.01719241839377,485.2765454637092,1732.067004490845,4809.208672993573,123.1448068945242
2015,,38977.4,6.402739726027397,-1.700162835417636,19.52672009233349,-9.009314101035349,477.5819047422268,-2.613767822991744,-2.552,33.5340144312705,0.1554170907402564,138.5552997108723,135.281,1.382,57.50807834191701,119.0,1.675578064339839,13.0,28.01719241839377,485.2765454637092,1732.067004490845,4809.208672993573,123.1448068945242
2015,,8979.9,6.402739726027397,-1.700162835417636,19.52672009233349,-9.009314101035349,477.5819047422268,-2.613767822991744,-2.552,33.5340144312705,0.1554170907402564,138.5552997108723,135.281,1.382,57.50807834191701,119.0,1.675578064339839,13.0,28.01719241839377,485.2765454637092,1732.067004490845,4809.208672993573,123.1448068945242
2015,,11942.5,6.402739726027397,-1.700162835417636,19.52672009233349,-9.009314101035349,477.5819047422268,-2.613767822991744,-2.552,33.5340144312705,0.1554170907402564,138.5552997108723,135.281,1.382,57.50807834191701,119.0,1.675578064339839,13.0,28.01719241839377,485.2765454637092,1732.067004490845,4809.208672993573,123.1448068945242
2015,,12163.0,6.402739726027397,-1.700162835417636,19.52672009233349,-9.009314101035349,477.5819047422268,-2.613767822991744,-2.552,33.5340144312705,0.1554170907402564,138.5552997108723,135.281,1.382,57.50807834191701,119.0,1.675578064339839,13.0,28.01719241839377,485.2765454637092,1732.067004490845,4809.208672993573,123.1448068945242
2015,,9432.6,6.402739726027397,-1.700162835417636,19.52672009233349,-9.009314101035349,477.5819047422268,-2.613767822991744,-2.552,33.5340144312705,0.1554170907402564,138.5552997108723,135.281,1.382,57.50807834191701,119.0,1.675578064339839,13.0,28.01719241839377,485.2765454637092,1732.067004490845,4809.208672993573,123.1448068945242
2015,,360662.8,6.402739726027397,-1.700162835417636,19.52672009233349,-9.009314101035349,477.5819047422268,-2.613767822991744,-2.552,33.5340144312705,0.1554170907402564,138.5552997108723,135.281,1.382,57.50807834191701,119.0,1.675578064339839,13.0,28.01719241839377,485.2765454637092,1732.067004490845,4809.208672993573,123.1448068945242
2015,,110108.1,6.402739726027397,-1.700162835417636,19.52672009233349,-9.009314101035349,477.5819047422268,-2.613767822991744,-2.552,33.5340144312705,0.1554170907402564,138.5552997108723,135.281,1.382,57.50807834191701,119.0,1.675578064339839,13.0,28.01719241839377,485.2765454637092,1732.067004490845,4809.208672993573,123.1448068945242
2015,,4758.3,6.402739726027397,-1.700162835417636,19.52672009233349,-9.009314101035349,477.5819047422268,-2.613767822991744,-2.552,33.5340144312705,0.1554170907402564,138.5552997108723,135.281,1.382,57.50807834191701,119.0,1.675578064339839,13.0,28.01719241839377,485.2765454637092,1732.067004490845,4809.208672993573,123.1448068945242
2015,,10401.9,6.402739726027397,-1.700162835417636,19.52672009233349,-9.009314101035349,477.5819047422268,-2.613767822991744,-2.552,33.5340144312705,0.1554170907402564,138.5552997108723,135.281,1.382,57.50807834191701,119.0,1.675578064339839,13.0,28.01719241839377,485.2765454637092,1732.067004490845,4809.208672993573,123.1448068945242
2015,,7263.7,6.402739726027397,-1.700162835417636,19.52672009233349,-9.009314101035349,477.5819047422268,-2.613767822991744,-2.552,33.5340144312705,0.1554170907402564,138.5552997108723,135.281,1.382,57.50807834191701,119.0,1.675578064339839,13.0,28.01719241839377,485.2765454637092,1732.067004490845,4809.208672993573,123.1448068945242
2015,,36256.2,6.402739726027397,-1.700162835417636,19.52672009233349,-9.009314101035349,477.5819047422268,-2.613767822991744,-2.552,33.5340144312705,0.1554170907402564,138.5552997108723,135.281,1.382,57.50807834191701,119.0,1.675578064339839,13.0,28.01719241839377,485.2765454637092,1732.067004490845,4809.208672993573,123.1448068945242
2015,,8797.5,6.402739726027397,-1.700162835417636,19.52672009233349,-9.009314101035349,477.5819047422268,-2.613767822991744,-2.552,33.5340144312705,0.1554170907402564,138.5552997108723,135.281,1.382,57.50807834191701,119.0,1.675578064339839,13.0,28.01719241839377,485.2765454637092,1732.067004490845,4809.208672993573,123.1448068945242
2015,,12181.0,6.402739726027397,-1.700162835417636,19.52672009233349,-9.009314101035349,477.5819047422268,-2.613767822991744,-2.552,33.5340144312705,0.1554170907402564,138.5552997108723,135.281,1.382,57.50807834191701,119.0,1.675578064339839,13.0,28.01719241839377,485.2765454637092,1732.067004490845,4809.208672993573,123.1448068945242
2015,,9285.2,6.402739726027397,-1.700162835417636,19.52672009233349,-9.009314101035349,477.5819047422268,-2.613767822991744,-2.552,33.5340144312705,0.1554170907402564,138.5552997108723,135.281,1.382,57.50807834191701,119.0,1.675578064339839,13.0,28.01719241839377,485.2765454637092,1732.067004490845,4809.208672993573,123.1448068945242
2015,,8332.3,6.402739726027397,-1.700162835417636,19.52672009233349,-9.009314101035349,477.5819047422268,-2.613767822991744,-2.552,33.5340144312705,0.1554170907402564,138.5552997108723,135.281,1.382,57.50807834191701,119.0,1.675578064339839,13.0,28.01719241839377,485.2765454637092,1732.067004490845,4809.208672993573,123.1448068945242
2015,,5376.3,6.402739726027397,-1.700162835417636,19.52672009233349,-9.009314101035349,477.5819047422268,-2.613767822991744,-2.552,33.5340144312705,0.1554170907402564,138.5552997108723,135.281,1.382,57.50807834191701,119.0,1.675578064339839,13.0,28.01719241839377,485.2765454637092,1732.067004490845,4809.208672993573,123.1448068945242
2015,,7455.7,6.402739726027397,-1.700162835417636,19.52672009233349,-9.009314101035349,477.5819047422268,-2.613767822991744,-2.552,33.5340144312705,0.1554170907402564,138.5552997108723,135.281,1.382,57.50807834191701,119.0,1.675578064339839,13.0,28.01719241839377,485.2765454637092,1732.067004490845,4809.208672993573,123.1448068945242
2015,,21425.9,6.402739726027397,-1.700162835417636,19.52672009233349,-9.009314101035349,477.5819047422268,-2.613767822991744,-2.552,33.5340144312705,0.1554170907402564,138.5552997108723,135.281,1.382,57.50807834191701,119.0,1.675578064339839,13.0,28.01719241839377,485.2765454637092,1732.067004490845,4809.208672993573,123.1448068945242
2015,,16337.0,6.402739726027397,-1.700162835417636,19.52672009233349,-9.009314101035349,477.5819047422268,-2.613767822991744,-2.552,33.5340144312705,0.1554170907402564,138.5552997108723,135.281,1.382,57.50807834191701,119.0,1.675578064339839,13.0,28.01719241839377,485.2765454637092,1732.067004490845,4809.208672993573,123.1448068945242
2015,,5089.0,6.402739726027397,-1.700162835417636,19.52672009233349,-9.009314101035349,477.5819047422268,-2.613767822991744,-2.552,33.5340144312705,0.1554170907402564,138.5552997108723,135.281,1.382,57.50807834191701,119.0,1.675578064339839,13.0,28.01719241839377,485.2765454637092,1732.067004490845,4809.208672993573,123.1448068945242
2015,,39555.7,6.402739726027397,-1.700162835417636,19.52672009233349,-9.009314101035349,477.5819047422268,-2.613767822991744,-2.552,33.5340144312705,0.1554170907402564,138.5552997108723,135.281,1.382,57.50807834191701,119.0,1.675578064339839,13.0,28.01719241839377,485.2765454637092,1732.067004490845,4809.208672993573,123.1448068945242
2015,,9167.6,6.402739726027397,-1.700162835417636,19.52672009233349,-9.009314101035349,477.5819047422268,-2.613767822991744,-2.552,33.5340144312705,0.1554170907402564,138.5552997108723,135.281,1.382,57.50807834191701,119.0,1.675578064339839,13.0,28.01719241839377,485.2765454637092,1732.067004490845,4809.208672993573,123.1448068945242
2015,,13573.6,6.402739726027397,-1.700162835417636,19.52672009233349,-9.009314101035349,477.5819047422268,-2.613767822991744,-2.552,33.5340144312705,0.1554170907402564,138.5552997108723,135.281,1.382,57.50807834191701,119.0,1.675578064339839,13.0,28.01719241839377,485.2765454637092,1732.067004490845,4809.208672993573,123.1448068945242
2015,,7702.2,6.402739726027397,-1.700162835417636,19.52672009233349,-9.009314101035349,477.5819047422268,-2.613767822991744,-2.552,33.5340144312705,0.1554170907402564,138.5552997108723,135.281,1.382,57.50807834191701,119.0,1.675578064339839,13.0,28.01719241839377,485.2765454637092,1732.067004490845,4809.208672993573,123.1448068945242
2015,,4942.5,6.402739726027397,-1.700162835417636,19.52672009233349,-9.009314101035349,477.5819047422268,-2.613767822991744,-2.552,33.5340144312705,0.1554170907402564,138.5552997108723,135.281,1.382,57.50807834191701,119.0,1.675578064339839,13.0,28.01719241839377,485.2765454637092,1732.067004490845,4809.208672993573,123.1448068945242
2015,,4169.8,6.402739726027397,-1.700162835417636,19.52672009233349,-9.009314101035349,477.5819047422268,-2.613767822991744,-2.552,33.5340144312705,0.1554170907402564,138.5552997108723,135.281,1.382,57.50807834191701,119.0,1.675578064339839,13.0,28.01719241839377,485.2765454637092,1732.067004490845,4809.208672993573,123.1448068945242
2015,,189573.1,6.402739726027397,-1.700162835417636,19.52672009233349,-9.009314101035349,477.5819047422268,-2.613767822991744,-2.552,33.5340144312705,0.1554170907402564,138.5552997108723,135.281,1.382,57.50807834191701,119.0,1.675578064339839,13.0,28.01719241839377,485.2765454637092,1732.067004490845,4809.208672993573,123.1448068945242
2015,,6599.0,6.402739726027397,-1.700162835417636,19.52672009233349,-9.009314101035349,477.5819047422268,-2.613767822991744,-2.552,33.5340144312705,0.1554170907402564,138.5552997108723,135.281,1.382,57.50807834191701,119.0,1.675578064339839,13.0,28.01719241839377,485.2765454637092,1732.067004490845,4809.208672993573,123.1448068945242
2015,,2915.0,6.402739726027397,-1.700162835417636,19.52672009233349,-9.009314101035349,477.5819047422268,-2.613767822991744,-2.552,33.5340144312705,0.1554170907402564,138.5552997108723,135.281,1.382,57.50807834191701,119.0,1.675578064339839,13.0,28.01719241839377,485.2765454637092,1732.067004490845,4809.208672993573,123.1448068945242
2015,,157383.8,6.402739726027397,-1.700162835417636,19.52672009233349,-9.009314101035349,477.5819047422268,-2.613767822991744,-2.552,33.5340144312705,0.1554170907402564,138.5552997108723,135.281,1.382,57.50807834191701,119.0,1.675578064339839,13.0,28.01719241839377,485.2765454637092,1732.067004490845,4809.208672993573,123.1448068945242
2015,,12322.7,6.402739726027397,-1.700162835417636,19.52672009233349,-9.009314101035349,477.5819047422268,-2.613767822991744,-2.552,33.5340144312705,0.1554170907402564,138.5552997108723,135.281,1.382,57.50807834191701,119.0,1.675578064339839,13.0,28.01719241839377,485.2765454637092,1732.067004490845,4809.208672993573,123.1448068945242
2015,,10352.6,6.402739726027397,-1.700162835417636,19.52672009233349,-9.009314101035349,477.5819047422268,-2.613767822991744,-2.552,33.5340144312705,0.1554170907402564,138.5552997108723,135.281,1.382,57.50807834191701,119.0,1.675578064339839,13.0,28.01719241839377,485.2765454637092,1732.067004490845,4809.208672993573,123.1448068945242
2015,,376588.5,6.402739726027397,-1.700162835417636,19.52672009233349,-9.009314101035349,477.5819047422268,-2.613767822991744,-2.552,33.5340144312705,0.1554170907402564,138.5552997108723,135.281,1.382,57.50807834191701,119.0,1.675578064339839,13.0,28.01719241839377,485.2765454637092,1732.067004490845,4809.208672993573,123.1448068945242
2015,,257582.7,6.402739726027397,-1.700162835417636,19.52672009233349,-9.009314101035349,477.5819047422268,-2.613767822991744,-2.552,33.5340144312705,0.1554170907402564,138.5552997108723,135.281,1.382,57.50807834191701,119.0,1.675578064339839,13.0,28.01719241839377,485.2765454637092,1732.067004490845,4809.208672993573,123.1448068945242
2015,,31791.1,6.402739726027397,-1.700162835417636,19.52672009233349,-9.009314101035349,477.5819047422268,-2.613767822991744,-2.552,33.5340144312705,0.1554170907402564,138.5552997108723,135.281,1.382,57.50807834191701,119.0,1.675578064339839,13.0,28.01719241839377,485.2765454637092,1732.067004490845,4809.208672993573,123.1448068945242
2015,,7273.4,6.402739726027397,-1.700162835417636,19.52672009233349,-9.009314101035349,477.5819047422268,-2.613767822991744,-2.552,33.5340144312705,0.1554170907402564,138.5552997108723,135.281,1.382,57.50807834191701,119.0,1.675578064339839,13.0,28.01719241839377,485.2765454637092,1732.067004490845,4809.208672993573,123.1448068945242
2015,,7022.0,6.402739726027397,-1.700162835417636,19.52672009233349,-9.009314101035349,477.5819047422268,-2.613767822991744,-2.552,33.5340144312705,0.1554170907402564,138.5552997108723,135.281,1.382,57.50807834191701,119.0,1.675578064339839,13.0,28.01719241839377,485.2765454637092,1732.067004490845,4809.208672993573,123.1448068945242
2015,,7821.9,6.402739726027397,-1.700162835417636,19.52672009233349,-9.009314101035349,477.5819047422268,-2.613767822991744,-2.552,33.5340144312705,0.1554170907402564,138.5552997108723,135.281,1.382,57.50807834191701,119.0,1.675578064339839,13.0,28.01719241839377,485.2765454637092,1732.067004490845,4809.208672993573,123.1448068945242
2015,,9673.9,6.402739726027397,-1.700162835417636,19.52672009233349,-9.009314101035349,477.5819047422268,-2.613767822991744,-2.552,33.5340144312705,0.1554170907402564,138.5552997108723,135.281,1.382,57.50807834191701,119.0,1.675578064339839,13.0,28.01719241839377,485.2765454637092,1732.067004490845,4809.208672993573,123.1448068945242
2015,,6242.5,6.402739726027397,-1.700162835417636,19.52672009233349,-9.009314101035349,477.5819047422268,-2.613767822991744,-2.552,33.5340144312705,0.1554170907402564,138.5552997108723,135.281,1.382,57.50807834191701,119.0,1.675578064339839,13.0,28.01719241839377,485.2765454637092,1732.067004490845,4809.208672993573,123.1448068945242
2015,,4527.9,6.402739726027397,-1.700162835417636,19.52672009233349,-9.009314101035349,477.5819047422268,-2.613767822991744,-2.552,33.5340144312705,0.1554170907402564,138.5552997108723,135.281,1.382,57.50807834191701,119.0,1.675578064339839,13.0,28.01719241839377,485.2765454637092,1732.067004490845,4809.208672993573,123.1448068945242
2015,,1714.6,6.402739726027397,-1.700162835417636,19.52672009233349,-9.009314101035349,477.5819047422268,-2.613767822991744,-2.552,33.5340144312705,0.1554170907402564,138.5552997108723,135.281,1.382,57.50807834191701,119.0,1.675578064339839,13.0,28.01719241839377,485.2765454637092,1732.067004490845,4809.208672993573,123.1448068945242
2015,,103440.7,6.402739726027397,-1.700162835417636,19.52672009233349,-9.009314101035349,477.5819047422268,-2.613767822991744,-2.552,33.5340144312705,0.1554170907402564,138.5552997108723,135.281,1.382,57.50807834191701,119.0,1.675578064339839,13.0,28.01719241839377,485.2765454637092,1732.067004490845,4809.208672993573,123.1448068945242
2015,,14705.6,6.402739726027397,-1.700162835417636,19.52672009233349,-9.009314101035349,477.5819047422268,-2.613767822991744,-2.552,33.5340144312705,0.1554170907402564,138.5552997108723,135.281,1.382,57.50807834191701,119.0,1.675578064339839,13.0,28.01719241839377,485.2765454637092,1732.067004490845,4809.208672993573,123.1448068945242
2015,,4615.7,6.402739726027397,-1.700162835417636,19.52672009233349,-9.009314101035349,477.5819047422268,-2.613767822991744,-2.552,33.5340144312705,0.1554170907402564,138.5552997108723,135.281,1.382,57.50807834191701,119.0,1.675578064339839,13.0,28.01719241839377,485.2765454637092,1732.067004490845,4809.208672993573,123.1448068945242
2015,,56665.3,6.402739726027397,-1.700162835417636,19.52672009233349,-9.009314101035349,477.5819047422268,-2.613767822991744,-2.552,33.5340144312705,0.1554170907402564,138.5552997108723,135.281,1.382,57.50807834191701,119.0,1.675578064339839,13.0,28.01719241839377,485.2765454637092,1732.067004490845,4809.208672993573,123.1448068945242
2015,,7749.2,6.402739726027397,-1.700162835417636,19.52672009233349,-9.009314101035349,477.5819047422268,-2.613767822991744,-2.552,33.5340144312705,0.1554170907402564,138.5552997108723,135.281,1.382,57.50807834191701,119.0,1.675578064339839,13.0,28.01719241839377,485.2765454637092,1732.067004490845,4809.208672993573,123.1448068945242
2015,,19704.9,6.402739726027397,-1.700162835417636,19.52672009233349,-9.009314101035349,477.5819047422268,-2.613767822991744,-2.552,33.5340144312705,0.1554170907402564,138.5552997108723,135.281,1.382,57.50807834191701,119.0,1.675578064339839,13.0,28.01719241839377,485.2765454637092,1732.067004490845,4809.208672993573,123.1448068945242
2015,,71883.2,6.402739726027397,-1.700162835417636,19.52672009233349,-9.009314101035349,477.5819047422268,-2.613767822991744,-2.552,33.5340144312705,0.1554170907402564,138.5552997108723,135.281,1.382,57.50807834191701,119.0,1.675578064339839,13.0,28.01719241839377,485.2765454637092,1732.067004490845,4809.208672993573,123.1448068945242
2015,,10731.0,6.402739726027397,-1.700162835417636,19.52672009233349,-9.009314101035349,477.5819047422268,-2.613767822991744,-2.552,33.5340144312705,0.1554170907402564,138.5552997108723,135.281,1.382,57.50807834191701,119.0,1.675578064339839,13.0,28.01719241839377,485.2765454637092,1732.067004490845,4809.208672993573,123.1448068945242
2015,,25619.7,6.402739726027397,-1.700162835417636,19.52672009233349,-9.009314101035349,477.5819047422268,-2.613767822991744,-2.552,33.5340144312705,0.1554170907402564,138.5552997108723,135.281,1.382,57.50807834191701,119.0,1.675578064339839,13.0,28.01719241839377,485.2765454637092,1732.067004490845,4809.208672993573,123.1448068945242
2015,,9835.6,6.402739726027397,-1.700162835417636,19.52672009233349,-9.009314101035349,477.5819047422268,-2.613767822991744,-2.552,33.5340144312705,0.1554170907402564,138.5552997108723,135.281,1.382,57.50807834191701,119.0,1.675578064339839,13.0,28.01719241839377,485.2765454637092,1732.067004490845,4809.208672993573,123.1448068945242
2015,,6942.9,6.402739726027397,-1.700162835417636,19.52672009233349,-9.009314101035349,477.5819047422268,-2.613767822991744,-2.552,33.5340144312705,0.1554170907402564,138.5552997108723,135.281,1.382,57.50807834191701,119.0,1.675578064339839,13.0,28.01719241839377,485.2765454637092,1732.067004490845,4809.208672993573,123.1448068945242
2015,,12811.8,6.402739726027397,-1.700162835417636,19.52672009233349,-9.009314101035349,477.5819047422268,-2.613767822991744,-2.552,33.5340144312705,0.1554170907402564,138.5552997108723,135.281,1.382,57.50807834191701,119.0,1.675578064339839,13.0,28.01719241839377,485.2765454637092,1732.067004490845,4809.208672993573,123.1448068945242
2015,,5942.2,6.402739726027397,-1.700162835417636,19.52672009233349,-9.009314101035349,477.5819047422268,-2.613767822991744,-2.552,33.5340144312705,0.1554170907402564,138.5552997108723,135.281,1.382,57.50807834191701,119.0,1.675578064339839,13.0,28.01719241839377,485.2765454637092,1732.067004490845,4809.208672993573,123.1448068945242
2015,,11980.7,6.402739726027397,-1.700162835417636,19.52672009233349,-9.009314101035349,477.5819047422268,-2.613767822991744,-2.552,33.5340144312705,0.1554170907402564,138.5552997108723,135.281,1.382,57.50807834191701,119.0,1.675578064339839,13.0,28.01719241839377,485.2765454637092,1732.067004490845,4809.208672993573,123.1448068945242
2015,,8411.9,6.402739726027397,-1.700162835417636,19.52672009233349,-9.009314101035349,477.5819047422268,-2.613767822991744,-2.552,33.5340144312705,0.1554170907402564,138.5552997108723,135.281,1.382,57.50807834191701,119.0,1.675578064339839,13.0,28.01719241839377,485.2765454637092,1732.067004490845,4809.208672993573,123.1448068945242
2015,,3568.8,6.402739726027397,-1.700162835417636,19.52672009233349,-9.009314101035349,477.5819047422268,-2.613767822991744,-2.552,33.5340144312705,0.1554170907402564,138.5552997108723,135.281,1.382,57.50807834191701,119.0,1.675578064339839,13.0,28.01719241839377,485.2765454637092,1732.067004490845,4809.208672993573,123.1448068945242
2015,,32244.5,6.402739726027397,-1.700162835417636,19.52672009233349,-9.009314101035349,477.5819047422268,-2.613767822991744,-2.552,33.5340144312705,0.1554170907402564,138.5552997108723,135.281,1.382,57.50807834191701,119.0,1.675578064339839,13.0,28.01719241839377,485.2765454637092,1732.067004490845,4809.208672993573,123.1448068945242
2015,,10887.7,6.402739726027397,-1.700162835417636,19.52672009233349,-9.009314101035349,477.5819047422268,-2.613767822991744,-2.552,33.5340144312705,0.1554170907402564,138.5552997108723,135.281,1.382,57.50807834191701,119.0,1.675578064339839,13.0,28.01719241839377,485.2765454637092,1732.067004490845,4809.208672993573,123.1448068945242
2015,,6698.2,6.402739726027397,-1.700162835417636,19.52672009233349,-9.009314101035349,477.5819047422268,-2.613767822991744,-2.552,33.5340144312705,0.1554170907402564,138.5552997108723,135.281,1.382,57.50807834191701,119.0,1.675578064339839,13.0,28.01719241839377,485.2765454637092,1732.067004490845,4809.208672993573,123.1448068945242
2015,,9358.3,6.402739726027397,-1.700162835417636,19.52672009233349,-9.009314101035349,477.5819047422268,-2.613767822991744,-2.552,33.5340144312705,0.1554170907402564,138.5552997108723,135.281,1.382,57.50807834191701,119.0,1.675578064339839,13.0,28.01719241839377,485.2765454637092,1732.067004490845,4809.208672993573,123.1448068945242
2015,,2800.0,6.402739726027397,-1.700162835417636,19.52672009233349,-9.009314101035349,477.5819047422268,-2.613767822991744,-2.552,33.5340144312705,0.1554170907402564,138.5552997108723,135.281,1.382,57.50807834191701,119.0,1.675578064339839,13.0,28.01719241839377,485.2765454637092,1732.067004490845,4809.208672993573,123.1448068945242
2015,,2500.2,6.402739726027397,-1.700162835417636,19.52672009233349,-9.009314101035349,477.5819047422268,-2.613767822991744,-2.552,33.5340144312705,0.1554170907402564,138.5552997108723,135.281,1.382,57.50807834191701,119.0,1.675578064339839,13.0,28.01719241839377,485.2765454637092,1732.067004490845,4809.208672993573,123.1448068945242
2015,,119005.8,6.402739726027397,-1.700162835417636,19.52672009233349,-9.009314101035349,477.5819047422268,-2.613767822991744,-2.552,33.5340144312705,0.1554170907402564,138.5552997108723,135.281,1.382,57.50807834191701,119.0,1.675578064339839,13.0,28.01719241839377,485.2765454637092,1732.067004490845,4809.208672993573,123.1448068945242
2015,,85496.0,6.402739726027397,-1.700162835417636,19.52672009233349,-9.009314101035349,477.5819047422268,-2.613767822991744,-2.552,33.5340144312705,0.1554170907402564,138.5552997108723,135.281,1.382,57.50807834191701,119.0,1.675578064339839,13.0,28.01719241839377,485.2765454637092,1732.067004490845,4809.208672993573,123.1448068945242
2015,,6791.2,6.402739726027397,-1.700162835417636,19.52672009233349,-9.009314101035349,477.5819047422268,-2.613767822991744,-2.552,33.5340144312705,0.1554170907402564,138.5552997108723,135.281,1.382,57.50807834191701,119.0,1.675578064339839,13.0,28.01719241839377,485.2765454637092,1732.067004490845,4809.208672993573,123.1448068945242
2015,,22808.0,6.402739726027397,-1.700162835417636,19.52672009233349,-9.009314101035349,477.5819047422268,-2.613767822991744,-2.552,33.5340144312705,0.1554170907402564,138.5552997108723,135.281,1.382,57.50807834191701,119.0,1.675578064339839,13.0,28.01719241839377,485.2765454637092,1732.067004490845,4809.208672993573,123.1448068945242
2015,,10892.3,6.402739726027397,-1.700162835417636,19.52672009233349,-9.009314101035349,477.5819047422268,-2.613767822991744,-2.552,33.5340144312705,0.1554170907402564,138.5552997108723,135.281,1.382,57.50807834191701,119.0,1.675578064339839,13.0,28.01719241839377,485.2765454637092,1732.067004490845,4809.208672993573,123.1448068945242
2015,,6529.3,6.402739726027397,-1.700162835417636,19.52672009233349,-9.009314101035349,477.5819047422268,-2.613767822991744,-2.552,33.5340144312705,0.1554170907402564,138.5552997108723,135.281,1.382,57.50807834191701,119.0,1.675578064339839,13.0,28.01719241839377,485.2765454637092,1732.067004490845,4809.208672993573,123.1448068945242
2015,,4039.9,6.402739726027397,-1.700162835417636,19.52672009233349,-9.009314101035349,477.5819047422268,-2.613767822991744,-2.552,33.5340144312705,0.1554170907402564,138.5552997108723,135.281,1.382,57.50807834191701,119.0,1.675578064339839,13.0,28.01719241839377,485.2765454637092,1732.067004490845,4809.208672993573,123.1448068945242
2015,,2461.4,6.402739726027397,-1.700162835417636,19.52672009233349,-9.009314101035349,477.5819047422268,-2.613767822991744,-2.552,33.5340144312705,0.1554170907402564,138.5552997108723,135.281,1.382,57.50807834191701,119.0,1.675578064339839,13.0,28.01719241839377,485.2765454637092,1732.067004490845,4809.208672993573,123.1448068945242
2015,,19266.0,6.402739726027397,-1.700162835417636,19.52672009233349,-9.009314101035349,477.5819047422268,-2.613767822991744,-2.552,33.5340144312705,0.1554170907402564,138.5552997108723,135.281,1.382,57.50807834191701,119.0,1.675578064339839,13.0,28.01719241839377,485.2765454637092,1732.067004490845,4809.208672993573,123.1448068945242
2015,,5453.3,6.402739726027397,-1.700162835417636,19.52672009233349,-9.009314101035349,477.5819047422268,-2.613767822991744,-2.552,33.5340144312705,0.1554170907402564,138.5552997108723,135.281,1.382,57.50807834191701,119.0,1.675578064339839,13.0,28.01719241839377,485.2765454637092,1732.067004490845,4809.208672993573,123.1448068945242
2015,,7254.7,6.402739726027397,-1.700162835417636,19.52672009233349,-9.009314101035349,477.5819047422268,-2.613767822991744,-2.552,33.5340144312705,0.1554170907402564,138.5552997108723,135.281,1.382,57.50807834191701,119.0,1.675578064339839,13.0,28.01719241839377,485.2765454637092,1732.067004490845,4809.208672993573,123.1448068945242
2015,,33509.8,6.402739726027397,-1.700162835417636,19.52672009233349,-9.009314101035349,477.5819047422268,-2.613767822991744,-2.552,33.5340144312705,0.1554170907402564,138.5552997108723,135.281,1.382,57.50807834191701,119.0,1.675578064339839,13.0,28.01719241839377,485.2765454637092,1732.067004490845,4809.208672993573,123.1448068945242
2015,,9970.6,6.402739726027397,-1.700162835417636,19.52672009233349,-9.009314101035349,477.5819047422268,-2.613767822991744,-2.552,33.5340144312705,0.1554170907402564,138.5552997108723,135.281,1.382,57.50807834191701,119.0,1.675578064339839,13.0,28.01719241839377,485.2765454637092,1732.067004490845,4809.208672993573,123.1448068945242
2015,,3883.5,6.402739726027397,-1.700162835417636,19.52672009233349,-9.009314101035349,477.5819047422268,-2.613767822991744,-2.552,33.5340144312705,0.1554170907402564,138.5552997108723,135.281,1.382,57.50807834191701,119.0,1.675578064339839,13.0,28.01719241839377,485.2765454637092,1732.067004490845,4809.208672993573,123.1448068945242
2015,,11583.5,6.402739726027397,-1.700162835417636,19.52672009233349,-9.009314101035349,477.5819047422268,-2.613767822991744,-2.552,33.5340144312705,0.1554170907402564,138.5552997108723,135.281,1.382,57.50807834191701,119.0,1.675578064339839,13.0,28.01719241839377,485.2765454637092,1732.067004490845,4809.208672993573,123.1448068945242
2015,,2607.2,6.402739726027397,-1.700162835417636,19.52672009233349,-9.009314101035349,477.5819047422268,-2.613767822991744,-2.552,33.5340144312705,0.1554170907402564,138.5552997108723,135.281,1.382,57.50807834191701,119.0,1.675578064339839,13.0,28.01719241839377,485.2765454637092,1732.067004490845,4809.208672993573,123.1448068945242
2015,,5465.0,6.402739726027397,-1.700162835417636,19.52672009233349,-9.009314101035349,477.5819047422268,-2.613767822991744,-2.552,33.5340144312705,0.1554170907402564,138.5552997108723,135.281,1.382,57.50807834191701,119.0,1.675578064339839,13.0,28.01719241839377,485.2765454637092,1732.067004490845,4809.208672993573,123.1448068945242
2015,,1077.2,6.402739726027397,-1.700162835417636,19.52672009233349,-9.009314101035349,477.5819047422268,-2.613767822991744,-2.552,33.5340144312705,0.1554170907402564,138.5552997108723,135.281,1.382,57.50807834191701,119.0,1.675578064339839,13.0,28.01719241839377,485.2765454637092,1732.067004490845,4809.208672993573,123.1448068945242
2016,,1704856.7,6.542465753424658,-2.197315102495459,18.87558018704538,-8.486830367903202,475.8308781771353,-2.500185004946188,-2.404,32.22432971202899,0.1503420216244363,140.1778019516102,134.785,1.336,50.61382018597959,114.9,1.627093736459906,13.0,34.36507155559929,558.4675330548371,1625.102197594123,4901.56342381876,117.0261365004929
2016,,1323119.5,6.542465753424658,-2.197315102495459,18.87558018704538,-8.486830367903202,475.8308781771353,-2.500185004946188,-2.404,32.22432971202899,0.1503420216244363,140.1778019516102,134.785,1.336,50.61382018597959,114.9,1.627093736459906,13.0,34.36507155559929,558.4675330548371,1625.102197594123,4901.56342381876,117.0261365004929
2016,,950898.3,6.542465753424658,-2.197315102495459,18.87558018704538,-8.486830367903202,475.8308781771353,-2.500185004946188,-2.404,32.22432971202899,0.1503420216244363,140.1778019516102,134.785,1.336,50.61382018597959,114.9,1.627093736459906,13.0,34.36507155559929,558.4675330548371,1625.102197594123,4901.56342381876,117.0261365004929
2016,,560954.4,6.542465753424658,-2.197315102495459,18.87558018704538,-8.486830367903202,475.8308781771353,-2.500185004946188,-2.404,32.22432971202899,0.1503420216244363,140.1778019516102,134.785,1.336,50.61382018597959,114.9,1.627093736459906,13.0,34.36507155559929,558.4675330548371,1625.102197594123,4901.56342381876,117.0261365004929
2016,,128292.3,6.542465753424658,-2.197315102495459,18.87558018704538,-8.486830367903202,475.8308781771353,-2.500185004946188,-2.404,32.22432971202899,0.1503420216244363,140.1778019516102,134.785,1.336,50.61382018597959,114.9,1.627093736459906,13.0,34.36507155559929,558.4675330548371,1625.102197594123,4901.56342381876,117.0261365004929
2016,,69439.4,6.542465753424658,-2.197315102495459,18.87558018704538,-8.486830367903202,475.8308781771353,-2.500185004946188,-2.404,32.22432971202899,0.1503420216244363,140.1778019516102,134.785,1.336,50.61382018597959,114.9,1.627093736459906,13.0,34.36507155559929,558.4675330548371,1625.102197594123,4901.56342381876,117.0261365004929
2016,,4637.0,6.542465753424658,-2.197315102495459,18.87558018704538,-8.486830367903202,475.8308781771353,-2.500185004946188,-2.404,32.22432971202899,0.1503420216244363,140.1778019516102,134.785,1.336,50.61382018597959,114.9,1.627093736459906,13.0,34.36507155559929,558.4675330548371,1625.102197594123,4901.56342381876,117.0261365004929
2016,,10644.6,6.542465753424658,-2.197315102495459,18.87558018704538,-8.486830367903202,475.8308781771353,-2.500185004946188,-2.404,32.22432971202899,0.1503420216244363,140.1778019516102,134.785,1.336,50.61382018597959,114.9,1.627093736459906,13.0,34.36507155559929,558.4675330548371,1625.102197594123,4901.56342381876,117.0261365004929
2016,,18109.7,6.542465753424658,-2.197315102495459,18.87558018704538,-8.486830367903202,475.8308781771353,-2.500185004946188,-2.404,32.22432971202899,0.1503420216244363,140.1778019516102,134.785,1.336,50.61382018597959,114.9,1.627093736459906,13.0,34.36507155559929,558.4675330548371,1625.102197594123,4901.56342381876,117.0261365004929
2016,,5411.1,6.542465753424658,-2.197315102495459,18.87558018704538,-8.486830367903202,475.8308781771353,-2.500185004946188,-2.404,32.22432971202899,0.1503420216244363,140.1778019516102,134.785,1.336,50.61382018597959,114.9,1.627093736459906,13.0,34.36507155559929,558.4675330548371,1625.102197594123,4901.56342381876,117.0261365004929
2016,,11589.5,6.542465753424658,-2.197315102495459,18.87558018704538,-8.486830367903202,475.8308781771353,-2.500185004946188,-2.404,32.22432971202899,0.1503420216244363,140.1778019516102,134.785,1.336,50.61382018597959,114.9,1.627093736459906,13.0,34.36507155559929,558.4675330548371,1625.102197594123,4901.56342381876,117.0261365004929
2016,,4693.7,6.542465753424658,-2.197315102495459,18.87558018704538,-8.486830367903202,475.8308781771353,-2.500185004946188,-2.404,32.22432971202899,0.1503420216244363,140.1778019516102,134.785,1.336,50.61382018597959,114.9,1.627093736459906,13.0,34.36507155559929,558.4675330548371,1625.102197594123,4901.56342381876,117.0261365004929
2016,,3767.3,6.542465753424658,-2.197315102495459,18.87558018704538,-8.486830367903202,475.8308781771353,-2.500185004946188,-2.404,32.22432971202899,0.1503420216244363,140.1778019516102,134.785,1.336,50.61382018597959,114.9,1.627093736459906,13.0,34.36507155559929,558.4675330548371,1625.102197594123,4901.56342381876,117.0261365004929
2016,,4598.6,6.542465753424658,-2.197315102495459,18.87558018704538,-8.486830367903202,475.8308781771353,-2.500185004946188,-2.404,32.22432971202899,0.1503420216244363,140.1778019516102,134.785,1.336,50.61382018597959,114.9,1.627093736459906,13.0,34.36507155559929,558.4675330548371,1625.102197594123,4901.56342381876,117.0261365004929
2016,,4598.6,6.542465753424658,-2.197315102495459,18.87558018704538,-8.486830367903202,475.8308781771353,-2.500185004946188,-2.404,32.22432971202899,0.1503420216244363,140.1778019516102,134.785,1.336,50.61382018597959,114.9,1.627093736459906,13.0,34.36507155559929,558.4675330548371,1625.102197594123,4901.56342381876,117.0261365004929
2016,,47673.0,6.542465753424658,-2.197315102495459,18.87558018704538,-8.486830367903202,475.8308781771353,-2.500185004946188,-2.404,32.22432971202899,0.1503420216244363,140.1778019516102,134.785,1.336,50.61382018597959,114.9,1.627093736459906,13.0,34.36507155559929,558.4675330548371,1625.102197594123,4901.56342381876,117.0261365004929
2016,,5015.7,6.542465753424658,-2.197315102495459,18.87558018704538,-8.486830367903202,475.8308781771353,-2.500185004946188,-2.404,32.22432971202899,0.1503420216244363,140.1778019516102,134.785,1.336,50.61382018597959,114.9,1.627093736459906,13.0,34.36507155559929,558.4675330548371,1625.102197594123,4901.56342381876,117.0261365004929
2016,,7523.5,6.542465753424658,-2.197315102495459,18.87558018704538,-8.486830367903202,475.8308781771353,-2.500185004946188,-2.404,32.22432971202899,0.1503420216244363,140.1778019516102,134.785,1.336,50.61382018597959,114.9,1.627093736459906,13.0,34.36507155559929,558.4675330548371,1625.102197594123,4901.56342381876,117.0261365004929
2016,,28586.2,6.542465753424658,-2.197315102495459,18.87558018704538,-8.486830367903202,475.8308781771353,-2.500185004946188,-2.404,32.22432971202899,0.1503420216244363,140.1778019516102,134.785,1.336,50.61382018597959,114.9,1.627093736459906,13.0,34.36507155559929,558.4675330548371,1625.102197594123,4901.56342381876,117.0261365004929
2016,,6547.5,6.542465753424658,-2.197315102495459,18.87558018704538,-8.486830367903202,475.8308781771353,-2.500185004946188,-2.404,32.22432971202899,0.1503420216244363,140.1778019516102,134.785,1.336,50.61382018597959,114.9,1.627093736459906,13.0,34.36507155559929,558.4675330548371,1625.102197594123,4901.56342381876,117.0261365004929
2016,,380390.4,6.542465753424658,-2.197315102495459,18.87558018704538,-8.486830367903202,475.8308781771353,-2.500185004946188,-2.404,32.22432971202899,0.1503420216244363,140.1778019516102,134.785,1.336,50.61382018597959,114.9,1.627093736459906,13.0,34.36507155559929,558.4675330548371,1625.102197594123,4901.56342381876,117.0261365004929
2016,,26147.9,6.542465753424658,-2.197315102495459,18.87558018704538,-8.486830367903202,475.8308781771353,-2.500185004946188,-2.404,32.22432971202899,0.1503420216244363,140.1778019516102,134.785,1.336,50.61382018597959,114.9,1.627093736459906,13.0,34.36507155559929,558.4675330548371,1625.102197594123,4901.56342381876,117.0261365004929
2016,,16896.8,6.542465753424658,-2.197315102495459,18.87558018704538,-8.486830367903202,475.8308781771353,-2.500185004946188,-2.404,32.22432971202899,0.1503420216244363,140.1778019516102,134.785,1.336,50.61382018597959,114.9,1.627093736459906,13.0,34.36507155559929,558.4675330548371,1625.102197594123,4901.56342381876,117.0261365004929
2016,,5289.9,6.542465753424658,-2.197315102495459,18.87558018704538,-8.486830367903202,475.8308781771353,-2.500185004946188,-2.404,32.22432971202899,0.1503420216244363,140.1778019516102,134.785,1.336,50.61382018597959,114.9,1.627093736459906,13.0,34.36507155559929,558.4675330548371,1625.102197594123,4901.56342381876,117.0261365004929
2016,,175012.8,6.542465753424658,-2.197315102495459,18.87558018704538,-8.486830367903202,475.8308781771353,-2.500185004946188,-2.404,32.22432971202899,0.1503420216244363,140.1778019516102,134.785,1.336,50.61382018597959,114.9,1.627093736459906,13.0,34.36507155559929,558.4675330548371,1625.102197594123,4901.56342381876,117.0261365004929
2016,,35990.2,6.542465753424658,-2.197315102495459,18.87558018704538,-8.486830367903202,475.8308781771353,-2.500185004946188,-2.404,32.22432971202899,0.1503420216244363,140.1778019516102,134.785,1.336,50.61382018597959,114.9,1.627093736459906,13.0,34.36507155559929,558.4675330548371,1625.102197594123,4901.56342381876,117.0261365004929
2016,,41576.2,6.542465753424658,-2.197315102495459,18.87558018704538,-8.486830367903202,475.8308781771353,-2.500185004946188,-2.404,32.22432971202899,0.1503420216244363,140.1778019516102,134.785,1.336,50.61382018597959,114.9,1.627093736459906,13.0,34.36507155559929,558.4675330548371,1625.102197594123,4901.56342381876,117.0261365004929
2016,,13015.7,6.542465753424658,-2.197315102495459,18.87558018704538,-8.486830367903202,475.8308781771353,-2.500185004946188,-2.404,32.22432971202899,0.1503420216244363,140.1778019516102,134.785,1.336,50.61382018597959,114.9,1.627093736459906,13.0,34.36507155559929,558.4675330548371,1625.102197594123,4901.56342381876,117.0261365004929
2016,,10865.0,6.542465753424658,-2.197315102495459,18.87558018704538,-8.486830367903202,475.8308781771353,-2.500185004946188,-2.404,32.22432971202899,0.1503420216244363,140.1778019516102,134.785,1.336,50.61382018597959,114.9,1.627093736459906,13.0,34.36507155559929,558.4675330548371,1625.102197594123,4901.56342381876,117.0261365004929
2016,,12582.9,6.542465753424658,-2.197315102495459,18.87558018704538,-8.486830367903202,475.8308781771353,-2.500185004946188,-2.404,32.22432971202899,0.1503420216244363,140.1778019516102,134.785,1.336,50.61382018597959,114.9,1.627093736459906,13.0,34.36507155559929,558.4675330548371,1625.102197594123,4901.56342381876,117.0261365004929
2016,,10268.9,6.542465753424658,-2.197315102495459,18.87558018704538,-8.486830367903202,475.8308781771353,-2.500185004946188,-2.404,32.22432971202899,0.1503420216244363,140.1778019516102,134.785,1.336,50.61382018597959,114.9,1.627093736459906,13.0,34.36507155559929,558.4675330548371,1625.102197594123,4901.56342381876,117.0261365004929
2016,,6092.4,6.542465753424658,-2.197315102495459,18.87558018704538,-8.486830367903202,475.8308781771353,-2.500185004946188,-2.404,32.22432971202899,0.1503420216244363,140.1778019516102,134.785,1.336,50.61382018597959,114.9,1.627093736459906,13.0,34.36507155559929,558.4675330548371,1625.102197594123,4901.56342381876,117.0261365004929
2016,,26651.7,6.542465753424658,-2.197315102495459,18.87558018704538,-8.486830367903202,475.8308781771353,-2.500185004946188,-2.404,32.22432971202899,0.1503420216244363,140.1778019516102,134.785,1.336,50.61382018597959,114.9,1.627093736459906,13.0,34.36507155559929,558.4675330548371,1625.102197594123,4901.56342381876,117.0261365004929
2016,,389943.9,6.542465753424658,-2.197315102495459,18.87558018704538,-8.486830367903202,475.8308781771353,-2.500185004946188,-2.404,32.22432971202899,0.1503420216244363,140.1778019516102,134.785,1.336,50.61382018597959,114.9,1.627093736459906,13.0,34.36507155559929,558.4675330548371,1625.102197594123,4901.56342381876,117.0261365004929
2016,,42796.5,6.542465753424658,-2.197315102495459,18.87558018704538,-8.486830367903202,475.8308781771353,-2.500185004946188,-2.404,32.22432971202899,0.1503420216244363,140.1778019516102,134.785,1.336,50.61382018597959,114.9,1.627093736459906,13.0,34.36507155559929,558.4675330548371,1625.102197594123,4901.56342381876,117.0261365004929
2016,,23518.4,6.542465753424658,-2.197315102495459,18.87558018704538,-8.486830367903202,475.8308781771353,-2.500185004946188,-2.404,32.22432971202899,0.1503420216244363,140.1778019516102,134.785,1.336,50.61382018597959,114.9,1.627093736459906,13.0,34.36507155559929,558.4675330548371,1625.102197594123,4901.56342381876,117.0261365004929
2016,,23518.4,6.542465753424658,-2.197315102495459,18.87558018704538,-8.486830367903202,475.8308781771353,-2.500185004946188,-2.404,32.22432971202899,0.1503420216244363,140.1778019516102,134.785,1.336,50.61382018597959,114.9,1.627093736459906,13.0,34.36507155559929,558.4675330548371,1625.102197594123,4901.56342381876,117.0261365004929
2016,,19278.1,6.542465753424658,-2.197315102495459,18.87558018704538,-8.486830367903202,475.8308781771353,-2.500185004946188,-2.404,32.22432971202899,0.1503420216244363,140.1778019516102,134.785,1.336,50.61382018597959,114.9,1.627093736459906,13.0,34.36507155559929,558.4675330548371,1625.102197594123,4901.56342381876,117.0261365004929
2016,,19278.1,6.542465753424658,-2.197315102495459,18.87558018704538,-8.486830367903202,475.8308781771353,-2.500185004946188,-2.404,32.22432971202899,0.1503420216244363,140.1778019516102,134.785,1.336,50.61382018597959,114.9,1.627093736459906,13.0,34.36507155559929,558.4675330548371,1625.102197594123,4901.56342381876,117.0261365004929
2016,,157062.5,6.542465753424658,-2.197315102495459,18.87558018704538,-8.486830367903202,475.8308781771353,-2.500185004946188,-2.404,32.22432971202899,0.1503420216244363,140.1778019516102,134.785,1.336,50.61382018597959,114.9,1.627093736459906,13.0,34.36507155559929,558.4675330548371,1625.102197594123,4901.56342381876,117.0261365004929
2016,,30595.9,6.542465753424658,-2.197315102495459,18.87558018704538,-8.486830367903202,475.8308781771353,-2.500185004946188,-2.404,32.22432971202899,0.1503420216244363,140.1778019516102,134.785,1.336,50.61382018597959,114.9,1.627093736459906,13.0,34.36507155559929,558.4675330548371,1625.102197594123,4901.56342381876,117.0261365004929
2016,,28486.8,6.542465753424658,-2.197315102495459,18.87558018704538,-8.486830367903202,475.8308781771353,-2.500185004946188,-2.404,32.22432971202899,0.1503420216244363,140.1778019516102,134.785,1.336,50.61382018597959,114.9,1.627093736459906,13.0,34.36507155559929,558.4675330548371,1625.102197594123,4901.56342381876,117.0261365004929
2016,,6524.5,6.542465753424658,-2.197315102495459,18.87558018704538,-8.486830367903202,475.8308781771353,-2.500185004946188,-2.404,32.22432971202899,0.1503420216244363,140.1778019516102,134.785,1.336,50.61382018597959,114.9,1.627093736459906,13.0,34.36507155559929,558.4675330548371,1625.102197594123,4901.56342381876,117.0261365004929
2016,,28380.6,6.542465753424658,-2.197315102495459,18.87558018704538,-8.486830367903202,475.8308781771353,-2.500185004946188,-2.404,32.22432971202899,0.1503420216244363,140.1778019516102,134.785,1.336,50.61382018597959,114.9,1.627093736459906,13.0,34.36507155559929,558.4675330548371,1625.102197594123,4901.56342381876,117.0261365004929
2016,,26176.9,6.542465753424658,-2.197315102495459,18.87558018704538,-8.486830367903202,475.8308781771353,-2.500185004946188,-2.404,32.22432971202899,0.1503420216244363,140.1778019516102,134.785,1.336,50.61382018597959,114.9,1.627093736459906,13.0,34.36507155559929,558.4675330548371,1625.102197594123,4901.56342381876,117.0261365004929
2016,,30919.3,6.542465753424658,-2.197315102495459,18.87558018704538,-8.486830367903202,475.8308781771353,-2.500185004946188,-2.404,32.22432971202899,0.1503420216244363,140.1778019516102,134.785,1.336,50.61382018597959,114.9,1.627093736459906,13.0,34.36507155559929,558.4675330548371,1625.102197594123,4901.56342381876,117.0261365004929
2016,,5978.6,6.542465753424658,-2.197315102495459,18.87558018704538,-8.486830367903202,475.8308781771353,-2.500185004946188,-2.404,32.22432971202899,0.1503420216244363,140.1778019516102,134.785,1.336,50.61382018597959,114.9,1.627093736459906,13.0,34.36507155559929,558.4675330548371,1625.102197594123,4901.56342381876,117.0261365004929
2016,,36301.7,6.542465753424658,-2.197315102495459,18.87558018704538,-8.486830367903202,475.8308781771353,-2.500185004946188,-2.404,32.22432971202899,0.1503420216244363,140.1778019516102,134.785,1.336,50.61382018597959,114.9,1.627093736459906,13.0,34.36507155559929,558.4675330548371,1625.102197594123,4901.56342381876,117.0261365004929
2016,,15684.6,6.542465753424658,-2.197315102495459,18.87558018704538,-8.486830367903202,475.8308781771353,-2.500185004946188,-2.404,32.22432971202899,0.1503420216244363,140.1778019516102,134.785,1.336,50.61382018597959,114.9,1.627093736459906,13.0,34.36507155559929,558.4675330548371,1625.102197594123,4901.56342381876,117.0261365004929
2016,,3752.6,6.542465753424658,-2.197315102495459,18.87558018704538,-8.486830367903202,475.8308781771353,-2.500185004946188,-2.404,32.22432971202899,0.1503420216244363,140.1778019516102,134.785,1.336,50.61382018597959,114.9,1.627093736459906,13.0,34.36507155559929,558.4675330548371,1625.102197594123,4901.56342381876,117.0261365004929
2016,,7538.6,6.542465753424658,-2.197315102495459,18.87558018704538,-8.486830367903202,475.8308781771353,-2.500185004946188,-2.404,32.22432971202899,0.1503420216244363,140.1778019516102,134.785,1.336,50.61382018597959,114.9,1.627093736459906,13.0,34.36507155559929,558.4675330548371,1625.102197594123,4901.56342381876,117.0261365004929
2016,,9325.9,6.542465753424658,-2.197315102495459,18.87558018704538,-8.486830367903202,475.8308781771353,-2.500185004946188,-2.404,32.22432971202899,0.1503420216244363,140.1778019516102,134.785,1.336,50.61382018597959,114.9,1.627093736459906,13.0,34.36507155559929,558.4675330548371,1625.102197594123,4901.56342381876,117.0261365004929
2016,,153783.3,6.542465753424658,-2.197315102495459,18.87558018704538,-8.486830367903202,475.8308781771353,-2.500185004946188,-2.404,32.22432971202899,0.1503420216244363,140.1778019516102,134.785,1.336,50.61382018597959,114.9,1.627093736459906,13.0,34.36507155559929,558.4675330548371,1625.102197594123,4901.56342381876,117.0261365004929
2016,,8932.5,6.542465753424658,-2.197315102495459,18.87558018704538,-8.486830367903202,475.8308781771353,-2.500185004946188,-2.404,32.22432971202899,0.1503420216244363,140.1778019516102,134.785,1.336,50.61382018597959,114.9,1.627093736459906,13.0,34.36507155559929,558.4675330548371,1625.102197594123,4901.56342381876,117.0261365004929
2016,,16172.2,6.542465753424658,-2.197315102495459,18.87558018704538,-8.486830367903202,475.8308781771353,-2.500185004946188,-2.404,32.22432971202899,0.1503420216244363,140.1778019516102,134.785,1.336,50.61382018597959,114.9,1.627093736459906,13.0,34.36507155559929,558.4675330548371,1625.102197594123,4901.56342381876,117.0261365004929
2016,,18320.5,6.542465753424658,-2.197315102495459,18.87558018704538,-8.486830367903202,475.8308781771353,-2.500185004946188,-2.404,32.22432971202899,0.1503420216244363,140.1778019516102,134.785,1.336,50.61382018597959,114.9,1.627093736459906,13.0,34.36507155559929,558.4675330548371,1625.102197594123,4901.56342381876,117.0261365004929
2016,,26593.3,6.542465753424658,-2.197315102495459,18.87558018704538,-8.486830367903202,475.8308781771353,-2.500185004946188,-2.404,32.22432971202899,0.1503420216244363,140.1778019516102,134.785,1.336,50.61382018597959,114.9,1.627093736459906,13.0,34.36507155559929,558.4675330548371,1625.102197594123,4901.56342381876,117.0261365004929
2016,,39974.5,6.542465753424658,-2.197315102495459,18.87558018704538,-8.486830367903202,475.8308781771353,-2.500185004946188,-2.404,32.22432971202899,0.1503420216244363,140.1778019516102,134.785,1.336,50.61382018597959,114.9,1.627093736459906,13.0,34.36507155559929,558.4675330548371,1625.102197594123,4901.56342381876,117.0261365004929
2016,,9192.6,6.542465753424658,-2.197315102495459,18.87558018704538,-8.486830367903202,475.8308781771353,-2.500185004946188,-2.404,32.22432971202899,0.1503420216244363,140.1778019516102,134.785,1.336,50.61382018597959,114.9,1.627093736459906,13.0,34.36507155559929,558.4675330548371,1625.102197594123,4901.56342381876,117.0261365004929
2016,,12353.3,6.542465753424658,-2.197315102495459,18.87558018704538,-8.486830367903202,475.8308781771353,-2.500185004946188,-2.404,32.22432971202899,0.1503420216244363,140.1778019516102,134.785,1.336,50.61382018597959,114.9,1.627093736459906,13.0,34.36507155559929,558.4675330548371,1625.102197594123,4901.56342381876,117.0261365004929
2016,,12419.1,6.542465753424658,-2.197315102495459,18.87558018704538,-8.486830367903202,475.8308781771353,-2.500185004946188,-2.404,32.22432971202899,0.1503420216244363,140.1778019516102,134.785,1.336,50.61382018597959,114.9,1.627093736459906,13.0,34.36507155559929,558.4675330548371,1625.102197594123,4901.56342381876,117.0261365004929
2016,,9825.1,6.542465753424658,-2.197315102495459,18.87558018704538,-8.486830367903202,475.8308781771353,-2.500185004946188,-2.404,32.22432971202899,0.1503420216244363,140.1778019516102,134.785,1.336,50.61382018597959,114.9,1.627093736459906,13.0,34.36507155559929,558.4675330548371,1625.102197594123,4901.56342381876,117.0261365004929
2016,,372221.2,6.542465753424658,-2.197315102495459,18.87558018704538,-8.486830367903202,475.8308781771353,-2.500185004946188,-2.404,32.22432971202899,0.1503420216244363,140.1778019516102,134.785,1.336,50.61382018597959,114.9,1.627093736459906,13.0,34.36507155559929,558.4675330548371,1625.102197594123,4901.56342381876,117.0261365004929
2016,,112595.8,6.542465753424658,-2.197315102495459,18.87558018704538,-8.486830367903202,475.8308781771353,-2.500185004946188,-2.404,32.22432971202899,0.1503420216244363,140.1778019516102,134.785,1.336,50.61382018597959,114.9,1.627093736459906,13.0,34.36507155559929,558.4675330548371,1625.102197594123,4901.56342381876,117.0261365004929
2016,,4841.9,6.542465753424658,-2.197315102495459,18.87558018704538,-8.486830367903202,475.8308781771353,-2.500185004946188,-2.404,32.22432971202899,0.1503420216244363,140.1778019516102,134.785,1.336,50.61382018597959,114.9,1.627093736459906,13.0,34.36507155559929,558.4675330548371,1625.102197594123,4901.56342381876,117.0261365004929
2016,,10625.7,6.542465753424658,-2.197315102495459,18.87558018704538,-8.486830367903202,475.8308781771353,-2.500185004946188,-2.404,32.22432971202899,0.1503420216244363,140.1778019516102,134.785,1.336,50.61382018597959,114.9,1.627093736459906,13.0,34.36507155559929,558.4675330548371,1625.102197594123,4901.56342381876,117.0261365004929
2016,,7480.8,6.542465753424658,-2.197315102495459,18.87558018704538,-8.486830367903202,475.8308781771353,-2.500185004946188,-2.404,32.22432971202899,0.1503420216244363,140.1778019516102,134.785,1.336,50.61382018597959,114.9,1.627093736459906,13.0,34.36507155559929,558.4675330548371,1625.102197594123,4901.56342381876,117.0261365004929
2016,,37176.8,6.542465753424658,-2.197315102495459,18.87558018704538,-8.486830367903202,475.8308781771353,-2.500185004946188,-2.404,32.22432971202899,0.1503420216244363,140.1778019516102,134.785,1.336,50.61382018597959,114.9,1.627093736459906,13.0,34.36507155559929,558.4675330548371,1625.102197594123,4901.56342381876,117.0261365004929
2016,,8941.9,6.542465753424658,-2.197315102495459,18.87558018704538,-8.486830367903202,475.8308781771353,-2.500185004946188,-2.404,32.22432971202899,0.1503420216244363,140.1778019516102,134.785,1.336,50.61382018597959,114.9,1.627093736459906,13.0,34.36507155559929,558.4675330548371,1625.102197594123,4901.56342381876,117.0261365004929
2016,,12578.7,6.542465753424658,-2.197315102495459,18.87558018704538,-8.486830367903202,475.8308781771353,-2.500185004946188,-2.404,32.22432971202899,0.1503420216244363,140.1778019516102,134.785,1.336,50.61382018597959,114.9,1.627093736459906,13.0,34.36507155559929,558.4675330548371,1625.102197594123,4901.56342381876,117.0261365004929
2016,,9087.8,6.542465753424658,-2.197315102495459,18.87558018704538,-8.486830367903202,475.8308781771353,-2.500185004946188,-2.404,32.22432971202899,0.1503420216244363,140.1778019516102,134.785,1.336,50.61382018597959,114.9,1.627093736459906,13.0,34.36507155559929,558.4675330548371,1625.102197594123,4901.56342381876,117.0261365004929
2016,,8623.7,6.542465753424658,-2.197315102495459,18.87558018704538,-8.486830367903202,475.8308781771353,-2.500185004946188,-2.404,32.22432971202899,0.1503420216244363,140.1778019516102,134.785,1.336,50.61382018597959,114.9,1.627093736459906,13.0,34.36507155559929,558.4675330548371,1625.102197594123,4901.56342381876,117.0261365004929
2016,,5456.1,6.542465753424658,-2.197315102495459,18.87558018704538,-8.486830367903202,475.8308781771353,-2.500185004946188,-2.404,32.22432971202899,0.1503420216244363,140.1778019516102,134.785,1.336,50.61382018597959,114.9,1.627093736459906,13.0,34.36507155559929,558.4675330548371,1625.102197594123,4901.56342381876,117.0261365004929
2016,,7782.5,6.542465753424658,-2.197315102495459,18.87558018704538,-8.486830367903202,475.8308781771353,-2.500185004946188,-2.404,32.22432971202899,0.1503420216244363,140.1778019516102,134.785,1.336,50.61382018597959,114.9,1.627093736459906,13.0,34.36507155559929,558.4675330548371,1625.102197594123,4901.56342381876,117.0261365004929
2016,,21531.0,6.542465753424658,-2.197315102495459,18.87558018704538,-8.486830367903202,475.8308781771353,-2.500185004946188,-2.404,32.22432971202899,0.1503420216244363,140.1778019516102,134.785,1.336,50.61382018597959,114.9,1.627093736459906,13.0,34.36507155559929,558.4675330548371,1625.102197594123,4901.56342381876,117.0261365004929
2016,,16410.0,6.542465753424658,-2.197315102495459,18.87558018704538,-8.486830367903202,475.8308781771353,-2.500185004946188,-2.404,32.22432971202899,0.1503420216244363,140.1778019516102,134.785,1.336,50.61382018597959,114.9,1.627093736459906,13.0,34.36507155559929,558.4675330548371,1625.102197594123,4901.56342381876,117.0261365004929
2016,,5121.0,6.542465753424658,-2.197315102495459,18.87558018704538,-8.486830367903202,475.8308781771353,-2.500185004946188,-2.404,32.22432971202899,0.1503420216244363,140.1778019516102,134.785,1.336,50.61382018597959,114.9,1.627093736459906,13.0,34.36507155559929,558.4675330548371,1625.102197594123,4901.56342381876,117.0261365004929
2016,,40309.2,6.542465753424658,-2.197315102495459,18.87558018704538,-8.486830367903202,475.8308781771353,-2.500185004946188,-2.404,32.22432971202899,0.1503420216244363,140.1778019516102,134.785,1.336,50.61382018597959,114.9,1.627093736459906,13.0,34.36507155559929,558.4675330548371,1625.102197594123,4901.56342381876,117.0261365004929
2016,,9447.5,6.542465753424658,-2.197315102495459,18.87558018704538,-8.486830367903202,475.8308781771353,-2.500185004946188,-2.404,32.22432971202899,0.1503420216244363,140.1778019516102,134.785,1.336,50.61382018597959,114.9,1.627093736459906,13.0,34.36507155559929,558.4675330548371,1625.102197594123,4901.56342381876,117.0261365004929
2016,,13704.4,6.542465753424658,-2.197315102495459,18.87558018704538,-8.486830367903202,475.8308781771353,-2.500185004946188,-2.404,32.22432971202899,0.1503420216244363,140.1778019516102,134.785,1.336,50.61382018597959,114.9,1.627093736459906,13.0,34.36507155559929,558.4675330548371,1625.102197594123,4901.56342381876,117.0261365004929
2016,,7842.5,6.542465753424658,-2.197315102495459,18.87558018704538,-8.486830367903202,475.8308781771353,-2.500185004946188,-2.404,32.22432971202899,0.1503420216244363,140.1778019516102,134.785,1.336,50.61382018597959,114.9,1.627093736459906,13.0,34.36507155559929,558.4675330548371,1625.102197594123,4901.56342381876,117.0261365004929
2016,,5021.9,6.542465753424658,-2.197315102495459,18.87558018704538,-8.486830367903202,475.8308781771353,-2.500185004946188,-2.404,32.22432971202899,0.1503420216244363,140.1778019516102,134.785,1.336,50.61382018597959,114.9,1.627093736459906,13.0,34.36507155559929,558.4675330548371,1625.102197594123,4901.56342381876,117.0261365004929
2016,,4292.9,6.542465753424658,-2.197315102495459,18.87558018704538,-8.486830367903202,475.8308781771353,-2.500185004946188,-2.404,32.22432971202899,0.1503420216244363,140.1778019516102,134.785,1.336,50.61382018597959,114.9,1.627093736459906,13.0,34.36507155559929,558.4675330548371,1625.102197594123,4901.56342381876,117.0261365004929
2016,,197785.2,6.542465753424658,-2.197315102495459,18.87558018704538,-8.486830367903202,475.8308781771353,-2.500185004946188,-2.404,32.22432971202899,0.1503420216244363,140.1778019516102,134.785,1.336,50.61382018597959,114.9,1.627093736459906,13.0,34.36507155559929,558.4675330548371,1625.102197594123,4901.56342381876,117.0261365004929
2016,,6614.3,6.542465753424658,-2.197315102495459,18.87558018704538,-8.486830367903202,475.8308781771353,-2.500185004946188,-2.404,32.22432971202899,0.1503420216244363,140.1778019516102,134.785,1.336,50.61382018597959,114.9,1.627093736459906,13.0,34.36507155559929,558.4675330548371,1625.102197594123,4901.56342381876,117.0261365004929
2016,,2878.0,6.542465753424658,-2.197315102495459,18.87558018704538,-8.486830367903202,475.8308781771353,-2.500185004946188,-2.404,32.22432971202899,0.1503420216244363,140.1778019516102,134.785,1.336,50.61382018597959,114.9,1.627093736459906,13.0,34.36507155559929,558.4675330548371,1625.102197594123,4901.56342381876,117.0261365004929
2016,,165135.3,6.542465753424658,-2.197315102495459,18.87558018704538,-8.486830367903202,475.8308781771353,-2.500185004946188,-2.404,32.22432971202899,0.1503420216244363,140.1778019516102,134.785,1.336,50.61382018597959,114.9,1.627093736459906,13.0,34.36507155559929,558.4675330548371,1625.102197594123,4901.56342381876,117.0261365004929
2016,,12561.1,6.542465753424658,-2.197315102495459,18.87558018704538,-8.486830367903202,475.8308781771353,-2.500185004946188,-2.404,32.22432971202899,0.1503420216244363,140.1778019516102,134.785,1.336,50.61382018597959,114.9,1.627093736459906,13.0,34.36507155559929,558.4675330548371,1625.102197594123,4901.56342381876,117.0261365004929
2016,,10596.5,6.542465753424658,-2.197315102495459,18.87558018704538,-8.486830367903202,475.8308781771353,-2.500185004946188,-2.404,32.22432971202899,0.1503420216244363,140.1778019516102,134.785,1.336,50.61382018597959,114.9,1.627093736459906,13.0,34.36507155559929,558.4675330548371,1625.102197594123,4901.56342381876,117.0261365004929
2016,,380677.6,6.542465753424658,-2.197315102495459,18.87558018704538,-8.486830367903202,475.8308781771353,-2.500185004946188,-2.404,32.22432971202899,0.1503420216244363,140.1778019516102,134.785,1.336,50.61382018597959,114.9,1.627093736459906,13.0,34.36507155559929,558.4675330548371,1625.102197594123,4901.56342381876,117.0261365004929
2016,,261472.8,6.542465753424658,-2.197315102495459,18.87558018704538,-8.486830367903202,475.8308781771353,-2.500185004946188,-2.404,32.22432971202899,0.1503420216244363,140.1778019516102,134.785,1.336,50.61382018597959,114.9,1.627093736459906,13.0,34.36507155559929,558.4675330548371,1625.102197594123,4901.56342381876,117.0261365004929
2016,,31926.0,6.542465753424658,-2.197315102495459,18.87558018704538,-8.486830367903202,475.8308781771353,-2.500185004946188,-2.404,32.22432971202899,0.1503420216244363,140.1778019516102,134.785,1.336,50.61382018597959,114.9,1.627093736459906,13.0,34.36507155559929,558.4675330548371,1625.102197594123,4901.56342381876,117.0261365004929
2016,,7245.6,6.542465753424658,-2.197315102495459,18.87558018704538,-8.486830367903202,475.8308781771353,-2.500185004946188,-2.404,32.22432971202899,0.1503420216244363,140.1778019516102,134.785,1.336,50.61382018597959,114.9,1.627093736459906,13.0,34.36507155559929,558.4675330548371,1625.102197594123,4901.56342381876,117.0261365004929
2016,,7136.3,6.542465753424658,-2.197315102495459,18.87558018704538,-8.486830367903202,475.8308781771353,-2.500185004946188,-2.404,32.22432971202899,0.1503420216244363,140.1778019516102,134.785,1.336,50.61382018597959,114.9,1.627093736459906,13.0,34.36507155559929,558.4675330548371,1625.102197594123,4901.56342381876,117.0261365004929
2016,,7781.8,6.542465753424658,-2.197315102495459,18.87558018704538,-8.486830367903202,475.8308781771353,-2.500185004946188,-2.404,32.22432971202899,0.1503420216244363,140.1778019516102,134.785,1.336,50.61382018597959,114.9,1.627093736459906,13.0,34.36507155559929,558.4675330548371,1625.102197594123,4901.56342381876,117.0261365004929
2016,,9762.3,6.542465753424658,-2.197315102495459,18.87558018704538,-8.486830367903202,475.8308781771353,-2.500185004946188,-2.404,32.22432971202899,0.1503420216244363,140.1778019516102,134.785,1.336,50.61382018597959,114.9,1.627093736459906,13.0,34.36507155559929,558.4675330548371,1625.102197594123,4901.56342381876,117.0261365004929
2016,,6336.0,6.542465753424658,-2.197315102495459,18.87558018704538,-8.486830367903202,475.8308781771353,-2.500185004946188,-2.404,32.22432971202899,0.1503420216244363,140.1778019516102,134.785,1.336,50.61382018597959,114.9,1.627093736459906,13.0,34.36507155559929,558.4675330548371,1625.102197594123,4901.56342381876,117.0261365004929
2016,,4629.8,6.542465753424658,-2.197315102495459,18.87558018704538,-8.486830367903202,475.8308781771353,-2.500185004946188,-2.404,32.22432971202899,0.1503420216244363,140.1778019516102,134.785,1.336,50.61382018597959,114.9,1.627093736459906,13.0,34.36507155559929,558.4675330548371,1625.102197594123,4901.56342381876,117.0261365004929
2016,,1706.2,6.542465753424658,-2.197315102495459,18.87558018704538,-8.486830367903202,475.8308781771353,-2.500185004946188,-2.404,32.22432971202899,0.1503420216244363,140.1778019516102,134.785,1.336,50.61382018597959,114.9,1.627093736459906,13.0,34.36507155559929,558.4675330548371,1625.102197594123,4901.56342381876,117.0261365004929
2016,,105261.1,6.542465753424658,-2.197315102495459,18.87558018704538,-8.486830367903202,475.8308781771353,-2.500185004946188,-2.404,32.22432971202899,0.1503420216244363,140.1778019516102,134.785,1.336,50.61382018597959,114.9,1.627093736459906,13.0,34.36507155559929,558.4675330548371,1625.102197594123,4901.56342381876,117.0261365004929
2016,,15156.7,6.542465753424658,-2.197315102495459,18.87558018704538,-8.486830367903202,475.8308781771353,-2.500185004946188,-2.404,32.22432971202899,0.1503420216244363,140.1778019516102,134.785,1.336,50.61382018597959,114.9,1.627093736459906,13.0,34.36507155559929,558.4675330548371,1625.102197594123,4901.56342381876,117.0261365004929
2016,,4585.1,6.542465753424658,-2.197315102495459,18.87558018704538,-8.486830367903202,475.8308781771353,-2.500185004946188,-2.404,32.22432971202899,0.1503420216244363,140.1778019516102,134.785,1.336,50.61382018597959,114.9,1.627093736459906,13.0,34.36507155559929,558.4675330548371,1625.102197594123,4901.56342381876,117.0261365004929
2016,,58104.5,6.542465753424658,-2.197315102495459,18.87558018704538,-8.486830367903202,475.8308781771353,-2.500185004946188,-2.404,32.22432971202899,0.1503420216244363,140.1778019516102,134.785,1.336,50.61382018597959,114.9,1.627093736459906,13.0,34.36507155559929,558.4675330548371,1625.102197594123,4901.56342381876,117.0261365004929
2016,,7582.2,6.542465753424658,-2.197315102495459,18.87558018704538,-8.486830367903202,475.8308781771353,-2.500185004946188,-2.404,32.22432971202899,0.1503420216244363,140.1778019516102,134.785,1.336,50.61382018597959,114.9,1.627093736459906,13.0,34.36507155559929,558.4675330548371,1625.102197594123,4901.56342381876,117.0261365004929
2016,,19832.6,6.542465753424658,-2.197315102495459,18.87558018704538,-8.486830367903202,475.8308781771353,-2.500185004946188,-2.404,32.22432971202899,0.1503420216244363,140.1778019516102,134.785,1.336,50.61382018597959,114.9,1.627093736459906,13.0,34.36507155559929,558.4675330548371,1625.102197594123,4901.56342381876,117.0261365004929
2016,,73193.2,6.542465753424658,-2.197315102495459,18.87558018704538,-8.486830367903202,475.8308781771353,-2.500185004946188,-2.404,32.22432971202899,0.1503420216244363,140.1778019516102,134.785,1.336,50.61382018597959,114.9,1.627093736459906,13.0,34.36507155559929,558.4675330548371,1625.102197594123,4901.56342381876,117.0261365004929
2016,,10880.1,6.542465753424658,-2.197315102495459,18.87558018704538,-8.486830367903202,475.8308781771353,-2.500185004946188,-2.404,32.22432971202899,0.1503420216244363,140.1778019516102,134.785,1.336,50.61382018597959,114.9,1.627093736459906,13.0,34.36507155559929,558.4675330548371,1625.102197594123,4901.56342381876,117.0261365004929
2016,,26370.0,6.542465753424658,-2.197315102495459,18.87558018704538,-8.486830367903202,475.8308781771353,-2.500185004946188,-2.404,32.22432971202899,0.1503420216244363,140.1778019516102,134.785,1.336,50.61382018597959,114.9,1.627093736459906,13.0,34.36507155559929,558.4675330548371,1625.102197594123,4901.56342381876,117.0261365004929
2016,,10296.5,6.542465753424658,-2.197315102495459,18.87558018704538,-8.486830367903202,475.8308781771353,-2.500185004946188,-2.404,32.22432971202899,0.1503420216244363,140.1778019516102,134.785,1.336,50.61382018597959,114.9,1.627093736459906,13.0,34.36507155559929,558.4675330548371,1625.102197594123,4901.56342381876,117.0261365004929
2016,,6766.2,6.542465753424658,-2.197315102495459,18.87558018704538,-8.486830367903202,475.8308781771353,-2.500185004946188,-2.404,32.22432971202899,0.1503420216244363,140.1778019516102,134.785,1.336,50.61382018597959,114.9,1.627093736459906,13.0,34.36507155559929,558.4675330548371,1625.102197594123,4901.56342381876,117.0261365004929
2016,,12782.4,6.542465753424658,-2.197315102495459,18.87558018704538,-8.486830367903202,475.8308781771353,-2.500185004946188,-2.404,32.22432971202899,0.1503420216244363,140.1778019516102,134.785,1.336,50.61382018597959,114.9,1.627093736459906,13.0,34.36507155559929,558.4675330548371,1625.102197594123,4901.56342381876,117.0261365004929
2016,,6097.9,6.542465753424658,-2.197315102495459,18.87558018704538,-8.486830367903202,475.8308781771353,-2.500185004946188,-2.404,32.22432971202899,0.1503420216244363,140.1778019516102,134.785,1.336,50.61382018597959,114.9,1.627093736459906,13.0,34.36507155559929,558.4675330548371,1625.102197594123,4901.56342381876,117.0261365004929
2016,,11972.1,6.542465753424658,-2.197315102495459,18.87558018704538,-8.486830367903202,475.8308781771353,-2.500185004946188,-2.404,32.22432971202899,0.1503420216244363,140.1778019516102,134.785,1.336,50.61382018597959,114.9,1.627093736459906,13.0,34.36507155559929,558.4675330548371,1625.102197594123,4901.56342381876,117.0261365004929
2016,,8372.3,6.542465753424658,-2.197315102495459,18.87558018704538,-8.486830367903202,475.8308781771353,-2.500185004946188,-2.404,32.22432971202899,0.1503420216244363,140.1778019516102,134.785,1.336,50.61382018597959,114.9,1.627093736459906,13.0,34.36507155559929,558.4675330548371,1625.102197594123,4901.56342381876,117.0261365004929
2016,,3599.9,6.542465753424658,-2.197315102495459,18.87558018704538,-8.486830367903202,475.8308781771353,-2.500185004946188,-2.404,32.22432971202899,0.1503420216244363,140.1778019516102,134.785,1.336,50.61382018597959,114.9,1.627093736459906,13.0,34.36507155559929,558.4675330548371,1625.102197594123,4901.56342381876,117.0261365004929
2016,,32784.5,6.542465753424658,-2.197315102495459,18.87558018704538,-8.486830367903202,475.8308781771353,-2.500185004946188,-2.404,32.22432971202899,0.1503420216244363,140.1778019516102,134.785,1.336,50.61382018597959,114.9,1.627093736459906,13.0,34.36507155559929,558.4675330548371,1625.102197594123,4901.56342381876,117.0261365004929
2016,,11170.2,6.542465753424658,-2.197315102495459,18.87558018704538,-8.486830367903202,475.8308781771353,-2.500185004946188,-2.404,32.22432971202899,0.1503420216244363,140.1778019516102,134.785,1.336,50.61382018597959,114.9,1.627093736459906,13.0,34.36507155559929,558.4675330548371,1625.102197594123,4901.56342381876,117.0261365004929
2016,,7008.2,6.542465753424658,-2.197315102495459,18.87558018704538,-8.486830367903202,475.8308781771353,-2.500185004946188,-2.404,32.22432971202899,0.1503420216244363,140.1778019516102,134.785,1.336,50.61382018597959,114.9,1.627093736459906,13.0,34.36507155559929,558.4675330548371,1625.102197594123,4901.56342381876,117.0261365004929
2016,,9226.0,6.542465753424658,-2.197315102495459,18.87558018704538,-8.486830367903202,475.8308781771353,-2.500185004946188,-2.404,32.22432971202899,0.1503420216244363,140.1778019516102,134.785,1.336,50.61382018597959,114.9,1.627093736459906,13.0,34.36507155559929,558.4675330548371,1625.102197594123,4901.56342381876,117.0261365004929
2016,,2853.2,6.542465753424658,-2.197315102495459,18.87558018704538,-8.486830367903202,475.8308781771353,-2.500185004946188,-2.404,32.22432971202899,0.1503420216244363,140.1778019516102,134.785,1.336,50.61382018597959,114.9,1.627093736459906,13.0,34.36507155559929,558.4675330548371,1625.102197594123,4901.56342381876,117.0261365004929
2016,,2526.9,6.542465753424658,-2.197315102495459,18.87558018704538,-8.486830367903202,475.8308781771353,-2.500185004946188,-2.404,32.22432971202899,0.1503420216244363,140.1778019516102,134.785,1.336,50.61382018597959,114.9,1.627093736459906,13.0,34.36507155559929,558.4675330548371,1625.102197594123,4901.56342381876,117.0261365004929
2016,,119204.8,6.542465753424658,-2.197315102495459,18.87558018704538,-8.486830367903202,475.8308781771353,-2.500185004946188,-2.404,32.22432971202899,0.1503420216244363,140.1778019516102,134.785,1.336,50.61382018597959,114.9,1.627093736459906,13.0,34.36507155559929,558.4675330548371,1625.102197594123,4901.56342381876,117.0261365004929
2016,,86060.7,6.542465753424658,-2.197315102495459,18.87558018704538,-8.486830367903202,475.8308781771353,-2.500185004946188,-2.404,32.22432971202899,0.1503420216244363,140.1778019516102,134.785,1.336,50.61382018597959,114.9,1.627093736459906,13.0,34.36507155559929,558.4675330548371,1625.102197594123,4901.56342381876,117.0261365004929
2016,,6873.1,6.542465753424658,-2.197315102495459,18.87558018704538,-8.486830367903202,475.8308781771353,-2.500185004946188,-2.404,32.22432971202899,0.1503420216244363,140.1778019516102,134.785,1.336,50.61382018597959,114.9,1.627093736459906,13.0,34.36507155559929,558.4675330548371,1625.102197594123,4901.56342381876,117.0261365004929
2016,,22763.3,6.542465753424658,-2.197315102495459,18.87558018704538,-8.486830367903202,475.8308781771353,-2.500185004946188,-2.404,32.22432971202899,0.1503420216244363,140.1778019516102,134.785,1.336,50.61382018597959,114.9,1.627093736459906,13.0,34.36507155559929,558.4675330548371,1625.102197594123,4901.56342381876,117.0261365004929
2016,,11041.0,6.542465753424658,-2.197315102495459,18.87558018704538,-8.486830367903202,475.8308781771353,-2.500185004946188,-2.404,32.22432971202899,0.1503420216244363,140.1778019516102,134.785,1.336,50.61382018597959,114.9,1.627093736459906,13.0,34.36507155559929,558.4675330548371,1625.102197594123,4901.56342381876,117.0261365004929
2016,,6470.9,6.542465753424658,-2.197315102495459,18.87558018704538,-8.486830367903202,475.8308781771353,-2.500185004946188,-2.404,32.22432971202899,0.1503420216244363,140.1778019516102,134.785,1.336,50.61382018597959,114.9,1.627093736459906,13.0,34.36507155559929,558.4675330548371,1625.102197594123,4901.56342381876,117.0261365004929
2016,,3996.2,6.542465753424658,-2.197315102495459,18.87558018704538,-8.486830367903202,475.8308781771353,-2.500185004946188,-2.404,32.22432971202899,0.1503420216244363,140.1778019516102,134.785,1.336,50.61382018597959,114.9,1.627093736459906,13.0,34.36507155559929,558.4675330548371,1625.102197594123,4901.56342381876,117.0261365004929
2016,,2468.6,6.542465753424658,-2.197315102495459,18.87558018704538,-8.486830367903202,475.8308781771353,-2.500185004946188,-2.404,32.22432971202899,0.1503420216244363,140.1778019516102,134.785,1.336,50.61382018597959,114.9,1.627093736459906,13.0,34.36507155559929,558.4675330548371,1625.102197594123,4901.56342381876,117.0261365004929
2016,,19585.4,6.542465753424658,-2.197315102495459,18.87558018704538,-8.486830367903202,475.8308781771353,-2.500185004946188,-2.404,32.22432971202899,0.1503420216244363,140.1778019516102,134.785,1.336,50.61382018597959,114.9,1.627093736459906,13.0,34.36507155559929,558.4675330548371,1625.102197594123,4901.56342381876,117.0261365004929
2016,,5472.3,6.542465753424658,-2.197315102495459,18.87558018704538,-8.486830367903202,475.8308781771353,-2.500185004946188,-2.404,32.22432971202899,0.1503420216244363,140.1778019516102,134.785,1.336,50.61382018597959,114.9,1.627093736459906,13.0,34.36507155559929,558.4675330548371,1625.102197594123,4901.56342381876,117.0261365004929
2016,,7389.8,6.542465753424658,-2.197315102495459,18.87558018704538,-8.486830367903202,475.8308781771353,-2.500185004946188,-2.404,32.22432971202899,0.1503420216244363,140.1778019516102,134.785,1.336,50.61382018597959,114.9,1.627093736459906,13.0,34.36507155559929,558.4675330548371,1625.102197594123,4901.56342381876,117.0261365004929
2016,,33144.1,6.542465753424658,-2.197315102495459,18.87558018704538,-8.486830367903202,475.8308781771353,-2.500185004946188,-2.404,32.22432971202899,0.1503420216244363,140.1778019516102,134.785,1.336,50.61382018597959,114.9,1.627093736459906,13.0,34.36507155559929,558.4675330548371,1625.102197594123,4901.56342381876,117.0261365004929
2016,,9750.1,6.542465753424658,-2.197315102495459,18.87558018704538,-8.486830367903202,475.8308781771353,-2.500185004946188,-2.404,32.22432971202899,0.1503420216244363,140.1778019516102,134.785,1.336,50.61382018597959,114.9,1.627093736459906,13.0,34.36507155559929,558.4675330548371,1625.102197594123,4901.56342381876,117.0261365004929
2016,,3787.6,6.542465753424658,-2.197315102495459,18.87558018704538,-8.486830367903202,475.8308781771353,-2.500185004946188,-2.404,32.22432971202899,0.1503420216244363,140.1778019516102,134.785,1.336,50.61382018597959,114.9,1.627093736459906,13.0,34.36507155559929,558.4675330548371,1625.102197594123,4901.56342381876,117.0261365004929
2016,,11773.0,6.542465753424658,-2.197315102495459,18.87558018704538,-8.486830367903202,475.8308781771353,-2.500185004946188,-2.404,32.22432971202899,0.1503420216244363,140.1778019516102,134.785,1.336,50.61382018597959,114.9,1.627093736459906,13.0,34.36507155559929,558.4675330548371,1625.102197594123,4901.56342381876,117.0261365004929
2016,,2624.7,6.542465753424658,-2.197315102495459,18.87558018704538,-8.486830367903202,475.8308781771353,-2.500185004946188,-2.404,32.22432971202899,0.1503420216244363,140.1778019516102,134.785,1.336,50.61382018597959,114.9,1.627093736459906,13.0,34.36507155559929,558.4675330548371,1625.102197594123,4901.56342381876,117.0261365004929
2016,,5208.7,6.542465753424658,-2.197315102495459,18.87558018704538,-8.486830367903202,475.8308781771353,-2.500185004946188,-2.404,32.22432971202899,0.1503420216244363,140.1778019516102,134.785,1.336,50.61382018597959,114.9,1.627093736459906,13.0,34.36507155559929,558.4675330548371,1625.102197594123,4901.56342381876,117.0261365004929
2016,,1059.5,6.542465753424658,-2.197315102495459,18.87558018704538,-8.486830367903202,475.8308781771353,-2.500185004946188,-2.404,32.22432971202899,0.1503420216244363,140.1778019516102,134.785,1.336,50.61382018597959,114.9,1.627093736459906,13.0,34.36507155559929,558.4675330548371,1625.102197594123,4901.56342381876,117.0261365004929
2017,,1744493.0,6.865753424657535,-2.91313845878863,18.70675952271684,-8.539784800315244,473.6350343797827,-2.55721965196874,-2.419,31.75544710651666,0.1327635307837562,141.8289624502199,134.163,1.176,53.09062781092244,112.1,2.054166942112414,12.82739734649658,37.74569914482831,635.1327329261151,1682.662521335592,5198.11451468284,129.664321391056
2017,,1355323.5,6.865753424657535,-2.91313845878863,18.70675952271684,-8.539784800315244,473.6350343797827,-2.55721965196874,-2.419,31.75544710651666,0.1327635307837562,141.8289624502199,134.163,1.176,53.09062781092244,112.1,2.054166942112414,12.82739734649658,37.74569914482831,635.1327329261151,1682.662521335592,5198.11451468284,129.664321391056
2017,,976680.5,6.865753424657535,-2.91313845878863,18.70675952271684,-8.539784800315244,473.6350343797827,-2.55721965196874,-2.419,31.75544710651666,0.1327635307837562,141.8289624502199,134.163,1.176,53.09062781092244,112.1,2.054166942112414,12.82739734649658,37.74569914482831,635.1327329261151,1682.662521335592,5198.11451468284,129.664321391056
2017,,576383.3,6.865753424657535,-2.91313845878863,18.70675952271684,-8.539784800315244,473.6350343797827,-2.55721965196874,-2.419,31.75544710651666,0.1327635307837562,141.8289624502199,134.163,1.176,53.09062781092244,112.1,2.054166942112414,12.82739734649658,37.74569914482831,635.1327329261151,1682.662521335592,5198.11451468284,129.664321391056
2017,,132625.4,6.865753424657535,-2.91313845878863,18.70675952271684,-8.539784800315244,473.6350343797827,-2.55721965196874,-2.419,31.75544710651666,0.1327635307837562,141.8289624502199,134.163,1.176,53.09062781092244,112.1,2.054166942112414,12.82739734649658,37.74569914482831,635.1327329261151,1682.662521335592,5198.11451468284,129.664321391056
2017,,71925.5,6.865753424657535,-2.91313845878863,18.70675952271684,-8.539784800315244,473.6350343797827,-2.55721965196874,-2.419,31.75544710651666,0.1327635307837562,141.8289624502199,134.163,1.176,53.09062781092244,112.1,2.054166942112414,12.82739734649658,37.74569914482831,635.1327329261151,1682.662521335592,5198.11451468284,129.664321391056
2017,,4756.5,6.865753424657535,-2.91313845878863,18.70675952271684,-8.539784800315244,473.6350343797827,-2.55721965196874,-2.419,31.75544710651666,0.1327635307837562,141.8289624502199,134.163,1.176,53.09062781092244,112.1,2.054166942112414,12.82739734649658,37.74569914482831,635.1327329261151,1682.662521335592,5198.11451468284,129.664321391056
2017,,10899.4,6.865753424657535,-2.91313845878863,18.70675952271684,-8.539784800315244,473.6350343797827,-2.55721965196874,-2.419,31.75544710651666,0.1327635307837562,141.8289624502199,134.163,1.176,53.09062781092244,112.1,2.054166942112414,12.82739734649658,37.74569914482831,635.1327329261151,1682.662521335592,5198.11451468284,129.664321391056
2017,,18705.0,6.865753424657535,-2.91313845878863,18.70675952271684,-8.539784800315244,473.6350343797827,-2.55721965196874,-2.419,31.75544710651666,0.1327635307837562,141.8289624502199,134.163,1.176,53.09062781092244,112.1,2.054166942112414,12.82739734649658,37.74569914482831,635.1327329261151,1682.662521335592,5198.11451468284,129.664321391056
2017,,5477.2,6.865753424657535,-2.91313845878863,18.70675952271684,-8.539784800315244,473.6350343797827,-2.55721965196874,-2.419,31.75544710651666,0.1327635307837562,141.8289624502199,134.163,1.176,53.09062781092244,112.1,2.054166942112414,12.82739734649658,37.74569914482831,635.1327329261151,1682.662521335592,5198.11451468284,129.664321391056
2017,,12187.2,6.865753424657535,-2.91313845878863,18.70675952271684,-8.539784800315244,473.6350343797827,-2.55721965196874,-2.419,31.75544710651666,0.1327635307837562,141.8289624502199,134.163,1.176,53.09062781092244,112.1,2.054166942112414,12.82739734649658,37.74569914482831,635.1327329261151,1682.662521335592,5198.11451468284,129.664321391056
2017,,4771.5,6.865753424657535,-2.91313845878863,18.70675952271684,-8.539784800315244,473.6350343797827,-2.55721965196874,-2.419,31.75544710651666,0.1327635307837562,141.8289624502199,134.163,1.176,53.09062781092244,112.1,2.054166942112414,12.82739734649658,37.74569914482831,635.1327329261151,1682.662521335592,5198.11451468284,129.664321391056
2017,,3903.2,6.865753424657535,-2.91313845878863,18.70675952271684,-8.539784800315244,473.6350343797827,-2.55721965196874,-2.419,31.75544710651666,0.1327635307837562,141.8289624502199,134.163,1.176,53.09062781092244,112.1,2.054166942112414,12.82739734649658,37.74569914482831,635.1327329261151,1682.662521335592,5198.11451468284,129.664321391056
2017,,4768.5,6.865753424657535,-2.91313845878863,18.70675952271684,-8.539784800315244,473.6350343797827,-2.55721965196874,-2.419,31.75544710651666,0.1327635307837562,141.8289624502199,134.163,1.176,53.09062781092244,112.1,2.054166942112414,12.82739734649658,37.74569914482831,635.1327329261151,1682.662521335592,5198.11451468284,129.664321391056
2017,,4768.5,6.865753424657535,-2.91313845878863,18.70675952271684,-8.539784800315244,473.6350343797827,-2.55721965196874,-2.419,31.75544710651666,0.1327635307837562,141.8289624502199,134.163,1.176,53.09062781092244,112.1,2.054166942112414,12.82739734649658,37.74569914482831,635.1327329261151,1682.662521335592,5198.11451468284,129.664321391056
2017,,48676.0,6.865753424657535,-2.91313845878863,18.70675952271684,-8.539784800315244,473.6350343797827,-2.55721965196874,-2.419,31.75544710651666,0.1327635307837562,141.8289624502199,134.163,1.176,53.09062781092244,112.1,2.054166942112414,12.82739734649658,37.74569914482831,635.1327329261151,1682.662521335592,5198.11451468284,129.664321391056
2017,,5025.9,6.865753424657535,-2.91313845878863,18.70675952271684,-8.539784800315244,473.6350343797827,-2.55721965196874,-2.419,31.75544710651666,0.1327635307837562,141.8289624502199,134.163,1.176,53.09062781092244,112.1,2.054166942112414,12.82739734649658,37.74569914482831,635.1327329261151,1682.662521335592,5198.11451468284,129.664321391056
2017,,7750.5,6.865753424657535,-2.91313845878863,18.70675952271684,-8.539784800315244,473.6350343797827,-2.55721965196874,-2.419,31.75544710651666,0.1327635307837562,141.8289624502199,134.163,1.176,53.09062781092244,112.1,2.054166942112414,12.82739734649658,37.74569914482831,635.1327329261151,1682.662521335592,5198.11451468284,129.664321391056
2017,,29278.9,6.865753424657535,-2.91313845878863,18.70675952271684,-8.539784800315244,473.6350343797827,-2.55721965196874,-2.419,31.75544710651666,0.1327635307837562,141.8289624502199,134.163,1.176,53.09062781092244,112.1,2.054166942112414,12.82739734649658,37.74569914482831,635.1327329261151,1682.662521335592,5198.11451468284,129.664321391056
2017,,6620.6,6.865753424657535,-2.91313845878863,18.70675952271684,-8.539784800315244,473.6350343797827,-2.55721965196874,-2.419,31.75544710651666,0.1327635307837562,141.8289624502199,134.163,1.176,53.09062781092244,112.1,2.054166942112414,12.82739734649658,37.74569914482831,635.1327329261151,1682.662521335592,5198.11451468284,129.664321391056
2017,,390313.4,6.865753424657535,-2.91313845878863,18.70675952271684,-8.539784800315244,473.6350343797827,-2.55721965196874,-2.419,31.75544710651666,0.1327635307837562,141.8289624502199,134.163,1.176,53.09062781092244,112.1,2.054166942112414,12.82739734649658,37.74569914482831,635.1327329261151,1682.662521335592,5198.11451468284,129.664321391056
2017,,26454.9,6.865753424657535,-2.91313845878863,18.70675952271684,-8.539784800315244,473.6350343797827,-2.55721965196874,-2.419,31.75544710651666,0.1327635307837562,141.8289624502199,134.163,1.176,53.09062781092244,112.1,2.054166942112414,12.82739734649658,37.74569914482831,635.1327329261151,1682.662521335592,5198.11451468284,129.664321391056
2017,,17448.6,6.865753424657535,-2.91313845878863,18.70675952271684,-8.539784800315244,473.6350343797827,-2.55721965196874,-2.419,31.75544710651666,0.1327635307837562,141.8289624502199,134.163,1.176,53.09062781092244,112.1,2.054166942112414,12.82739734649658,37.74569914482831,635.1327329261151,1682.662521335592,5198.11451468284,129.664321391056
2017,,5303.8,6.865753424657535,-2.91313845878863,18.70675952271684,-8.539784800315244,473.6350343797827,-2.55721965196874,-2.419,31.75544710651666,0.1327635307837562,141.8289624502199,134.163,1.176,53.09062781092244,112.1,2.054166942112414,12.82739734649658,37.74569914482831,635.1327329261151,1682.662521335592,5198.11451468284,129.664321391056
2017,,179044.4,6.865753424657535,-2.91313845878863,18.70675952271684,-8.539784800315244,473.6350343797827,-2.55721965196874,-2.419,31.75544710651666,0.1327635307837562,141.8289624502199,134.163,1.176,53.09062781092244,112.1,2.054166942112414,12.82739734649658,37.74569914482831,635.1327329261151,1682.662521335592,5198.11451468284,129.664321391056
2017,,36945.5,6.865753424657535,-2.91313845878863,18.70675952271684,-8.539784800315244,473.6350343797827,-2.55721965196874,-2.419,31.75544710651666,0.1327635307837562,141.8289624502199,134.163,1.176,53.09062781092244,112.1,2.054166942112414,12.82739734649658,37.74569914482831,635.1327329261151,1682.662521335592,5198.11451468284,129.664321391056
2017,,42932.6,6.865753424657535,-2.91313845878863,18.70675952271684,-8.539784800315244,473.6350343797827,-2.55721965196874,-2.419,31.75544710651666,0.1327635307837562,141.8289624502199,134.163,1.176,53.09062781092244,112.1,2.054166942112414,12.82739734649658,37.74569914482831,635.1327329261151,1682.662521335592,5198.11451468284,129.664321391056
2017,,13444.2,6.865753424657535,-2.91313845878863,18.70675952271684,-8.539784800315244,473.6350343797827,-2.55721965196874,-2.419,31.75544710651666,0.1327635307837562,141.8289624502199,134.163,1.176,53.09062781092244,112.1,2.054166942112414,12.82739734649658,37.74569914482831,635.1327329261151,1682.662521335592,5198.11451468284,129.664321391056
2017,,11554.0,6.865753424657535,-2.91313845878863,18.70675952271684,-8.539784800315244,473.6350343797827,-2.55721965196874,-2.419,31.75544710651666,0.1327635307837562,141.8289624502199,134.163,1.176,53.09062781092244,112.1,2.054166942112414,12.82739734649658,37.74569914482831,635.1327329261151,1682.662521335592,5198.11451468284,129.664321391056
2017,,13164.7,6.865753424657535,-2.91313845878863,18.70675952271684,-8.539784800315244,473.6350343797827,-2.55721965196874,-2.419,31.75544710651666,0.1327635307837562,141.8289624502199,134.163,1.176,53.09062781092244,112.1,2.054166942112414,12.82739734649658,37.74569914482831,635.1327329261151,1682.662521335592,5198.11451468284,129.664321391056
2017,,10632.8,6.865753424657535,-2.91313845878863,18.70675952271684,-8.539784800315244,473.6350343797827,-2.55721965196874,-2.419,31.75544710651666,0.1327635307837562,141.8289624502199,134.163,1.176,53.09062781092244,112.1,2.054166942112414,12.82739734649658,37.74569914482831,635.1327329261151,1682.662521335592,5198.11451468284,129.664321391056
2017,,6155.3,6.865753424657535,-2.91313845878863,18.70675952271684,-8.539784800315244,473.6350343797827,-2.55721965196874,-2.419,31.75544710651666,0.1327635307837562,141.8289624502199,134.163,1.176,53.09062781092244,112.1,2.054166942112414,12.82739734649658,37.74569914482831,635.1327329261151,1682.662521335592,5198.11451468284,129.664321391056
2017,,27232.7,6.865753424657535,-2.91313845878863,18.70675952271684,-8.539784800315244,473.6350343797827,-2.55721965196874,-2.419,31.75544710651666,0.1327635307837562,141.8289624502199,134.163,1.176,53.09062781092244,112.1,2.054166942112414,12.82739734649658,37.74569914482831,635.1327329261151,1682.662521335592,5198.11451468284,129.664321391056
2017,,400297.2,6.865753424657535,-2.91313845878863,18.70675952271684,-8.539784800315244,473.6350343797827,-2.55721965196874,-2.419,31.75544710651666,0.1327635307837562,141.8289624502199,134.163,1.176,53.09062781092244,112.1,2.054166942112414,12.82739734649658,37.74569914482831,635.1327329261151,1682.662521335592,5198.11451468284,129.664321391056
2017,,44052.7,6.865753424657535,-2.91313845878863,18.70675952271684,-8.539784800315244,473.6350343797827,-2.55721965196874,-2.419,31.75544710651666,0.1327635307837562,141.8289624502199,134.163,1.176,53.09062781092244,112.1,2.054166942112414,12.82739734649658,37.74569914482831,635.1327329261151,1682.662521335592,5198.11451468284,129.664321391056
2017,,24377.5,6.865753424657535,-2.91313845878863,18.70675952271684,-8.539784800315244,473.6350343797827,-2.55721965196874,-2.419,31.75544710651666,0.1327635307837562,141.8289624502199,134.163,1.176,53.09062781092244,112.1,2.054166942112414,12.82739734649658,37.74569914482831,635.1327329261151,1682.662521335592,5198.11451468284,129.664321391056
2017,,24377.5,6.865753424657535,-2.91313845878863,18.70675952271684,-8.539784800315244,473.6350343797827,-2.55721965196874,-2.419,31.75544710651666,0.1327635307837562,141.8289624502199,134.163,1.176,53.09062781092244,112.1,2.054166942112414,12.82739734649658,37.74569914482831,635.1327329261151,1682.662521335592,5198.11451468284,129.664321391056
2017,,19675.1,6.865753424657535,-2.91313845878863,18.70675952271684,-8.539784800315244,473.6350343797827,-2.55721965196874,-2.419,31.75544710651666,0.1327635307837562,141.8289624502199,134.163,1.176,53.09062781092244,112.1,2.054166942112414,12.82739734649658,37.74569914482831,635.1327329261151,1682.662521335592,5198.11451468284,129.664321391056
2017,,19675.1,6.865753424657535,-2.91313845878863,18.70675952271684,-8.539784800315244,473.6350343797827,-2.55721965196874,-2.419,31.75544710651666,0.1327635307837562,141.8289624502199,134.163,1.176,53.09062781092244,112.1,2.054166942112414,12.82739734649658,37.74569914482831,635.1327329261151,1682.662521335592,5198.11451468284,129.664321391056
2017,,161182.8,6.865753424657535,-2.91313845878863,18.70675952271684,-8.539784800315244,473.6350343797827,-2.55721965196874,-2.419,31.75544710651666,0.1327635307837562,141.8289624502199,134.163,1.176,53.09062781092244,112.1,2.054166942112414,12.82739734649658,37.74569914482831,635.1327329261151,1682.662521335592,5198.11451468284,129.664321391056
2017,,31596.7,6.865753424657535,-2.91313845878863,18.70675952271684,-8.539784800315244,473.6350343797827,-2.55721965196874,-2.419,31.75544710651666,0.1327635307837562,141.8289624502199,134.163,1.176,53.09062781092244,112.1,2.054166942112414,12.82739734649658,37.74569914482831,635.1327329261151,1682.662521335592,5198.11451468284,129.664321391056
2017,,29425.6,6.865753424657535,-2.91313845878863,18.70675952271684,-8.539784800315244,473.6350343797827,-2.55721965196874,-2.419,31.75544710651666,0.1327635307837562,141.8289624502199,134.163,1.176,53.09062781092244,112.1,2.054166942112414,12.82739734649658,37.74569914482831,635.1327329261151,1682.662521335592,5198.11451468284,129.664321391056
2017,,6623.5,6.865753424657535,-2.91313845878863,18.70675952271684,-8.539784800315244,473.6350343797827,-2.55721965196874,-2.419,31.75544710651666,0.1327635307837562,141.8289624502199,134.163,1.176,53.09062781092244,112.1,2.054166942112414,12.82739734649658,37.74569914482831,635.1327329261151,1682.662521335592,5198.11451468284,129.664321391056
2017,,28995.8,6.865753424657535,-2.91313845878863,18.70675952271684,-8.539784800315244,473.6350343797827,-2.55721965196874,-2.419,31.75544710651666,0.1327635307837562,141.8289624502199,134.163,1.176,53.09062781092244,112.1,2.054166942112414,12.82739734649658,37.74569914482831,635.1327329261151,1682.662521335592,5198.11451468284,129.664321391056
2017,,26731.9,6.865753424657535,-2.91313845878863,18.70675952271684,-8.539784800315244,473.6350343797827,-2.55721965196874,-2.419,31.75544710651666,0.1327635307837562,141.8289624502199,134.163,1.176,53.09062781092244,112.1,2.054166942112414,12.82739734649658,37.74569914482831,635.1327329261151,1682.662521335592,5198.11451468284,129.664321391056
2017,,31774.1,6.865753424657535,-2.91313845878863,18.70675952271684,-8.539784800315244,473.6350343797827,-2.55721965196874,-2.419,31.75544710651666,0.1327635307837562,141.8289624502199,134.163,1.176,53.09062781092244,112.1,2.054166942112414,12.82739734649658,37.74569914482831,635.1327329261151,1682.662521335592,5198.11451468284,129.664321391056
2017,,6035.2,6.865753424657535,-2.91313845878863,18.70675952271684,-8.539784800315244,473.6350343797827,-2.55721965196874,-2.419,31.75544710651666,0.1327635307837562,141.8289624502199,134.163,1.176,53.09062781092244,112.1,2.054166942112414,12.82739734649658,37.74569914482831,635.1327329261151,1682.662521335592,5198.11451468284,129.664321391056
2017,,37053.7,6.865753424657535,-2.91313845878863,18.70675952271684,-8.539784800315244,473.6350343797827,-2.55721965196874,-2.419,31.75544710651666,0.1327635307837562,141.8289624502199,134.163,1.176,53.09062781092244,112.1,2.054166942112414,12.82739734649658,37.74569914482831,635.1327329261151,1682.662521335592,5198.11451468284,129.664321391056
2017,,15904.5,6.865753424657535,-2.91313845878863,18.70675952271684,-8.539784800315244,473.6350343797827,-2.55721965196874,-2.419,31.75544710651666,0.1327635307837562,141.8289624502199,134.163,1.176,53.09062781092244,112.1,2.054166942112414,12.82739734649658,37.74569914482831,635.1327329261151,1682.662521335592,5198.11451468284,129.664321391056
2017,,3795.2,6.865753424657535,-2.91313845878863,18.70675952271684,-8.539784800315244,473.6350343797827,-2.55721965196874,-2.419,31.75544710651666,0.1327635307837562,141.8289624502199,134.163,1.176,53.09062781092244,112.1,2.054166942112414,12.82739734649658,37.74569914482831,635.1327329261151,1682.662521335592,5198.11451468284,129.664321391056
2017,,7910.5,6.865753424657535,-2.91313845878863,18.70675952271684,-8.539784800315244,473.6350343797827,-2.55721965196874,-2.419,31.75544710651666,0.1327635307837562,141.8289624502199,134.163,1.176,53.09062781092244,112.1,2.054166942112414,12.82739734649658,37.74569914482831,635.1327329261151,1682.662521335592,5198.11451468284,129.664321391056
2017,,9443.5,6.865753424657535,-2.91313845878863,18.70675952271684,-8.539784800315244,473.6350343797827,-2.55721965196874,-2.419,31.75544710651666,0.1327635307837562,141.8289624502199,134.163,1.176,53.09062781092244,112.1,2.054166942112414,12.82739734649658,37.74569914482831,635.1327329261151,1682.662521335592,5198.11451468284,129.664321391056
2017,,158008.1,6.865753424657535,-2.91313845878863,18.70675952271684,-8.539784800315244,473.6350343797827,-2.55721965196874,-2.419,31.75544710651666,0.1327635307837562,141.8289624502199,134.163,1.176,53.09062781092244,112.1,2.054166942112414,12.82739734649658,37.74569914482831,635.1327329261151,1682.662521335592,5198.11451468284,129.664321391056
2017,,9142.2,6.865753424657535,-2.91313845878863,18.70675952271684,-8.539784800315244,473.6350343797827,-2.55721965196874,-2.419,31.75544710651666,0.1327635307837562,141.8289624502199,134.163,1.176,53.09062781092244,112.1,2.054166942112414,12.82739734649658,37.74569914482831,635.1327329261151,1682.662521335592,5198.11451468284,129.664321391056
2017,,16658.3,6.865753424657535,-2.91313845878863,18.70675952271684,-8.539784800315244,473.6350343797827,-2.55721965196874,-2.419,31.75544710651666,0.1327635307837562,141.8289624502199,134.163,1.176,53.09062781092244,112.1,2.054166942112414,12.82739734649658,37.74569914482831,635.1327329261151,1682.662521335592,5198.11451468284,129.664321391056
2017,,18956.5,6.865753424657535,-2.91313845878863,18.70675952271684,-8.539784800315244,473.6350343797827,-2.55721965196874,-2.419,31.75544710651666,0.1327635307837562,141.8289624502199,134.163,1.176,53.09062781092244,112.1,2.054166942112414,12.82739734649658,37.74569914482831,635.1327329261151,1682.662521335592,5198.11451468284,129.664321391056
2017,,27454.0,6.865753424657535,-2.91313845878863,18.70675952271684,-8.539784800315244,473.6350343797827,-2.55721965196874,-2.419,31.75544710651666,0.1327635307837562,141.8289624502199,134.163,1.176,53.09062781092244,112.1,2.054166942112414,12.82739734649658,37.74569914482831,635.1327329261151,1682.662521335592,5198.11451468284,129.664321391056
2017,,41202.6,6.865753424657535,-2.91313845878863,18.70675952271684,-8.539784800315244,473.6350343797827,-2.55721965196874,-2.419,31.75544710651666,0.1327635307837562,141.8289624502199,134.163,1.176,53.09062781092244,112.1,2.054166942112414,12.82739734649658,37.74569914482831,635.1327329261151,1682.662521335592,5198.11451468284,129.664321391056
2017,,9367.7,6.865753424657535,-2.91313845878863,18.70675952271684,-8.539784800315244,473.6350343797827,-2.55721965196874,-2.419,31.75544710651666,0.1327635307837562,141.8289624502199,134.163,1.176,53.09062781092244,112.1,2.054166942112414,12.82739734649658,37.74569914482831,635.1327329261151,1682.662521335592,5198.11451468284,129.664321391056
2017,,12450.4,6.865753424657535,-2.91313845878863,18.70675952271684,-8.539784800315244,473.6350343797827,-2.55721965196874,-2.419,31.75544710651666,0.1327635307837562,141.8289624502199,134.163,1.176,53.09062781092244,112.1,2.054166942112414,12.82739734649658,37.74569914482831,635.1327329261151,1682.662521335592,5198.11451468284,129.664321391056
2017,,12685.7,6.865753424657535,-2.91313845878863,18.70675952271684,-8.539784800315244,473.6350343797827,-2.55721965196874,-2.419,31.75544710651666,0.1327635307837562,141.8289624502199,134.163,1.176,53.09062781092244,112.1,2.054166942112414,12.82739734649658,37.74569914482831,635.1327329261151,1682.662521335592,5198.11451468284,129.664321391056
2017,,10090.7,6.865753424657535,-2.91313845878863,18.70675952271684,-8.539784800315244,473.6350343797827,-2.55721965196874,-2.419,31.75544710651666,0.1327635307837562,141.8289624502199,134.163,1.176,53.09062781092244,112.1,2.054166942112414,12.82739734649658,37.74569914482831,635.1327329261151,1682.662521335592,5198.11451468284,129.664321391056
2017,,378643.0,6.865753424657535,-2.91313845878863,18.70675952271684,-8.539784800315244,473.6350343797827,-2.55721965196874,-2.419,31.75544710651666,0.1327635307837562,141.8289624502199,134.163,1.176,53.09062781092244,112.1,2.054166942112414,12.82739734649658,37.74569914482831,635.1327329261151,1682.662521335592,5198.11451468284,129.664321391056
2017,,115004.9,6.865753424657535,-2.91313845878863,18.70675952271684,-8.539784800315244,473.6350343797827,-2.55721965196874,-2.419,31.75544710651666,0.1327635307837562,141.8289624502199,134.163,1.176,53.09062781092244,112.1,2.054166942112414,12.82739734649658,37.74569914482831,635.1327329261151,1682.662521335592,5198.11451468284,129.664321391056
2017,,4995.0,6.865753424657535,-2.91313845878863,18.70675952271684,-8.539784800315244,473.6350343797827,-2.55721965196874,-2.419,31.75544710651666,0.1327635307837562,141.8289624502199,134.163,1.176,53.09062781092244,112.1,2.054166942112414,12.82739734649658,37.74569914482831,635.1327329261151,1682.662521335592,5198.11451468284,129.664321391056
2017,,10886.8,6.865753424657535,-2.91313845878863,18.70675952271684,-8.539784800315244,473.6350343797827,-2.55721965196874,-2.419,31.75544710651666,0.1327635307837562,141.8289624502199,134.163,1.176,53.09062781092244,112.1,2.054166942112414,12.82739734649658,37.74569914482831,635.1327329261151,1682.662521335592,5198.11451468284,129.664321391056
2017,,7667.1,6.865753424657535,-2.91313845878863,18.70675952271684,-8.539784800315244,473.6350343797827,-2.55721965196874,-2.419,31.75544710651666,0.1327635307837562,141.8289624502199,134.163,1.176,53.09062781092244,112.1,2.054166942112414,12.82739734649658,37.74569914482831,635.1327329261151,1682.662521335592,5198.11451468284,129.664321391056
2017,,37704.7,6.865753424657535,-2.91313845878863,18.70675952271684,-8.539784800315244,473.6350343797827,-2.55721965196874,-2.419,31.75544710651666,0.1327635307837562,141.8289624502199,134.163,1.176,53.09062781092244,112.1,2.054166942112414,12.82739734649658,37.74569914482831,635.1327329261151,1682.662521335592,5198.11451468284,129.664321391056
2017,,8941.8,6.865753424657535,-2.91313845878863,18.70675952271684,-8.539784800315244,473.6350343797827,-2.55721965196874,-2.419,31.75544710651666,0.1327635307837562,141.8289624502199,134.163,1.176,53.09062781092244,112.1,2.054166942112414,12.82739734649658,37.74569914482831,635.1327329261151,1682.662521335592,5198.11451468284,129.664321391056
2017,,12953.1,6.865753424657535,-2.91313845878863,18.70675952271684,-8.539784800315244,473.6350343797827,-2.55721965196874,-2.419,31.75544710651666,0.1327635307837562,141.8289624502199,134.163,1.176,53.09062781092244,112.1,2.054166942112414,12.82739734649658,37.74569914482831,635.1327329261151,1682.662521335592,5198.11451468284,129.664321391056
2017,,9599.3,6.865753424657535,-2.91313845878863,18.70675952271684,-8.539784800315244,473.6350343797827,-2.55721965196874,-2.419,31.75544710651666,0.1327635307837562,141.8289624502199,134.163,1.176,53.09062781092244,112.1,2.054166942112414,12.82739734649658,37.74569914482831,635.1327329261151,1682.662521335592,5198.11451468284,129.664321391056
2017,,8629.6,6.865753424657535,-2.91313845878863,18.70675952271684,-8.539784800315244,473.6350343797827,-2.55721965196874,-2.419,31.75544710651666,0.1327635307837562,141.8289624502199,134.163,1.176,53.09062781092244,112.1,2.054166942112414,12.82739734649658,37.74569914482831,635.1327329261151,1682.662521335592,5198.11451468284,129.664321391056
2017,,5526.3,6.865753424657535,-2.91313845878863,18.70675952271684,-8.539784800315244,473.6350343797827,-2.55721965196874,-2.419,31.75544710651666,0.1327635307837562,141.8289624502199,134.163,1.176,53.09062781092244,112.1,2.054166942112414,12.82739734649658,37.74569914482831,635.1327329261151,1682.662521335592,5198.11451468284,129.664321391056
2017,,8101.0,6.865753424657535,-2.91313845878863,18.70675952271684,-8.539784800315244,473.6350343797827,-2.55721965196874,-2.419,31.75544710651666,0.1327635307837562,141.8289624502199,134.163,1.176,53.09062781092244,112.1,2.054166942112414,12.82739734649658,37.74569914482831,635.1327329261151,1682.662521335592,5198.11451468284,129.664321391056
2017,,22035.3,6.865753424657535,-2.91313845878863,18.70675952271684,-8.539784800315244,473.6350343797827,-2.55721965196874,-2.419,31.75544710651666,0.1327635307837562,141.8289624502199,134.163,1.176,53.09062781092244,112.1,2.054166942112414,12.82739734649658,37.74569914482831,635.1327329261151,1682.662521335592,5198.11451468284,129.664321391056
2017,,16695.0,6.865753424657535,-2.91313845878863,18.70675952271684,-8.539784800315244,473.6350343797827,-2.55721965196874,-2.419,31.75544710651666,0.1327635307837562,141.8289624502199,134.163,1.176,53.09062781092244,112.1,2.054166942112414,12.82739734649658,37.74569914482831,635.1327329261151,1682.662521335592,5198.11451468284,129.664321391056
2017,,5340.3,6.865753424657535,-2.91313845878863,18.70675952271684,-8.539784800315244,473.6350343797827,-2.55721965196874,-2.419,31.75544710651666,0.1327635307837562,141.8289624502199,134.163,1.176,53.09062781092244,112.1,2.054166942112414,12.82739734649658,37.74569914482831,635.1327329261151,1682.662521335592,5198.11451468284,129.664321391056
2017,,41187.0,6.865753424657535,-2.91313845878863,18.70675952271684,-8.539784800315244,473.6350343797827,-2.55721965196874,-2.419,31.75544710651666,0.1327635307837562,141.8289624502199,134.163,1.176,53.09062781092244,112.1,2.054166942112414,12.82739734649658,37.74569914482831,635.1327329261151,1682.662521335592,5198.11451468284,129.664321391056
2017,,9544.0,6.865753424657535,-2.91313845878863,18.70675952271684,-8.539784800315244,473.6350343797827,-2.55721965196874,-2.419,31.75544710651666,0.1327635307837562,141.8289624502199,134.163,1.176,53.09062781092244,112.1,2.054166942112414,12.82739734649658,37.74569914482831,635.1327329261151,1682.662521335592,5198.11451468284,129.664321391056
2017,,13954.8,6.865753424657535,-2.91313845878863,18.70675952271684,-8.539784800315244,473.6350343797827,-2.55721965196874,-2.419,31.75544710651666,0.1327635307837562,141.8289624502199,134.163,1.176,53.09062781092244,112.1,2.054166942112414,12.82739734649658,37.74569914482831,635.1327329261151,1682.662521335592,5198.11451468284,129.664321391056
2017,,8238.7,6.865753424657535,-2.91313845878863,18.70675952271684,-8.539784800315244,473.6350343797827,-2.55721965196874,-2.419,31.75544710651666,0.1327635307837562,141.8289624502199,134.163,1.176,53.09062781092244,112.1,2.054166942112414,12.82739734649658,37.74569914482831,635.1327329261151,1682.662521335592,5198.11451468284,129.664321391056
2017,,5116.3,6.865753424657535,-2.91313845878863,18.70675952271684,-8.539784800315244,473.6350343797827,-2.55721965196874,-2.419,31.75544710651666,0.1327635307837562,141.8289624502199,134.163,1.176,53.09062781092244,112.1,2.054166942112414,12.82739734649658,37.74569914482831,635.1327329261151,1682.662521335592,5198.11451468284,129.664321391056
2017,,4333.3,6.865753424657535,-2.91313845878863,18.70675952271684,-8.539784800315244,473.6350343797827,-2.55721965196874,-2.419,31.75544710651666,0.1327635307837562,141.8289624502199,134.163,1.176,53.09062781092244,112.1,2.054166942112414,12.82739734649658,37.74569914482831,635.1327329261151,1682.662521335592,5198.11451468284,129.664321391056
2017,,200415.9,6.865753424657535,-2.91313845878863,18.70675952271684,-8.539784800315244,473.6350343797827,-2.55721965196874,-2.419,31.75544710651666,0.1327635307837562,141.8289624502199,134.163,1.176,53.09062781092244,112.1,2.054166942112414,12.82739734649658,37.74569914482831,635.1327329261151,1682.662521335592,5198.11451468284,129.664321391056
2017,,6753.7,6.865753424657535,-2.91313845878863,18.70675952271684,-8.539784800315244,473.6350343797827,-2.55721965196874,-2.419,31.75544710651666,0.1327635307837562,141.8289624502199,134.163,1.176,53.09062781092244,112.1,2.054166942112414,12.82739734649658,37.74569914482831,635.1327329261151,1682.662521335592,5198.11451468284,129.664321391056
2017,,2952.5,6.865753424657535,-2.91313845878863,18.70675952271684,-8.539784800315244,473.6350343797827,-2.55721965196874,-2.419,31.75544710651666,0.1327635307837562,141.8289624502199,134.163,1.176,53.09062781092244,112.1,2.054166942112414,12.82739734649658,37.74569914482831,635.1327329261151,1682.662521335592,5198.11451468284,129.664321391056
2017,,166968.5,6.865753424657535,-2.91313845878863,18.70675952271684,-8.539784800315244,473.6350343797827,-2.55721965196874,-2.419,31.75544710651666,0.1327635307837562,141.8289624502199,134.163,1.176,53.09062781092244,112.1,2.054166942112414,12.82739734649658,37.74569914482831,635.1327329261151,1682.662521335592,5198.11451468284,129.664321391056
2017,,12775.8,6.865753424657535,-2.91313845878863,18.70675952271684,-8.539784800315244,473.6350343797827,-2.55721965196874,-2.419,31.75544710651666,0.1327635307837562,141.8289624502199,134.163,1.176,53.09062781092244,112.1,2.054166942112414,12.82739734649658,37.74569914482831,635.1327329261151,1682.662521335592,5198.11451468284,129.664321391056
2017,,10965.4,6.865753424657535,-2.91313845878863,18.70675952271684,-8.539784800315244,473.6350343797827,-2.55721965196874,-2.419,31.75544710651666,0.1327635307837562,141.8289624502199,134.163,1.176,53.09062781092244,112.1,2.054166942112414,12.82739734649658,37.74569914482831,635.1327329261151,1682.662521335592,5198.11451468284,129.664321391056
2017,,387935.2,6.865753424657535,-2.91313845878863,18.70675952271684,-8.539784800315244,473.6350343797827,-2.55721965196874,-2.419,31.75544710651666,0.1327635307837562,141.8289624502199,134.163,1.176,53.09062781092244,112.1,2.054166942112414,12.82739734649658,37.74569914482831,635.1327329261151,1682.662521335592,5198.11451468284,129.664321391056
2017,,266389.6,6.865753424657535,-2.91313845878863,18.70675952271684,-8.539784800315244,473.6350343797827,-2.55721965196874,-2.419,31.75544710651666,0.1327635307837562,141.8289624502199,134.163,1.176,53.09062781092244,112.1,2.054166942112414,12.82739734649658,37.74569914482831,635.1327329261151,1682.662521335592,5198.11451468284,129.664321391056
2017,,32733.3,6.865753424657535,-2.91313845878863,18.70675952271684,-8.539784800315244,473.6350343797827,-2.55721965196874,-2.419,31.75544710651666,0.1327635307837562,141.8289624502199,134.163,1.176,53.09062781092244,112.1,2.054166942112414,12.82739734649658,37.74569914482831,635.1327329261151,1682.662521335592,5198.11451468284,129.664321391056
2017,,7408.3,6.865753424657535,-2.91313845878863,18.70675952271684,-8.539784800315244,473.6350343797827,-2.55721965196874,-2.419,31.75544710651666,0.1327635307837562,141.8289624502199,134.163,1.176,53.09062781092244,112.1,2.054166942112414,12.82739734649658,37.74569914482831,635.1327329261151,1682.662521335592,5198.11451468284,129.664321391056
2017,,7293.9,6.865753424657535,-2.91313845878863,18.70675952271684,-8.539784800315244,473.6350343797827,-2.55721965196874,-2.419,31.75544710651666,0.1327635307837562,141.8289624502199,134.163,1.176,53.09062781092244,112.1,2.054166942112414,12.82739734649658,37.74569914482831,635.1327329261151,1682.662521335592,5198.11451468284,129.664321391056
2017,,7923.1,6.865753424657535,-2.91313845878863,18.70675952271684,-8.539784800315244,473.6350343797827,-2.55721965196874,-2.419,31.75544710651666,0.1327635307837562,141.8289624502199,134.163,1.176,53.09062781092244,112.1,2.054166942112414,12.82739734649658,37.74569914482831,635.1327329261151,1682.662521335592,5198.11451468284,129.664321391056
2017,,10108.0,6.865753424657535,-2.91313845878863,18.70675952271684,-8.539784800315244,473.6350343797827,-2.55721965196874,-2.419,31.75544710651666,0.1327635307837562,141.8289624502199,134.163,1.176,53.09062781092244,112.1,2.054166942112414,12.82739734649658,37.74569914482831,635.1327329261151,1682.662521335592,5198.11451468284,129.664321391056
2017,,6486.6,6.865753424657535,-2.91313845878863,18.70675952271684,-8.539784800315244,473.6350343797827,-2.55721965196874,-2.419,31.75544710651666,0.1327635307837562,141.8289624502199,134.163,1.176,53.09062781092244,112.1,2.054166942112414,12.82739734649658,37.74569914482831,635.1327329261151,1682.662521335592,5198.11451468284,129.664321391056
2017,,4744.0,6.865753424657535,-2.91313845878863,18.70675952271684,-8.539784800315244,473.6350343797827,-2.55721965196874,-2.419,31.75544710651666,0.1327635307837562,141.8289624502199,134.163,1.176,53.09062781092244,112.1,2.054166942112414,12.82739734649658,37.74569914482831,635.1327329261151,1682.662521335592,5198.11451468284,129.664321391056
2017,,1742.5,6.865753424657535,-2.91313845878863,18.70675952271684,-8.539784800315244,473.6350343797827,-2.55721965196874,-2.419,31.75544710651666,0.1327635307837562,141.8289624502199,134.163,1.176,53.09062781092244,112.1,2.054166942112414,12.82739734649658,37.74569914482831,635.1327329261151,1682.662521335592,5198.11451468284,129.664321391056
2017,,107434.8,6.865753424657535,-2.91313845878863,18.70675952271684,-8.539784800315244,473.6350343797827,-2.55721965196874,-2.419,31.75544710651666,0.1327635307837562,141.8289624502199,134.163,1.176,53.09062781092244,112.1,2.054166942112414,12.82739734649658,37.74569914482831,635.1327329261151,1682.662521335592,5198.11451468284,129.664321391056
2017,,15391.1,6.865753424657535,-2.91313845878863,18.70675952271684,-8.539784800315244,473.6350343797827,-2.55721965196874,-2.419,31.75544710651666,0.1327635307837562,141.8289624502199,134.163,1.176,53.09062781092244,112.1,2.054166942112414,12.82739734649658,37.74569914482831,635.1327329261151,1682.662521335592,5198.11451468284,129.664321391056
2017,,4671.2,6.865753424657535,-2.91313845878863,18.70675952271684,-8.539784800315244,473.6350343797827,-2.55721965196874,-2.419,31.75544710651666,0.1327635307837562,141.8289624502199,134.163,1.176,53.09062781092244,112.1,2.054166942112414,12.82739734649658,37.74569914482831,635.1327329261151,1682.662521335592,5198.11451468284,129.664321391056
2017,,59310.1,6.865753424657535,-2.91313845878863,18.70675952271684,-8.539784800315244,473.6350343797827,-2.55721965196874,-2.419,31.75544710651666,0.1327635307837562,141.8289624502199,134.163,1.176,53.09062781092244,112.1,2.054166942112414,12.82739734649658,37.74569914482831,635.1327329261151,1682.662521335592,5198.11451468284,129.664321391056
2017,,7834.2,6.865753424657535,-2.91313845878863,18.70675952271684,-8.539784800315244,473.6350343797827,-2.55721965196874,-2.419,31.75544710651666,0.1327635307837562,141.8289624502199,134.163,1.176,53.09062781092244,112.1,2.054166942112414,12.82739734649658,37.74569914482831,635.1327329261151,1682.662521335592,5198.11451468284,129.664321391056
2017,,20228.1,6.865753424657535,-2.91313845878863,18.70675952271684,-8.539784800315244,473.6350343797827,-2.55721965196874,-2.419,31.75544710651666,0.1327635307837562,141.8289624502199,134.163,1.176,53.09062781092244,112.1,2.054166942112414,12.82739734649658,37.74569914482831,635.1327329261151,1682.662521335592,5198.11451468284,129.664321391056
2017,,74209.6,6.865753424657535,-2.91313845878863,18.70675952271684,-8.539784800315244,473.6350343797827,-2.55721965196874,-2.419,31.75544710651666,0.1327635307837562,141.8289624502199,134.163,1.176,53.09062781092244,112.1,2.054166942112414,12.82739734649658,37.74569914482831,635.1327329261151,1682.662521335592,5198.11451468284,129.664321391056
2017,,10879.2,6.865753424657535,-2.91313845878863,18.70675952271684,-8.539784800315244,473.6350343797827,-2.55721965196874,-2.419,31.75544710651666,0.1327635307837562,141.8289624502199,134.163,1.176,53.09062781092244,112.1,2.054166942112414,12.82739734649658,37.74569914482831,635.1327329261151,1682.662521335592,5198.11451468284,129.664321391056
2017,,26545.6,6.865753424657535,-2.91313845878863,18.70675952271684,-8.539784800315244,473.6350343797827,-2.55721965196874,-2.419,31.75544710651666,0.1327635307837562,141.8289624502199,134.163,1.176,53.09062781092244,112.1,2.054166942112414,12.82739734649658,37.74569914482831,635.1327329261151,1682.662521335592,5198.11451468284,129.664321391056
2017,,10525.5,6.865753424657535,-2.91313845878863,18.70675952271684,-8.539784800315244,473.6350343797827,-2.55721965196874,-2.419,31.75544710651666,0.1327635307837562,141.8289624502199,134.163,1.176,53.09062781092244,112.1,2.054166942112414,12.82739734649658,37.74569914482831,635.1327329261151,1682.662521335592,5198.11451468284,129.664321391056
2017,,6946.4,6.865753424657535,-2.91313845878863,18.70675952271684,-8.539784800315244,473.6350343797827,-2.55721965196874,-2.419,31.75544710651666,0.1327635307837562,141.8289624502199,134.163,1.176,53.09062781092244,112.1,2.054166942112414,12.82739734649658,37.74569914482831,635.1327329261151,1682.662521335592,5198.11451468284,129.664321391056
2017,,13021.6,6.865753424657535,-2.91313845878863,18.70675952271684,-8.539784800315244,473.6350343797827,-2.55721965196874,-2.419,31.75544710651666,0.1327635307837562,141.8289624502199,134.163,1.176,53.09062781092244,112.1,2.054166942112414,12.82739734649658,37.74569914482831,635.1327329261151,1682.662521335592,5198.11451468284,129.664321391056
2017,,6291.4,6.865753424657535,-2.91313845878863,18.70675952271684,-8.539784800315244,473.6350343797827,-2.55721965196874,-2.419,31.75544710651666,0.1327635307837562,141.8289624502199,134.163,1.176,53.09062781092244,112.1,2.054166942112414,12.82739734649658,37.74569914482831,635.1327329261151,1682.662521335592,5198.11451468284,129.664321391056
2017,,12070.6,6.865753424657535,-2.91313845878863,18.70675952271684,-8.539784800315244,473.6350343797827,-2.55721965196874,-2.419,31.75544710651666,0.1327635307837562,141.8289624502199,134.163,1.176,53.09062781092244,112.1,2.054166942112414,12.82739734649658,37.74569914482831,635.1327329261151,1682.662521335592,5198.11451468284,129.664321391056
2017,,8456.4,6.865753424657535,-2.91313845878863,18.70675952271684,-8.539784800315244,473.6350343797827,-2.55721965196874,-2.419,31.75544710651666,0.1327635307837562,141.8289624502199,134.163,1.176,53.09062781092244,112.1,2.054166942112414,12.82739734649658,37.74569914482831,635.1327329261151,1682.662521335592,5198.11451468284,129.664321391056
2017,,3614.2,6.865753424657535,-2.91313845878863,18.70675952271684,-8.539784800315244,473.6350343797827,-2.55721965196874,-2.419,31.75544710651666,0.1327635307837562,141.8289624502199,134.163,1.176,53.09062781092244,112.1,2.054166942112414,12.82739734649658,37.74569914482831,635.1327329261151,1682.662521335592,5198.11451468284,129.664321391056
2017,,33454.8,6.865753424657535,-2.91313845878863,18.70675952271684,-8.539784800315244,473.6350343797827,-2.55721965196874,-2.419,31.75544710651666,0.1327635307837562,141.8289624502199,134.163,1.176,53.09062781092244,112.1,2.054166942112414,12.82739734649658,37.74569914482831,635.1327329261151,1682.662521335592,5198.11451468284,129.664321391056
2017,,11281.9,6.865753424657535,-2.91313845878863,18.70675952271684,-8.539784800315244,473.6350343797827,-2.55721965196874,-2.419,31.75544710651666,0.1327635307837562,141.8289624502199,134.163,1.176,53.09062781092244,112.1,2.054166942112414,12.82739734649658,37.74569914482831,635.1327329261151,1682.662521335592,5198.11451468284,129.664321391056
2017,,7162.5,6.865753424657535,-2.91313845878863,18.70675952271684,-8.539784800315244,473.6350343797827,-2.55721965196874,-2.419,31.75544710651666,0.1327635307837562,141.8289624502199,134.163,1.176,53.09062781092244,112.1,2.054166942112414,12.82739734649658,37.74569914482831,635.1327329261151,1682.662521335592,5198.11451468284,129.664321391056
2017,,9465.0,6.865753424657535,-2.91313845878863,18.70675952271684,-8.539784800315244,473.6350343797827,-2.55721965196874,-2.419,31.75544710651666,0.1327635307837562,141.8289624502199,134.163,1.176,53.09062781092244,112.1,2.054166942112414,12.82739734649658,37.74569914482831,635.1327329261151,1682.662521335592,5198.11451468284,129.664321391056
2017,,2999.5,6.865753424657535,-2.91313845878863,18.70675952271684,-8.539784800315244,473.6350343797827,-2.55721965196874,-2.419,31.75544710651666,0.1327635307837562,141.8289624502199,134.163,1.176,53.09062781092244,112.1,2.054166942112414,12.82739734649658,37.74569914482831,635.1327329261151,1682.662521335592,5198.11451468284,129.664321391056
2017,,2546.0,6.865753424657535,-2.91313845878863,18.70675952271684,-8.539784800315244,473.6350343797827,-2.55721965196874,-2.419,31.75544710651666,0.1327635307837562,141.8289624502199,134.163,1.176,53.09062781092244,112.1,2.054166942112414,12.82739734649658,37.74569914482831,635.1327329261151,1682.662521335592,5198.11451468284,129.664321391056
2017,,121545.5,6.865753424657535,-2.91313845878863,18.70675952271684,-8.539784800315244,473.6350343797827,-2.55721965196874,-2.419,31.75544710651666,0.1327635307837562,141.8289624502199,134.163,1.176,53.09062781092244,112.1,2.054166942112414,12.82739734649658,37.74569914482831,635.1327329261151,1682.662521335592,5198.11451468284,129.664321391056
2017,,87772.0,6.865753424657535,-2.91313845878863,18.70675952271684,-8.539784800315244,473.6350343797827,-2.55721965196874,-2.419,31.75544710651666,0.1327635307837562,141.8289624502199,134.163,1.176,53.09062781092244,112.1,2.054166942112414,12.82739734649658,37.74569914482831,635.1327329261151,1682.662521335592,5198.11451468284,129.664321391056
2017,,6929.1,6.865753424657535,-2.91313845878863,18.70675952271684,-8.539784800315244,473.6350343797827,-2.55721965196874,-2.419,31.75544710651666,0.1327635307837562,141.8289624502199,134.163,1.176,53.09062781092244,112.1,2.054166942112414,12.82739734649658,37.74569914482831,635.1327329261151,1682.662521335592,5198.11451468284,129.664321391056
2017,,23263.3,6.865753424657535,-2.91313845878863,18.70675952271684,-8.539784800315244,473.6350343797827,-2.55721965196874,-2.419,31.75544710651666,0.1327635307837562,141.8289624502199,134.163,1.176,53.09062781092244,112.1,2.054166942112414,12.82739734649658,37.74569914482831,635.1327329261151,1682.662521335592,5198.11451468284,129.664321391056
2017,,11225.5,6.865753424657535,-2.91313845878863,18.70675952271684,-8.539784800315244,473.6350343797827,-2.55721965196874,-2.419,31.75544710651666,0.1327635307837562,141.8289624502199,134.163,1.176,53.09062781092244,112.1,2.054166942112414,12.82739734649658,37.74569914482831,635.1327329261151,1682.662521335592,5198.11451468284,129.664321391056
2017,,6624.0,6.865753424657535,-2.91313845878863,18.70675952271684,-8.539784800315244,473.6350343797827,-2.55721965196874,-2.419,31.75544710651666,0.1327635307837562,141.8289624502199,134.163,1.176,53.09062781092244,112.1,2.054166942112414,12.82739734649658,37.74569914482831,635.1327329261151,1682.662521335592,5198.11451468284,129.664321391056
2017,,3981.6,6.865753424657535,-2.91313845878863,18.70675952271684,-8.539784800315244,473.6350343797827,-2.55721965196874,-2.419,31.75544710651666,0.1327635307837562,141.8289624502199,134.163,1.176,53.09062781092244,112.1,2.054166942112414,12.82739734649658,37.74569914482831,635.1327329261151,1682.662521335592,5198.11451468284,129.664321391056
2017,,2493.7,6.865753424657535,-2.91313845878863,18.70675952271684,-8.539784800315244,473.6350343797827,-2.55721965196874,-2.419,31.75544710651666,0.1327635307837562,141.8289624502199,134.163,1.176,53.09062781092244,112.1,2.054166942112414,12.82739734649658,37.74569914482831,635.1327329261151,1682.662521335592,5198.11451468284,129.664321391056
2017,,19945.6,6.865753424657535,-2.91313845878863,18.70675952271684,-8.539784800315244,473.6350343797827,-2.55721965196874,-2.419,31.75544710651666,0.1327635307837562,141.8289624502199,134.163,1.176,53.09062781092244,112.1,2.054166942112414,12.82739734649658,37.74569914482831,635.1327329261151,1682.662521335592,5198.11451468284,129.664321391056
2017,,5671.4,6.865753424657535,-2.91313845878863,18.70675952271684,-8.539784800315244,473.6350343797827,-2.55721965196874,-2.419,31.75544710651666,0.1327635307837562,141.8289624502199,134.163,1.176,53.09062781092244,112.1,2.054166942112414,12.82739734649658,37.74569914482831,635.1327329261151,1682.662521335592,5198.11451468284,129.664321391056
2017,,7637.9,6.865753424657535,-2.91313845878863,18.70675952271684,-8.539784800315244,473.6350343797827,-2.55721965196874,-2.419,31.75544710651666,0.1327635307837562,141.8289624502199,134.163,1.176,53.09062781092244,112.1,2.054166942112414,12.82739734649658,37.74569914482831,635.1327329261151,1682.662521335592,5198.11451468284,129.664321391056
2017,,33773.5,6.865753424657535,-2.91313845878863,18.70675952271684,-8.539784800315244,473.6350343797827,-2.55721965196874,-2.419,31.75544710651666,0.1327635307837562,141.8289624502199,134.163,1.176,53.09062781092244,112.1,2.054166942112414,12.82739734649658,37.74569914482831,635.1327329261151,1682.662521335592,5198.11451468284,129.664321391056
2017,,9985.1,6.865753424657535,-2.91313845878863,18.70675952271684,-8.539784800315244,473.6350343797827,-2.55721965196874,-2.419,31.75544710651666,0.1327635307837562,141.8289624502199,134.163,1.176,53.09062781092244,112.1,2.054166942112414,12.82739734649658,37.74569914482831,635.1327329261151,1682.662521335592,5198.11451468284,129.664321391056
2017,,3858.4,6.865753424657535,-2.91313845878863,18.70675952271684,-8.539784800315244,473.6350343797827,-2.55721965196874,-2.419,31.75544710651666,0.1327635307837562,141.8289624502199,134.163,1.176,53.09062781092244,112.1,2.054166942112414,12.82739734649658,37.74569914482831,635.1327329261151,1682.662521335592,5198.11451468284,129.664321391056
2017,,11864.1,6.865753424657535,-2.91313845878863,18.70675952271684,-8.539784800315244,473.6350343797827,-2.55721965196874,-2.419,31.75544710651666,0.1327635307837562,141.8289624502199,134.163,1.176,53.09062781092244,112.1,2.054166942112414,12.82739734649658,37.74569914482831,635.1327329261151,1682.662521335592,5198.11451468284,129.664321391056
2017,,2719.1,6.865753424657535,-2.91313845878863,18.70675952271684,-8.539784800315244,473.6350343797827,-2.55721965196874,-2.419,31.75544710651666,0.1327635307837562,141.8289624502199,134.163,1.176,53.09062781092244,112.1,2.054166942112414,12.82739734649658,37.74569914482831,635.1327329261151,1682.662521335592,5198.11451468284,129.664321391056
2017,,5346.8,6.865753424657535,-2.91313845878863,18.70675952271684,-8.539784800315244,473.6350343797827,-2.55721965196874,-2.419,31.75544710651666,0.1327635307837562,141.8289624502199,134.163,1.176,53.09062781092244,112.1,2.054166942112414,12.82739734649658,37.74569914482831,635.1327329261151,1682.662521335592,5198.11451468284,129.664321391056
2017,,1234.3,6.865753424657535,-2.91313845878863,18.70675952271684,-8.539784800315244,473.6350343797827,-2.55721965196874,-2.419,31.75544710651666,0.1327635307837562,141.8289624502199,134.163,1.176,53.09062781092244,112.1,2.054166942112414,12.82739734649658,37.74569914482831,635.1327329261151,1682.662521335592,5198.11451468284,129.664321391056
2018,,1777744.4,6.865753424657535,-2.887677805441442,17.76025567638852,-7.643089744804674,474.6235171181408,-2.315724248910842,-2.165,29.00933884690889,0.1335127416429681,143.8027321922957,134.443,1.299,50.18686522877566,110.4,2.374292691857351,12.93242009480794,41.55216349375493,666.3731138142562,1603.702569938166,4760.172719074929,116.7497558388441
2018,,1385033.2,6.865753424657535,-2.887677805441442,17.76025567638852,-7.643089744804674,474.6235171181408,-2.315724248910842,-2.165,29.00933884690889,0.1335127416429681,143.8027321922957,134.443,1.299,50.18686522877566,110.4,2.374292691857351,12.93242009480794,41.55216349375493,666.3731138142562,1603.702569938166,4760.172719074929,116.7497558388441
2018,,999526.6,6.865753424657535,-2.887677805441442,17.76025567638852,-7.643089744804674,474.6235171181408,-2.315724248910842,-2.165,29.00933884690889,0.1335127416429681,143.8027321922957,134.443,1.299,50.18686522877566,110.4,2.374292691857351,12.93242009480794,41.55216349375493,666.3731138142562,1603.702569938166,4760.172719074929,116.7497558388441
2018,,589545.3,6.865753424657535,-2.887677805441442,17.76025567638852,-7.643089744804674,474.6235171181408,-2.315724248910842,-2.165,29.00933884690889,0.1335127416429681,143.8027321922957,134.443,1.299,50.18686522877566,110.4,2.374292691857351,12.93242009480794,41.55216349375493,666.3731138142562,1603.702569938166,4760.172719074929,116.7497558388441
2018,,135216.6,6.865753424657535,-2.887677805441442,17.76025567638852,-7.643089744804674,474.6235171181408,-2.315724248910842,-2.165,29.00933884690889,0.1335127416429681,143.8027321922957,134.443,1.299,50.18686522877566,110.4,2.374292691857351,12.93242009480794,41.55216349375493,666.3731138142562,1603.702569938166,4760.172719074929,116.7497558388441
2018,,73776.4,6.865753424657535,-2.887677805441442,17.76025567638852,-7.643089744804674,474.6235171181408,-2.315724248910842,-2.165,29.00933884690889,0.1335127416429681,143.8027321922957,134.443,1.299,50.18686522877566,110.4,2.374292691857351,12.93242009480794,41.55216349375493,666.3731138142562,1603.702569938166,4760.172719074929,116.7497558388441
2018,,4793.1,6.865753424657535,-2.887677805441442,17.76025567638852,-7.643089744804674,474.6235171181408,-2.315724248910842,-2.165,29.00933884690889,0.1335127416429681,143.8027321922957,134.443,1.299,50.18686522877566,110.4,2.374292691857351,12.93242009480794,41.55216349375493,666.3731138142562,1603.702569938166,4760.172719074929,116.7497558388441
2018,,11147.1,6.865753424657535,-2.887677805441442,17.76025567638852,-7.643089744804674,474.6235171181408,-2.315724248910842,-2.165,29.00933884690889,0.1335127416429681,143.8027321922957,134.443,1.299,50.18686522877566,110.4,2.374292691857351,12.93242009480794,41.55216349375493,666.3731138142562,1603.702569938166,4760.172719074929,116.7497558388441
2018,,18926.7,6.865753424657535,-2.887677805441442,17.76025567638852,-7.643089744804674,474.6235171181408,-2.315724248910842,-2.165,29.00933884690889,0.1335127416429681,143.8027321922957,134.443,1.299,50.18686522877566,110.4,2.374292691857351,12.93242009480794,41.55216349375493,666.3731138142562,1603.702569938166,4760.172719074929,116.7497558388441
2018,,5619.9,6.865753424657535,-2.887677805441442,17.76025567638852,-7.643089744804674,474.6235171181408,-2.315724248910842,-2.165,29.00933884690889,0.1335127416429681,143.8027321922957,134.443,1.299,50.18686522877566,110.4,2.374292691857351,12.93242009480794,41.55216349375493,666.3731138142562,1603.702569938166,4760.172719074929,116.7497558388441
2018,,12138.2,6.865753424657535,-2.887677805441442,17.76025567638852,-7.643089744804674,474.6235171181408,-2.315724248910842,-2.165,29.00933884690889,0.1335127416429681,143.8027321922957,134.443,1.299,50.18686522877566,110.4,2.374292691857351,12.93242009480794,41.55216349375493,666.3731138142562,1603.702569938166,4760.172719074929,116.7497558388441
2018,,4922.7,6.865753424657535,-2.887677805441442,17.76025567638852,-7.643089744804674,474.6235171181408,-2.315724248910842,-2.165,29.00933884690889,0.1335127416429681,143.8027321922957,134.443,1.299,50.18686522877566,110.4,2.374292691857351,12.93242009480794,41.55216349375493,666.3731138142562,1603.702569938166,4760.172719074929,116.7497558388441
2018,,3892.6,6.865753424657535,-2.887677805441442,17.76025567638852,-7.643089744804674,474.6235171181408,-2.315724248910842,-2.165,29.00933884690889,0.1335127416429681,143.8027321922957,134.443,1.299,50.18686522877566,110.4,2.374292691857351,12.93242009480794,41.55216349375493,666.3731138142562,1603.702569938166,4760.172719074929,116.7497558388441
2018,,4806.9,6.865753424657535,-2.887677805441442,17.76025567638852,-7.643089744804674,474.6235171181408,-2.315724248910842,-2.165,29.00933884690889,0.1335127416429681,143.8027321922957,134.443,1.299,50.18686522877566,110.4,2.374292691857351,12.93242009480794,41.55216349375493,666.3731138142562,1603.702569938166,4760.172719074929,116.7497558388441
2018,,4806.9,6.865753424657535,-2.887677805441442,17.76025567638852,-7.643089744804674,474.6235171181408,-2.315724248910842,-2.165,29.00933884690889,0.1335127416429681,143.8027321922957,134.443,1.299,50.18686522877566,110.4,2.374292691857351,12.93242009480794,41.55216349375493,666.3731138142562,1603.702569938166,4760.172719074929,116.7497558388441
2018,,48776.2,6.865753424657535,-2.887677805441442,17.76025567638852,-7.643089744804674,474.6235171181408,-2.315724248910842,-2.165,29.00933884690889,0.1335127416429681,143.8027321922957,134.443,1.299,50.18686522877566,110.4,2.374292691857351,12.93242009480794,41.55216349375493,666.3731138142562,1603.702569938166,4760.172719074929,116.7497558388441
2018,,5079.6,6.865753424657535,-2.887677805441442,17.76025567638852,-7.643089744804674,474.6235171181408,-2.315724248910842,-2.165,29.00933884690889,0.1335127416429681,143.8027321922957,134.443,1.299,50.18686522877566,110.4,2.374292691857351,12.93242009480794,41.55216349375493,666.3731138142562,1603.702569938166,4760.172719074929,116.7497558388441
2018,,7745.7,6.865753424657535,-2.887677805441442,17.76025567638852,-7.643089744804674,474.6235171181408,-2.315724248910842,-2.165,29.00933884690889,0.1335127416429681,143.8027321922957,134.443,1.299,50.18686522877566,110.4,2.374292691857351,12.93242009480794,41.55216349375493,666.3731138142562,1603.702569938166,4760.172719074929,116.7497558388441
2018,,29238.7,6.865753424657535,-2.887677805441442,17.76025567638852,-7.643089744804674,474.6235171181408,-2.315724248910842,-2.165,29.00933884690889,0.1335127416429681,143.8027321922957,134.443,1.299,50.18686522877566,110.4,2.374292691857351,12.93242009480794,41.55216349375493,666.3731138142562,1603.702569938166,4760.172719074929,116.7497558388441
2018,,6712.2,6.865753424657535,-2.887677805441442,17.76025567638852,-7.643089744804674,474.6235171181408,-2.315724248910842,-2.165,29.00933884690889,0.1335127416429681,143.8027321922957,134.443,1.299,50.18686522877566,110.4,2.374292691857351,12.93242009480794,41.55216349375493,666.3731138142562,1603.702569938166,4760.172719074929,116.7497558388441
2018,,400745.5,6.865753424657535,-2.887677805441442,17.76025567638852,-7.643089744804674,474.6235171181408,-2.315724248910842,-2.165,29.00933884690889,0.1335127416429681,143.8027321922957,134.443,1.299,50.18686522877566,110.4,2.374292691857351,12.93242009480794,41.55216349375493,666.3731138142562,1603.702569938166,4760.172719074929,116.7497558388441
2018,,27145.4,6.865753424657535,-2.887677805441442,17.76025567638852,-7.643089744804674,474.6235171181408,-2.315724248910842,-2.165,29.00933884690889,0.1335127416429681,143.8027321922957,134.443,1.299,50.18686522877566,110.4,2.374292691857351,12.93242009480794,41.55216349375493,666.3731138142562,1603.702569938166,4760.172719074929,116.7497558388441
2018,,17547.4,6.865753424657535,-2.887677805441442,17.76025567638852,-7.643089744804674,474.6235171181408,-2.315724248910842,-2.165,29.00933884690889,0.1335127416429681,143.8027321922957,134.443,1.299,50.18686522877566,110.4,2.374292691857351,12.93242009480794,41.55216349375493,666.3731138142562,1603.702569938166,4760.172719074929,116.7497558388441
2018,,5399.0,6.865753424657535,-2.887677805441442,17.76025567638852,-7.643089744804674,474.6235171181408,-2.315724248910842,-2.165,29.00933884690889,0.1335127416429681,143.8027321922957,134.443,1.299,50.18686522877566,110.4,2.374292691857351,12.93242009480794,41.55216349375493,666.3731138142562,1603.702569938166,4760.172719074929,116.7497558388441
2018,,184964.7,6.865753424657535,-2.887677805441442,17.76025567638852,-7.643089744804674,474.6235171181408,-2.315724248910842,-2.165,29.00933884690889,0.1335127416429681,143.8027321922957,134.443,1.299,50.18686522877566,110.4,2.374292691857351,12.93242009480794,41.55216349375493,666.3731138142562,1603.702569938166,4760.172719074929,116.7497558388441
2018,,38044.8,6.865753424657535,-2.887677805441442,17.76025567638852,-7.643089744804674,474.6235171181408,-2.315724248910842,-2.165,29.00933884690889,0.1335127416429681,143.8027321922957,134.443,1.299,50.18686522877566,110.4,2.374292691857351,12.93242009480794,41.55216349375493,666.3731138142562,1603.702569938166,4760.172719074929,116.7497558388441
2018,,44098.5,6.865753424657535,-2.887677805441442,17.76025567638852,-7.643089744804674,474.6235171181408,-2.315724248910842,-2.165,29.00933884690889,0.1335127416429681,143.8027321922957,134.443,1.299,50.18686522877566,110.4,2.374292691857351,12.93242009480794,41.55216349375493,666.3731138142562,1603.702569938166,4760.172719074929,116.7497558388441
2018,,13728.6,6.865753424657535,-2.887677805441442,17.76025567638852,-7.643089744804674,474.6235171181408,-2.315724248910842,-2.165,29.00933884690889,0.1335127416429681,143.8027321922957,134.443,1.299,50.18686522877566,110.4,2.374292691857351,12.93242009480794,41.55216349375493,666.3731138142562,1603.702569938166,4760.172719074929,116.7497558388441
2018,,11705.8,6.865753424657535,-2.887677805441442,17.76025567638852,-7.643089744804674,474.6235171181408,-2.315724248910842,-2.165,29.00933884690889,0.1335127416429681,143.8027321922957,134.443,1.299,50.18686522877566,110.4,2.374292691857351,12.93242009480794,41.55216349375493,666.3731138142562,1603.702569938166,4760.172719074929,116.7497558388441
2018,,13384.4,6.865753424657535,-2.887677805441442,17.76025567638852,-7.643089744804674,474.6235171181408,-2.315724248910842,-2.165,29.00933884690889,0.1335127416429681,143.8027321922957,134.443,1.299,50.18686522877566,110.4,2.374292691857351,12.93242009480794,41.55216349375493,666.3731138142562,1603.702569938166,4760.172719074929,116.7497558388441
2018,,10866.7,6.865753424657535,-2.887677805441442,17.76025567638852,-7.643089744804674,474.6235171181408,-2.315724248910842,-2.165,29.00933884690889,0.1335127416429681,143.8027321922957,134.443,1.299,50.18686522877566,110.4,2.374292691857351,12.93242009480794,41.55216349375493,666.3731138142562,1603.702569938166,4760.172719074929,116.7497558388441
2018,,6179.5,6.865753424657535,-2.887677805441442,17.76025567638852,-7.643089744804674,474.6235171181408,-2.315724248910842,-2.165,29.00933884690889,0.1335127416429681,143.8027321922957,134.443,1.299,50.18686522877566,110.4,2.374292691857351,12.93242009480794,41.55216349375493,666.3731138142562,1603.702569938166,4760.172719074929,116.7497558388441
2018,,27680.6,6.865753424657535,-2.887677805441442,17.76025567638852,-7.643089744804674,474.6235171181408,-2.315724248910842,-2.165,29.00933884690889,0.1335127416429681,143.8027321922957,134.443,1.299,50.18686522877566,110.4,2.374292691857351,12.93242009480794,41.55216349375493,666.3731138142562,1603.702569938166,4760.172719074929,116.7497558388441
2018,,409981.3,6.865753424657535,-2.887677805441442,17.76025567638852,-7.643089744804674,474.6235171181408,-2.315724248910842,-2.165,29.00933884690889,0.1335127416429681,143.8027321922957,134.443,1.299,50.18686522877566,110.4,2.374292691857351,12.93242009480794,41.55216349375493,666.3731138142562,1603.702569938166,4760.172719074929,116.7497558388441
2018,,45850.2,6.865753424657535,-2.887677805441442,17.76025567638852,-7.643089744804674,474.6235171181408,-2.315724248910842,-2.165,29.00933884690889,0.1335127416429681,143.8027321922957,134.443,1.299,50.18686522877566,110.4,2.374292691857351,12.93242009480794,41.55216349375493,666.3731138142562,1603.702569938166,4760.172719074929,116.7497558388441
2018,,25401.1,6.865753424657535,-2.887677805441442,17.76025567638852,-7.643089744804674,474.6235171181408,-2.315724248910842,-2.165,29.00933884690889,0.1335127416429681,143.8027321922957,134.443,1.299,50.18686522877566,110.4,2.374292691857351,12.93242009480794,41.55216349375493,666.3731138142562,1603.702569938166,4760.172719074929,116.7497558388441
2018,,25401.1,6.865753424657535,-2.887677805441442,17.76025567638852,-7.643089744804674,474.6235171181408,-2.315724248910842,-2.165,29.00933884690889,0.1335127416429681,143.8027321922957,134.443,1.299,50.18686522877566,110.4,2.374292691857351,12.93242009480794,41.55216349375493,666.3731138142562,1603.702569938166,4760.172719074929,116.7497558388441
2018,,20449.2,6.865753424657535,-2.887677805441442,17.76025567638852,-7.643089744804674,474.6235171181408,-2.315724248910842,-2.165,29.00933884690889,0.1335127416429681,143.8027321922957,134.443,1.299,50.18686522877566,110.4,2.374292691857351,12.93242009480794,41.55216349375493,666.3731138142562,1603.702569938166,4760.172719074929,116.7497558388441
2018,,20449.2,6.865753424657535,-2.887677805441442,17.76025567638852,-7.643089744804674,474.6235171181408,-2.315724248910842,-2.165,29.00933884690889,0.1335127416429681,143.8027321922957,134.443,1.299,50.18686522877566,110.4,2.374292691857351,12.93242009480794,41.55216349375493,666.3731138142562,1603.702569938166,4760.172719074929,116.7497558388441
2018,,164509.0,6.865753424657535,-2.887677805441442,17.76025567638852,-7.643089744804674,474.6235171181408,-2.315724248910842,-2.165,29.00933884690889,0.1335127416429681,143.8027321922957,134.443,1.299,50.18686522877566,110.4,2.374292691857351,12.93242009480794,41.55216349375493,666.3731138142562,1603.702569938166,4760.172719074929,116.7497558388441
2018,,31944.9,6.865753424657535,-2.887677805441442,17.76025567638852,-7.643089744804674,474.6235171181408,-2.315724248910842,-2.165,29.00933884690889,0.1335127416429681,143.8027321922957,134.443,1.299,50.18686522877566,110.4,2.374292691857351,12.93242009480794,41.55216349375493,666.3731138142562,1603.702569938166,4760.172719074929,116.7497558388441
2018,,30021.3,6.865753424657535,-2.887677805441442,17.76025567638852,-7.643089744804674,474.6235171181408,-2.315724248910842,-2.165,29.00933884690889,0.1335127416429681,143.8027321922957,134.443,1.299,50.18686522877566,110.4,2.374292691857351,12.93242009480794,41.55216349375493,666.3731138142562,1603.702569938166,4760.172719074929,116.7497558388441
2018,,6724.7,6.865753424657535,-2.887677805441442,17.76025567638852,-7.643089744804674,474.6235171181408,-2.315724248910842,-2.165,29.00933884690889,0.1335127416429681,143.8027321922957,134.443,1.299,50.18686522877566,110.4,2.374292691857351,12.93242009480794,41.55216349375493,666.3731138142562,1603.702569938166,4760.172719074929,116.7497558388441
2018,,30059.8,6.865753424657535,-2.887677805441442,17.76025567638852,-7.643089744804674,474.6235171181408,-2.315724248910842,-2.165,29.00933884690889,0.1335127416429681,143.8027321922957,134.443,1.299,50.18686522877566,110.4,2.374292691857351,12.93242009480794,41.55216349375493,666.3731138142562,1603.702569938166,4760.172719074929,116.7497558388441
2018,,27197.6,6.865753424657535,-2.887677805441442,17.76025567638852,-7.643089744804674,474.6235171181408,-2.315724248910842,-2.165,29.00933884690889,0.1335127416429681,143.8027321922957,134.443,1.299,50.18686522877566,110.4,2.374292691857351,12.93242009480794,41.55216349375493,666.3731138142562,1603.702569938166,4760.172719074929,116.7497558388441
2018,,32367.1,6.865753424657535,-2.887677805441442,17.76025567638852,-7.643089744804674,474.6235171181408,-2.315724248910842,-2.165,29.00933884690889,0.1335127416429681,143.8027321922957,134.443,1.299,50.18686522877566,110.4,2.374292691857351,12.93242009480794,41.55216349375493,666.3731138142562,1603.702569938166,4760.172719074929,116.7497558388441
2018,,6193.6,6.865753424657535,-2.887677805441442,17.76025567638852,-7.643089744804674,474.6235171181408,-2.315724248910842,-2.165,29.00933884690889,0.1335127416429681,143.8027321922957,134.443,1.299,50.18686522877566,110.4,2.374292691857351,12.93242009480794,41.55216349375493,666.3731138142562,1603.702569938166,4760.172719074929,116.7497558388441
2018,,38062.9,6.865753424657535,-2.887677805441442,17.76025567638852,-7.643089744804674,474.6235171181408,-2.315724248910842,-2.165,29.00933884690889,0.1335127416429681,143.8027321922957,134.443,1.299,50.18686522877566,110.4,2.374292691857351,12.93242009480794,41.55216349375493,666.3731138142562,1603.702569938166,4760.172719074929,116.7497558388441
2018,,16361.2,6.865753424657535,-2.887677805441442,17.76025567638852,-7.643089744804674,474.6235171181408,-2.315724248910842,-2.165,29.00933884690889,0.1335127416429681,143.8027321922957,134.443,1.299,50.18686522877566,110.4,2.374292691857351,12.93242009480794,41.55216349375493,666.3731138142562,1603.702569938166,4760.172719074929,116.7497558388441
2018,,3890.9,6.865753424657535,-2.887677805441442,17.76025567638852,-7.643089744804674,474.6235171181408,-2.315724248910842,-2.165,29.00933884690889,0.1335127416429681,143.8027321922957,134.443,1.299,50.18686522877566,110.4,2.374292691857351,12.93242009480794,41.55216349375493,666.3731138142562,1603.702569938166,4760.172719074929,116.7497558388441
2018,,8102.7,6.865753424657535,-2.887677805441442,17.76025567638852,-7.643089744804674,474.6235171181408,-2.315724248910842,-2.165,29.00933884690889,0.1335127416429681,143.8027321922957,134.443,1.299,50.18686522877566,110.4,2.374292691857351,12.93242009480794,41.55216349375493,666.3731138142562,1603.702569938166,4760.172719074929,116.7497558388441
2018,,9708.1,6.865753424657535,-2.887677805441442,17.76025567638852,-7.643089744804674,474.6235171181408,-2.315724248910842,-2.165,29.00933884690889,0.1335127416429681,143.8027321922957,134.443,1.299,50.18686522877566,110.4,2.374292691857351,12.93242009480794,41.55216349375493,666.3731138142562,1603.702569938166,4760.172719074929,116.7497558388441
2018,,161559.2,6.865753424657535,-2.887677805441442,17.76025567638852,-7.643089744804674,474.6235171181408,-2.315724248910842,-2.165,29.00933884690889,0.1335127416429681,143.8027321922957,134.443,1.299,50.18686522877566,110.4,2.374292691857351,12.93242009480794,41.55216349375493,666.3731138142562,1603.702569938166,4760.172719074929,116.7497558388441
2018,,9512.4,6.865753424657535,-2.887677805441442,17.76025567638852,-7.643089744804674,474.6235171181408,-2.315724248910842,-2.165,29.00933884690889,0.1335127416429681,143.8027321922957,134.443,1.299,50.18686522877566,110.4,2.374292691857351,12.93242009480794,41.55216349375493,666.3731138142562,1603.702569938166,4760.172719074929,116.7497558388441
2018,,17312.9,6.865753424657535,-2.887677805441442,17.76025567638852,-7.643089744804674,474.6235171181408,-2.315724248910842,-2.165,29.00933884690889,0.1335127416429681,143.8027321922957,134.443,1.299,50.18686522877566,110.4,2.374292691857351,12.93242009480794,41.55216349375493,666.3731138142562,1603.702569938166,4760.172719074929,116.7497558388441
2018,,19297.8,6.865753424657535,-2.887677805441442,17.76025567638852,-7.643089744804674,474.6235171181408,-2.315724248910842,-2.165,29.00933884690889,0.1335127416429681,143.8027321922957,134.443,1.299,50.18686522877566,110.4,2.374292691857351,12.93242009480794,41.55216349375493,666.3731138142562,1603.702569938166,4760.172719074929,116.7497558388441
2018,,27616.5,6.865753424657535,-2.887677805441442,17.76025567638852,-7.643089744804674,474.6235171181408,-2.315724248910842,-2.165,29.00933884690889,0.1335127416429681,143.8027321922957,134.443,1.299,50.18686522877566,110.4,2.374292691857351,12.93242009480794,41.55216349375493,666.3731138142562,1603.702569938166,4760.172719074929,116.7497558388441
2018,,42451.4,6.865753424657535,-2.887677805441442,17.76025567638852,-7.643089744804674,474.6235171181408,-2.315724248910842,-2.165,29.00933884690889,0.1335127416429681,143.8027321922957,134.443,1.299,50.18686522877566,110.4,2.374292691857351,12.93242009480794,41.55216349375493,666.3731138142562,1603.702569938166,4760.172719074929,116.7497558388441
2018,,9453.6,6.865753424657535,-2.887677805441442,17.76025567638852,-7.643089744804674,474.6235171181408,-2.315724248910842,-2.165,29.00933884690889,0.1335127416429681,143.8027321922957,134.443,1.299,50.18686522877566,110.4,2.374292691857351,12.93242009480794,41.55216349375493,666.3731138142562,1603.702569938166,4760.172719074929,116.7497558388441
2018,,12601.5,6.865753424657535,-2.887677805441442,17.76025567638852,-7.643089744804674,474.6235171181408,-2.315724248910842,-2.165,29.00933884690889,0.1335127416429681,143.8027321922957,134.443,1.299,50.18686522877566,110.4,2.374292691857351,12.93242009480794,41.55216349375493,666.3731138142562,1603.702569938166,4760.172719074929,116.7497558388441
2018,,13005.9,6.865753424657535,-2.887677805441442,17.76025567638852,-7.643089744804674,474.6235171181408,-2.315724248910842,-2.165,29.00933884690889,0.1335127416429681,143.8027321922957,134.443,1.299,50.18686522877566,110.4,2.374292691857351,12.93242009480794,41.55216349375493,666.3731138142562,1603.702569938166,4760.172719074929,116.7497558388441
2018,,10307.3,6.865753424657535,-2.887677805441442,17.76025567638852,-7.643089744804674,474.6235171181408,-2.315724248910842,-2.165,29.00933884690889,0.1335127416429681,143.8027321922957,134.443,1.299,50.18686522877566,110.4,2.374292691857351,12.93242009480794,41.55216349375493,666.3731138142562,1603.702569938166,4760.172719074929,116.7497558388441
2018,,385506.6,6.865753424657535,-2.887677805441442,17.76025567638852,-7.643089744804674,474.6235171181408,-2.315724248910842,-2.165,29.00933884690889,0.1335127416429681,143.8027321922957,134.443,1.299,50.18686522877566,110.4,2.374292691857351,12.93242009480794,41.55216349375493,666.3731138142562,1603.702569938166,4760.172719074929,116.7497558388441
2018,,117668.6,6.865753424657535,-2.887677805441442,17.76025567638852,-7.643089744804674,474.6235171181408,-2.315724248910842,-2.165,29.00933884690889,0.1335127416429681,143.8027321922957,134.443,1.299,50.18686522877566,110.4,2.374292691857351,12.93242009480794,41.55216349375493,666.3731138142562,1603.702569938166,4760.172719074929,116.7497558388441
2018,,5050.4,6.865753424657535,-2.887677805441442,17.76025567638852,-7.643089744804674,474.6235171181408,-2.315724248910842,-2.165,29.00933884690889,0.1335127416429681,143.8027321922957,134.443,1.299,50.18686522877566,110.4,2.374292691857351,12.93242009480794,41.55216349375493,666.3731138142562,1603.702569938166,4760.172719074929,116.7497558388441
2018,,11037.3,6.865753424657535,-2.887677805441442,17.76025567638852,-7.643089744804674,474.6235171181408,-2.315724248910842,-2.165,29.00933884690889,0.1335127416429681,143.8027321922957,134.443,1.299,50.18686522877566,110.4,2.374292691857351,12.93242009480794,41.55216349375493,666.3731138142562,1603.702569938166,4760.172719074929,116.7497558388441
2018,,7807.7,6.865753424657535,-2.887677805441442,17.76025567638852,-7.643089744804674,474.6235171181408,-2.315724248910842,-2.165,29.00933884690889,0.1335127416429681,143.8027321922957,134.443,1.299,50.18686522877566,110.4,2.374292691857351,12.93242009480794,41.55216349375493,666.3731138142562,1603.702569938166,4760.172719074929,116.7497558388441
2018,,38871.0,6.865753424657535,-2.887677805441442,17.76025567638852,-7.643089744804674,474.6235171181408,-2.315724248910842,-2.165,29.00933884690889,0.1335127416429681,143.8027321922957,134.443,1.299,50.18686522877566,110.4,2.374292691857351,12.93242009480794,41.55216349375493,666.3731138142562,1603.702569938166,4760.172719074929,116.7497558388441
2018,,9019.3,6.865753424657535,-2.887677805441442,17.76025567638852,-7.643089744804674,474.6235171181408,-2.315724248910842,-2.165,29.00933884690889,0.1335127416429681,143.8027321922957,134.443,1.299,50.18686522877566,110.4,2.374292691857351,12.93242009480794,41.55216349375493,666.3731138142562,1603.702569938166,4760.172719074929,116.7497558388441
2018,,13331.5,6.865753424657535,-2.887677805441442,17.76025567638852,-7.643089744804674,474.6235171181408,-2.315724248910842,-2.165,29.00933884690889,0.1335127416429681,143.8027321922957,134.443,1.299,50.18686522877566,110.4,2.374292691857351,12.93242009480794,41.55216349375493,666.3731138142562,1603.702569938166,4760.172719074929,116.7497558388441
2018,,9853.5,6.865753424657535,-2.887677805441442,17.76025567638852,-7.643089744804674,474.6235171181408,-2.315724248910842,-2.165,29.00933884690889,0.1335127416429681,143.8027321922957,134.443,1.299,50.18686522877566,110.4,2.374292691857351,12.93242009480794,41.55216349375493,666.3731138142562,1603.702569938166,4760.172719074929,116.7497558388441
2018,,8720.8,6.865753424657535,-2.887677805441442,17.76025567638852,-7.643089744804674,474.6235171181408,-2.315724248910842,-2.165,29.00933884690889,0.1335127416429681,143.8027321922957,134.443,1.299,50.18686522877566,110.4,2.374292691857351,12.93242009480794,41.55216349375493,666.3731138142562,1603.702569938166,4760.172719074929,116.7497558388441
2018,,5554.7,6.865753424657535,-2.887677805441442,17.76025567638852,-7.643089744804674,474.6235171181408,-2.315724248910842,-2.165,29.00933884690889,0.1335127416429681,143.8027321922957,134.443,1.299,50.18686522877566,110.4,2.374292691857351,12.93242009480794,41.55216349375493,666.3731138142562,1603.702569938166,4760.172719074929,116.7497558388441
2018,,8422.5,6.865753424657535,-2.887677805441442,17.76025567638852,-7.643089744804674,474.6235171181408,-2.315724248910842,-2.165,29.00933884690889,0.1335127416429681,143.8027321922957,134.443,1.299,50.18686522877566,110.4,2.374292691857351,12.93242009480794,41.55216349375493,666.3731138142562,1603.702569938166,4760.172719074929,116.7497558388441
2018,,22672.4,6.865753424657535,-2.887677805441442,17.76025567638852,-7.643089744804674,474.6235171181408,-2.315724248910842,-2.165,29.00933884690889,0.1335127416429681,143.8027321922957,134.443,1.299,50.18686522877566,110.4,2.374292691857351,12.93242009480794,41.55216349375493,666.3731138142562,1603.702569938166,4760.172719074929,116.7497558388441
2018,,17189.1,6.865753424657535,-2.887677805441442,17.76025567638852,-7.643089744804674,474.6235171181408,-2.315724248910842,-2.165,29.00933884690889,0.1335127416429681,143.8027321922957,134.443,1.299,50.18686522877566,110.4,2.374292691857351,12.93242009480794,41.55216349375493,666.3731138142562,1603.702569938166,4760.172719074929,116.7497558388441
2018,,5483.3,6.865753424657535,-2.887677805441442,17.76025567638852,-7.643089744804674,474.6235171181408,-2.315724248910842,-2.165,29.00933884690889,0.1335127416429681,143.8027321922957,134.443,1.299,50.18686522877566,110.4,2.374292691857351,12.93242009480794,41.55216349375493,666.3731138142562,1603.702569938166,4760.172719074929,116.7497558388441
2018,,41838.8,6.865753424657535,-2.887677805441442,17.76025567638852,-7.643089744804674,474.6235171181408,-2.315724248910842,-2.165,29.00933884690889,0.1335127416429681,143.8027321922957,134.443,1.299,50.18686522877566,110.4,2.374292691857351,12.93242009480794,41.55216349375493,666.3731138142562,1603.702569938166,4760.172719074929,116.7497558388441
2018,,9829.8,6.865753424657535,-2.887677805441442,17.76025567638852,-7.643089744804674,474.6235171181408,-2.315724248910842,-2.165,29.00933884690889,0.1335127416429681,143.8027321922957,134.443,1.299,50.18686522877566,110.4,2.374292691857351,12.93242009480794,41.55216349375493,666.3731138142562,1603.702569938166,4760.172719074929,116.7497558388441
2018,,14137.5,6.865753424657535,-2.887677805441442,17.76025567638852,-7.643089744804674,474.6235171181408,-2.315724248910842,-2.165,29.00933884690889,0.1335127416429681,143.8027321922957,134.443,1.299,50.18686522877566,110.4,2.374292691857351,12.93242009480794,41.55216349375493,666.3731138142562,1603.702569938166,4760.172719074929,116.7497558388441
2018,,8411.5,6.865753424657535,-2.887677805441442,17.76025567638852,-7.643089744804674,474.6235171181408,-2.315724248910842,-2.165,29.00933884690889,0.1335127416429681,143.8027321922957,134.443,1.299,50.18686522877566,110.4,2.374292691857351,12.93242009480794,41.55216349375493,666.3731138142562,1603.702569938166,4760.172719074929,116.7497558388441
2018,,5146.9,6.865753424657535,-2.887677805441442,17.76025567638852,-7.643089744804674,474.6235171181408,-2.315724248910842,-2.165,29.00933884690889,0.1335127416429681,143.8027321922957,134.443,1.299,50.18686522877566,110.4,2.374292691857351,12.93242009480794,41.55216349375493,666.3731138142562,1603.702569938166,4760.172719074929,116.7497558388441
2018,,4313.1,6.865753424657535,-2.887677805441442,17.76025567638852,-7.643089744804674,474.6235171181408,-2.315724248910842,-2.165,29.00933884690889,0.1335127416429681,143.8027321922957,134.443,1.299,50.18686522877566,110.4,2.374292691857351,12.93242009480794,41.55216349375493,666.3731138142562,1603.702569938166,4760.172719074929,116.7497558388441
2018,,203326.8,6.865753424657535,-2.887677805441442,17.76025567638852,-7.643089744804674,474.6235171181408,-2.315724248910842,-2.165,29.00933884690889,0.1335127416429681,143.8027321922957,134.443,1.299,50.18686522877566,110.4,2.374292691857351,12.93242009480794,41.55216349375493,666.3731138142562,1603.702569938166,4760.172719074929,116.7497558388441
2018,,6767.3,6.865753424657535,-2.887677805441442,17.76025567638852,-7.643089744804674,474.6235171181408,-2.315724248910842,-2.165,29.00933884690889,0.1335127416429681,143.8027321922957,134.443,1.299,50.18686522877566,110.4,2.374292691857351,12.93242009480794,41.55216349375493,666.3731138142562,1603.702569938166,4760.172719074929,116.7497558388441
2018,,3069.4,6.865753424657535,-2.887677805441442,17.76025567638852,-7.643089744804674,474.6235171181408,-2.315724248910842,-2.165,29.00933884690889,0.1335127416429681,143.8027321922957,134.443,1.299,50.18686522877566,110.4,2.374292691857351,12.93242009480794,41.55216349375493,666.3731138142562,1603.702569938166,4760.172719074929,116.7497558388441
2018,,169313.1,6.865753424657535,-2.887677805441442,17.76025567638852,-7.643089744804674,474.6235171181408,-2.315724248910842,-2.165,29.00933884690889,0.1335127416429681,143.8027321922957,134.443,1.299,50.18686522877566,110.4,2.374292691857351,12.93242009480794,41.55216349375493,666.3731138142562,1603.702569938166,4760.172719074929,116.7497558388441
2018,,13145.9,6.865753424657535,-2.887677805441442,17.76025567638852,-7.643089744804674,474.6235171181408,-2.315724248910842,-2.165,29.00933884690889,0.1335127416429681,143.8027321922957,134.443,1.299,50.18686522877566,110.4,2.374292691857351,12.93242009480794,41.55216349375493,666.3731138142562,1603.702569938166,4760.172719074929,116.7497558388441
2018,,11031.1,6.865753424657535,-2.887677805441442,17.76025567638852,-7.643089744804674,474.6235171181408,-2.315724248910842,-2.165,29.00933884690889,0.1335127416429681,143.8027321922957,134.443,1.299,50.18686522877566,110.4,2.374292691857351,12.93242009480794,41.55216349375493,666.3731138142562,1603.702569938166,4760.172719074929,116.7497558388441
2018,,391402.3,6.865753424657535,-2.887677805441442,17.76025567638852,-7.643089744804674,474.6235171181408,-2.315724248910842,-2.165,29.00933884690889,0.1335127416429681,143.8027321922957,134.443,1.299,50.18686522877566,110.4,2.374292691857351,12.93242009480794,41.55216349375493,666.3731138142562,1603.702569938166,4760.172719074929,116.7497558388441
2018,,269263.5,6.865753424657535,-2.887677805441442,17.76025567638852,-7.643089744804674,474.6235171181408,-2.315724248910842,-2.165,29.00933884690889,0.1335127416429681,143.8027321922957,134.443,1.299,50.18686522877566,110.4,2.374292691857351,12.93242009480794,41.55216349375493,666.3731138142562,1603.702569938166,4760.172719074929,116.7497558388441
2018,,32798.6,6.865753424657535,-2.887677805441442,17.76025567638852,-7.643089744804674,474.6235171181408,-2.315724248910842,-2.165,29.00933884690889,0.1335127416429681,143.8027321922957,134.443,1.299,50.18686522877566,110.4,2.374292691857351,12.93242009480794,41.55216349375493,666.3731138142562,1603.702569938166,4760.172719074929,116.7497558388441
2018,,7419.5,6.865753424657535,-2.887677805441442,17.76025567638852,-7.643089744804674,474.6235171181408,-2.315724248910842,-2.165,29.00933884690889,0.1335127416429681,143.8027321922957,134.443,1.299,50.18686522877566,110.4,2.374292691857351,12.93242009480794,41.55216349375493,666.3731138142562,1603.702569938166,4760.172719074929,116.7497558388441
2018,,7334.8,6.865753424657535,-2.887677805441442,17.76025567638852,-7.643089744804674,474.6235171181408,-2.315724248910842,-2.165,29.00933884690889,0.1335127416429681,143.8027321922957,134.443,1.299,50.18686522877566,110.4,2.374292691857351,12.93242009480794,41.55216349375493,666.3731138142562,1603.702569938166,4760.172719074929,116.7497558388441
2018,,8065.2,6.865753424657535,-2.887677805441442,17.76025567638852,-7.643089744804674,474.6235171181408,-2.315724248910842,-2.165,29.00933884690889,0.1335127416429681,143.8027321922957,134.443,1.299,50.18686522877566,110.4,2.374292691857351,12.93242009480794,41.55216349375493,666.3731138142562,1603.702569938166,4760.172719074929,116.7497558388441
2018,,9979.0,6.865753424657535,-2.887677805441442,17.76025567638852,-7.643089744804674,474.6235171181408,-2.315724248910842,-2.165,29.00933884690889,0.1335127416429681,143.8027321922957,134.443,1.299,50.18686522877566,110.4,2.374292691857351,12.93242009480794,41.55216349375493,666.3731138142562,1603.702569938166,4760.172719074929,116.7497558388441
2018,,6604.9,6.865753424657535,-2.887677805441442,17.76025567638852,-7.643089744804674,474.6235171181408,-2.315724248910842,-2.165,29.00933884690889,0.1335127416429681,143.8027321922957,134.443,1.299,50.18686522877566,110.4,2.374292691857351,12.93242009480794,41.55216349375493,666.3731138142562,1603.702569938166,4760.172719074929,116.7497558388441
2018,,4843.2,6.865753424657535,-2.887677805441442,17.76025567638852,-7.643089744804674,474.6235171181408,-2.315724248910842,-2.165,29.00933884690889,0.1335127416429681,143.8027321922957,134.443,1.299,50.18686522877566,110.4,2.374292691857351,12.93242009480794,41.55216349375493,666.3731138142562,1603.702569938166,4760.172719074929,116.7497558388441
2018,,1761.7,6.865753424657535,-2.887677805441442,17.76025567638852,-7.643089744804674,474.6235171181408,-2.315724248910842,-2.165,29.00933884690889,0.1335127416429681,143.8027321922957,134.443,1.299,50.18686522877566,110.4,2.374292691857351,12.93242009480794,41.55216349375493,666.3731138142562,1603.702569938166,4760.172719074929,116.7497558388441
2018,,108541.1,6.865753424657535,-2.887677805441442,17.76025567638852,-7.643089744804674,474.6235171181408,-2.315724248910842,-2.165,29.00933884690889,0.1335127416429681,143.8027321922957,134.443,1.299,50.18686522877566,110.4,2.374292691857351,12.93242009480794,41.55216349375493,666.3731138142562,1603.702569938166,4760.172719074929,116.7497558388441
2018,,15479.6,6.865753424657535,-2.887677805441442,17.76025567638852,-7.643089744804674,474.6235171181408,-2.315724248910842,-2.165,29.00933884690889,0.1335127416429681,143.8027321922957,134.443,1.299,50.18686522877566,110.4,2.374292691857351,12.93242009480794,41.55216349375493,666.3731138142562,1603.702569938166,4760.172719074929,116.7497558388441
2018,,4747.0,6.865753424657535,-2.887677805441442,17.76025567638852,-7.643089744804674,474.6235171181408,-2.315724248910842,-2.165,29.00933884690889,0.1335127416429681,143.8027321922957,134.443,1.299,50.18686522877566,110.4,2.374292691857351,12.93242009480794,41.55216349375493,666.3731138142562,1603.702569938166,4760.172719074929,116.7497558388441
2018,,59766.8,6.865753424657535,-2.887677805441442,17.76025567638852,-7.643089744804674,474.6235171181408,-2.315724248910842,-2.165,29.00933884690889,0.1335127416429681,143.8027321922957,134.443,1.299,50.18686522877566,110.4,2.374292691857351,12.93242009480794,41.55216349375493,666.3731138142562,1603.702569938166,4760.172719074929,116.7497558388441
2018,,8017.0,6.865753424657535,-2.887677805441442,17.76025567638852,-7.643089744804674,474.6235171181408,-2.315724248910842,-2.165,29.00933884690889,0.1335127416429681,143.8027321922957,134.443,1.299,50.18686522877566,110.4,2.374292691857351,12.93242009480794,41.55216349375493,666.3731138142562,1603.702569938166,4760.172719074929,116.7497558388441
2018,,20530.7,6.865753424657535,-2.887677805441442,17.76025567638852,-7.643089744804674,474.6235171181408,-2.315724248910842,-2.165,29.00933884690889,0.1335127416429681,143.8027321922957,134.443,1.299,50.18686522877566,110.4,2.374292691857351,12.93242009480794,41.55216349375493,666.3731138142562,1603.702569938166,4760.172719074929,116.7497558388441
2018,,75458.0,6.865753424657535,-2.887677805441442,17.76025567638852,-7.643089744804674,474.6235171181408,-2.315724248910842,-2.165,29.00933884690889,0.1335127416429681,143.8027321922957,134.443,1.299,50.18686522877566,110.4,2.374292691857351,12.93242009480794,41.55216349375493,666.3731138142562,1603.702569938166,4760.172719074929,116.7497558388441
2018,,11045.6,6.865753424657535,-2.887677805441442,17.76025567638852,-7.643089744804674,474.6235171181408,-2.315724248910842,-2.165,29.00933884690889,0.1335127416429681,143.8027321922957,134.443,1.299,50.18686522877566,110.4,2.374292691857351,12.93242009480794,41.55216349375493,666.3731138142562,1603.702569938166,4760.172719074929,116.7497558388441
2018,,27313.0,6.865753424657535,-2.887677805441442,17.76025567638852,-7.643089744804674,474.6235171181408,-2.315724248910842,-2.165,29.00933884690889,0.1335127416429681,143.8027321922957,134.443,1.299,50.18686522877566,110.4,2.374292691857351,12.93242009480794,41.55216349375493,666.3731138142562,1603.702569938166,4760.172719074929,116.7497558388441
2018,,10348.8,6.865753424657535,-2.887677805441442,17.76025567638852,-7.643089744804674,474.6235171181408,-2.315724248910842,-2.165,29.00933884690889,0.1335127416429681,143.8027321922957,134.443,1.299,50.18686522877566,110.4,2.374292691857351,12.93242009480794,41.55216349375493,666.3731138142562,1603.702569938166,4760.172719074929,116.7497558388441
2018,,7069.2,6.865753424657535,-2.887677805441442,17.76025567638852,-7.643089744804674,474.6235171181408,-2.315724248910842,-2.165,29.00933884690889,0.1335127416429681,143.8027321922957,134.443,1.299,50.18686522877566,110.4,2.374292691857351,12.93242009480794,41.55216349375493,666.3731138142562,1603.702569938166,4760.172719074929,116.7497558388441
2018,,13387.8,6.865753424657535,-2.887677805441442,17.76025567638852,-7.643089744804674,474.6235171181408,-2.315724248910842,-2.165,29.00933884690889,0.1335127416429681,143.8027321922957,134.443,1.299,50.18686522877566,110.4,2.374292691857351,12.93242009480794,41.55216349375493,666.3731138142562,1603.702569938166,4760.172719074929,116.7497558388441
2018,,6293.6,6.865753424657535,-2.887677805441442,17.76025567638852,-7.643089744804674,474.6235171181408,-2.315724248910842,-2.165,29.00933884690889,0.1335127416429681,143.8027321922957,134.443,1.299,50.18686522877566,110.4,2.374292691857351,12.93242009480794,41.55216349375493,666.3731138142562,1603.702569938166,4760.172719074929,116.7497558388441
2018,,12645.0,6.865753424657535,-2.887677805441442,17.76025567638852,-7.643089744804674,474.6235171181408,-2.315724248910842,-2.165,29.00933884690889,0.1335127416429681,143.8027321922957,134.443,1.299,50.18686522877566,110.4,2.374292691857351,12.93242009480794,41.55216349375493,666.3731138142562,1603.702569938166,4760.172719074929,116.7497558388441
2018,,8876.8,6.865753424657535,-2.887677805441442,17.76025567638852,-7.643089744804674,474.6235171181408,-2.315724248910842,-2.165,29.00933884690889,0.1335127416429681,143.8027321922957,134.443,1.299,50.18686522877566,110.4,2.374292691857351,12.93242009480794,41.55216349375493,666.3731138142562,1603.702569938166,4760.172719074929,116.7497558388441
2018,,3768.2,6.865753424657535,-2.887677805441442,17.76025567638852,-7.643089744804674,474.6235171181408,-2.315724248910842,-2.165,29.00933884690889,0.1335127416429681,143.8027321922957,134.443,1.299,50.18686522877566,110.4,2.374292691857351,12.93242009480794,41.55216349375493,666.3731138142562,1603.702569938166,4760.172719074929,116.7497558388441
2018,,33215.9,6.865753424657535,-2.887677805441442,17.76025567638852,-7.643089744804674,474.6235171181408,-2.315724248910842,-2.165,29.00933884690889,0.1335127416429681,143.8027321922957,134.443,1.299,50.18686522877566,110.4,2.374292691857351,12.93242009480794,41.55216349375493,666.3731138142562,1603.702569938166,4760.172719074929,116.7497558388441
2018,,11106.5,6.865753424657535,-2.887677805441442,17.76025567638852,-7.643089744804674,474.6235171181408,-2.315724248910842,-2.165,29.00933884690889,0.1335127416429681,143.8027321922957,134.443,1.299,50.18686522877566,110.4,2.374292691857351,12.93242009480794,41.55216349375493,666.3731138142562,1603.702569938166,4760.172719074929,116.7497558388441
2018,,7027.3,6.865753424657535,-2.887677805441442,17.76025567638852,-7.643089744804674,474.6235171181408,-2.315724248910842,-2.165,29.00933884690889,0.1335127416429681,143.8027321922957,134.443,1.299,50.18686522877566,110.4,2.374292691857351,12.93242009480794,41.55216349375493,666.3731138142562,1603.702569938166,4760.172719074929,116.7497558388441
2018,,9492.0,6.865753424657535,-2.887677805441442,17.76025567638852,-7.643089744804674,474.6235171181408,-2.315724248910842,-2.165,29.00933884690889,0.1335127416429681,143.8027321922957,134.443,1.299,50.18686522877566,110.4,2.374292691857351,12.93242009480794,41.55216349375493,666.3731138142562,1603.702569938166,4760.172719074929,116.7497558388441
2018,,3014.9,6.865753424657535,-2.887677805441442,17.76025567638852,-7.643089744804674,474.6235171181408,-2.315724248910842,-2.165,29.00933884690889,0.1335127416429681,143.8027321922957,134.443,1.299,50.18686522877566,110.4,2.374292691857351,12.93242009480794,41.55216349375493,666.3731138142562,1603.702569938166,4760.172719074929,116.7497558388441
2018,,2575.2,6.865753424657535,-2.887677805441442,17.76025567638852,-7.643089744804674,474.6235171181408,-2.315724248910842,-2.165,29.00933884690889,0.1335127416429681,143.8027321922957,134.443,1.299,50.18686522877566,110.4,2.374292691857351,12.93242009480794,41.55216349375493,666.3731138142562,1603.702569938166,4760.172719074929,116.7497558388441
2018,,122138.8,6.865753424657535,-2.887677805441442,17.76025567638852,-7.643089744804674,474.6235171181408,-2.315724248910842,-2.165,29.00933884690889,0.1335127416429681,143.8027321922957,134.443,1.299,50.18686522877566,110.4,2.374292691857351,12.93242009480794,41.55216349375493,666.3731138142562,1603.702569938166,4760.172719074929,116.7497558388441
2018,,87856.6,6.865753424657535,-2.887677805441442,17.76025567638852,-7.643089744804674,474.6235171181408,-2.315724248910842,-2.165,29.00933884690889,0.1335127416429681,143.8027321922957,134.443,1.299,50.18686522877566,110.4,2.374292691857351,12.93242009480794,41.55216349375493,666.3731138142562,1603.702569938166,4760.172719074929,116.7497558388441
2018,,7042.0,6.865753424657535,-2.887677805441442,17.76025567638852,-7.643089744804674,474.6235171181408,-2.315724248910842,-2.165,29.00933884690889,0.1335127416429681,143.8027321922957,134.443,1.299,50.18686522877566,110.4,2.374292691857351,12.93242009480794,41.55216349375493,666.3731138142562,1603.702569938166,4760.172719074929,116.7497558388441
2018,,23283.3,6.865753424657535,-2.887677805441442,17.76025567638852,-7.643089744804674,474.6235171181408,-2.315724248910842,-2.165,29.00933884690889,0.1335127416429681,143.8027321922957,134.443,1.299,50.18686522877566,110.4,2.374292691857351,12.93242009480794,41.55216349375493,666.3731138142562,1603.702569938166,4760.172719074929,116.7497558388441
2018,,11283.6,6.865753424657535,-2.887677805441442,17.76025567638852,-7.643089744804674,474.6235171181408,-2.315724248910842,-2.165,29.00933884690889,0.1335127416429681,143.8027321922957,134.443,1.299,50.18686522877566,110.4,2.374292691857351,12.93242009480794,41.55216349375493,666.3731138142562,1603.702569938166,4760.172719074929,116.7497558388441
2018,,6614.3,6.865753424657535,-2.887677805441442,17.76025567638852,-7.643089744804674,474.6235171181408,-2.315724248910842,-2.165,29.00933884690889,0.1335127416429681,143.8027321922957,134.443,1.299,50.18686522877566,110.4,2.374292691857351,12.93242009480794,41.55216349375493,666.3731138142562,1603.702569938166,4760.172719074929,116.7497558388441
2018,,3943.3,6.865753424657535,-2.887677805441442,17.76025567638852,-7.643089744804674,474.6235171181408,-2.315724248910842,-2.165,29.00933884690889,0.1335127416429681,143.8027321922957,134.443,1.299,50.18686522877566,110.4,2.374292691857351,12.93242009480794,41.55216349375493,666.3731138142562,1603.702569938166,4760.172719074929,116.7497558388441
2018,,2523.8,6.865753424657535,-2.887677805441442,17.76025567638852,-7.643089744804674,474.6235171181408,-2.315724248910842,-2.165,29.00933884690889,0.1335127416429681,143.8027321922957,134.443,1.299,50.18686522877566,110.4,2.374292691857351,12.93242009480794,41.55216349375493,666.3731138142562,1603.702569938166,4760.172719074929,116.7497558388441
2018,,20112.8,6.865753424657535,-2.887677805441442,17.76025567638852,-7.643089744804674,474.6235171181408,-2.315724248910842,-2.165,29.00933884690889,0.1335127416429681,143.8027321922957,134.443,1.299,50.18686522877566,110.4,2.374292691857351,12.93242009480794,41.55216349375493,666.3731138142562,1603.702569938166,4760.172719074929,116.7497558388441
2018,,5761.9,6.865753424657535,-2.887677805441442,17.76025567638852,-7.643089744804674,474.6235171181408,-2.315724248910842,-2.165,29.00933884690889,0.1335127416429681,143.8027321922957,134.443,1.299,50.18686522877566,110.4,2.374292691857351,12.93242009480794,41.55216349375493,666.3731138142562,1603.702569938166,4760.172719074929,116.7497558388441
2018,,7291.6,6.865753424657535,-2.887677805441442,17.76025567638852,-7.643089744804674,474.6235171181408,-2.315724248910842,-2.165,29.00933884690889,0.1335127416429681,143.8027321922957,134.443,1.299,50.18686522877566,110.4,2.374292691857351,12.93242009480794,41.55216349375493,666.3731138142562,1603.702569938166,4760.172719074929,116.7497558388441
2018,,34282.2,6.865753424657535,-2.887677805441442,17.76025567638852,-7.643089744804674,474.6235171181408,-2.315724248910842,-2.165,29.00933884690889,0.1335127416429681,143.8027321922957,134.443,1.299,50.18686522877566,110.4,2.374292691857351,12.93242009480794,41.55216349375493,666.3731138142562,1603.702569938166,4760.172719074929,116.7497558388441
2018,,10126.0,6.865753424657535,-2.887677805441442,17.76025567638852,-7.643089744804674,474.6235171181408,-2.315724248910842,-2.165,29.00933884690889,0.1335127416429681,143.8027321922957,134.443,1.299,50.18686522877566,110.4,2.374292691857351,12.93242009480794,41.55216349375493,666.3731138142562,1603.702569938166,4760.172719074929,116.7497558388441
2018,,3925.8,6.865753424657535,-2.887677805441442,17.76025567638852,-7.643089744804674,474.6235171181408,-2.315724248910842,-2.165,29.00933884690889,0.1335127416429681,143.8027321922957,134.443,1.299,50.18686522877566,110.4,2.374292691857351,12.93242009480794,41.55216349375493,666.3731138142562,1603.702569938166,4760.172719074929,116.7497558388441
2018,,12117.8,6.865753424657535,-2.887677805441442,17.76025567638852,-7.643089744804674,474.6235171181408,-2.315724248910842,-2.165,29.00933884690889,0.1335127416429681,143.8027321922957,134.443,1.299,50.18686522877566,110.4,2.374292691857351,12.93242009480794,41.55216349375493,666.3731138142562,1603.702569938166,4760.172719074929,116.7497558388441
2018,,2734.7,6.865753424657535,-2.887677805441442,17.76025567638852,-7.643089744804674,474.6235171181408,-2.315724248910842,-2.165,29.00933884690889,0.1335127416429681,143.8027321922957,134.443,1.299,50.18686522877566,110.4,2.374292691857351,12.93242009480794,41.55216349375493,666.3731138142562,1603.702569938166,4760.172719074929,116.7497558388441
2018,,5377.9,6.865753424657535,-2.887677805441442,17.76025567638852,-7.643089744804674,474.6235171181408,-2.315724248910842,-2.165,29.00933884690889,0.1335127416429681,143.8027321922957,134.443,1.299,50.18686522877566,110.4,2.374292691857351,12.93242009480794,41.55216349375493,666.3731138142562,1603.702569938166,4760.172719074929,116.7497558388441
2018,,1308.9,6.865753424657535,-2.887677805441442,17.76025567638852,-7.643089744804674,474.6235171181408,-2.315724248910842,-2.165,29.00933884690889,0.1335127416429681,143.8027321922957,134.443,1.299,50.18686522877566,110.4,2.374292691857351,12.93242009480794,41.55216349375493,666.3731138142562,1603.702569938166,4760.172719074929,116.7497558388441
2019,,1804066.8,6.706849315068493,-2.299091749308076,18.58904669579872,-5.320155309663114,473.5891405383588,-1.614596724500226,-1.507,31.93204017004679,0.1347226136096294,143.6327258565679,134.15,1.674,51.46016757393626,109.4,2.564520651130292,12.66666666666667,35.45808000021429,508.7063041414071,1434.669627171953,4547.015000976541,125.0978695122618
2019,,1406101.6,6.706849315068493,-2.299091749308076,18.58904669579872,-5.320155309663114,473.5891405383588,-1.614596724500226,-1.507,31.93204017004679,0.1347226136096294,143.6327258565679,134.15,1.674,51.46016757393626,109.4,2.564520651130292,12.66666666666667,35.45808000021429,508.7063041414071,1434.669627171953,4547.015000976541,125.0978695122618
2019,,1011821.1,6.706849315068493,-2.299091749308076,18.58904669579872,-5.320155309663114,473.5891405383588,-1.614596724500226,-1.507,31.93204017004679,0.1347226136096294,143.6327258565679,134.15,1.674,51.46016757393626,109.4,2.564520651130292,12.66666666666667,35.45808000021429,508.7063041414071,1434.669627171953,4547.015000976541,125.0978695122618
2019,,595196.0,6.706849315068493,-2.299091749308076,18.58904669579872,-5.320155309663114,473.5891405383588,-1.614596724500226,-1.507,31.93204017004679,0.1347226136096294,143.6327258565679,134.15,1.674,51.46016757393626,109.4,2.564520651130292,12.66666666666667,35.45808000021429,508.7063041414071,1434.669627171953,4547.015000976541,125.0978695122618
2019,,135773.8,6.706849315068493,-2.299091749308076,18.58904669579872,-5.320155309663114,473.5891405383588,-1.614596724500226,-1.507,31.93204017004679,0.1347226136096294,143.6327258565679,134.15,1.674,51.46016757393626,109.4,2.564520651130292,12.66666666666667,35.45808000021429,508.7063041414071,1434.669627171953,4547.015000976541,125.0978695122618
2019,,73161.5,6.706849315068493,-2.299091749308076,18.58904669579872,-5.320155309663114,473.5891405383588,-1.614596724500226,-1.507,31.93204017004679,0.1347226136096294,143.6327258565679,134.15,1.674,51.46016757393626,109.4,2.564520651130292,12.66666666666667,35.45808000021429,508.7063041414071,1434.669627171953,4547.015000976541,125.0978695122618
2019,,4795.2,6.706849315068493,-2.299091749308076,18.58904669579872,-5.320155309663114,473.5891405383588,-1.614596724500226,-1.507,31.93204017004679,0.1347226136096294,143.6327258565679,134.15,1.674,51.46016757393626,109.4,2.564520651130292,12.66666666666667,35.45808000021429,508.7063041414071,1434.669627171953,4547.015000976541,125.0978695122618
2019,,11480.7,6.706849315068493,-2.299091749308076,18.58904669579872,-5.320155309663114,473.5891405383588,-1.614596724500226,-1.507,31.93204017004679,0.1347226136096294,143.6327258565679,134.15,1.674,51.46016757393626,109.4,2.564520651130292,12.66666666666667,35.45808000021429,508.7063041414071,1434.669627171953,4547.015000976541,125.0978695122618
2019,,19452.4,6.706849315068493,-2.299091749308076,18.58904669579872,-5.320155309663114,473.5891405383588,-1.614596724500226,-1.507,31.93204017004679,0.1347226136096294,143.6327258565679,134.15,1.674,51.46016757393626,109.4,2.564520651130292,12.66666666666667,35.45808000021429,508.7063041414071,1434.669627171953,4547.015000976541,125.0978695122618
2019,,5687.9,6.706849315068493,-2.299091749308076,18.58904669579872,-5.320155309663114,473.5891405383588,-1.614596724500226,-1.507,31.93204017004679,0.1347226136096294,143.6327258565679,134.15,1.674,51.46016757393626,109.4,2.564520651130292,12.66666666666667,35.45808000021429,508.7063041414071,1434.669627171953,4547.015000976541,125.0978695122618
2019,,12366.0,6.706849315068493,-2.299091749308076,18.58904669579872,-5.320155309663114,473.5891405383588,-1.614596724500226,-1.507,31.93204017004679,0.1347226136096294,143.6327258565679,134.15,1.674,51.46016757393626,109.4,2.564520651130292,12.66666666666667,35.45808000021429,508.7063041414071,1434.669627171953,4547.015000976541,125.0978695122618
2019,,4849.2,6.706849315068493,-2.299091749308076,18.58904669579872,-5.320155309663114,473.5891405383588,-1.614596724500226,-1.507,31.93204017004679,0.1347226136096294,143.6327258565679,134.15,1.674,51.46016757393626,109.4,2.564520651130292,12.66666666666667,35.45808000021429,508.7063041414071,1434.669627171953,4547.015000976541,125.0978695122618
2019,,3980.9,6.706849315068493,-2.299091749308076,18.58904669579872,-5.320155309663114,473.5891405383588,-1.614596724500226,-1.507,31.93204017004679,0.1347226136096294,143.6327258565679,134.15,1.674,51.46016757393626,109.4,2.564520651130292,12.66666666666667,35.45808000021429,508.7063041414071,1434.669627171953,4547.015000976541,125.0978695122618
2019,,4847.7,6.706849315068493,-2.299091749308076,18.58904669579872,-5.320155309663114,473.5891405383588,-1.614596724500226,-1.507,31.93204017004679,0.1347226136096294,143.6327258565679,134.15,1.674,51.46016757393626,109.4,2.564520651130292,12.66666666666667,35.45808000021429,508.7063041414071,1434.669627171953,4547.015000976541,125.0978695122618
2019,,4847.7,6.706849315068493,-2.299091749308076,18.58904669579872,-5.320155309663114,473.5891405383588,-1.614596724500226,-1.507,31.93204017004679,0.1347226136096294,143.6327258565679,134.15,1.674,51.46016757393626,109.4,2.564520651130292,12.66666666666667,35.45808000021429,508.7063041414071,1434.669627171953,4547.015000976541,125.0978695122618
2019,,49542.1,6.706849315068493,-2.299091749308076,18.58904669579872,-5.320155309663114,473.5891405383588,-1.614596724500226,-1.507,31.93204017004679,0.1347226136096294,143.6327258565679,134.15,1.674,51.46016757393626,109.4,2.564520651130292,12.66666666666667,35.45808000021429,508.7063041414071,1434.669627171953,4547.015000976541,125.0978695122618
2019,,5152.8,6.706849315068493,-2.299091749308076,18.58904669579872,-5.320155309663114,473.5891405383588,-1.614596724500226,-1.507,31.93204017004679,0.1347226136096294,143.6327258565679,134.15,1.674,51.46016757393626,109.4,2.564520651130292,12.66666666666667,35.45808000021429,508.7063041414071,1434.669627171953,4547.015000976541,125.0978695122618
2019,,7622.8,6.706849315068493,-2.299091749308076,18.58904669579872,-5.320155309663114,473.5891405383588,-1.614596724500226,-1.507,31.93204017004679,0.1347226136096294,143.6327258565679,134.15,1.674,51.46016757393626,109.4,2.564520651130292,12.66666666666667,35.45808000021429,508.7063041414071,1434.669627171953,4547.015000976541,125.0978695122618
2019,,29967.7,6.706849315068493,-2.299091749308076,18.58904669579872,-5.320155309663114,473.5891405383588,-1.614596724500226,-1.507,31.93204017004679,0.1347226136096294,143.6327258565679,134.15,1.674,51.46016757393626,109.4,2.564520651130292,12.66666666666667,35.45808000021429,508.7063041414071,1434.669627171953,4547.015000976541,125.0978695122618
2019,,6798.8,6.706849315068493,-2.299091749308076,18.58904669579872,-5.320155309663114,473.5891405383588,-1.614596724500226,-1.507,31.93204017004679,0.1347226136096294,143.6327258565679,134.15,1.674,51.46016757393626,109.4,2.564520651130292,12.66666666666667,35.45808000021429,508.7063041414071,1434.669627171953,4547.015000976541,125.0978695122618
2019,,405032.5,6.706849315068493,-2.299091749308076,18.58904669579872,-5.320155309663114,473.5891405383588,-1.614596724500226,-1.507,31.93204017004679,0.1347226136096294,143.6327258565679,134.15,1.674,51.46016757393626,109.4,2.564520651130292,12.66666666666667,35.45808000021429,508.7063041414071,1434.669627171953,4547.015000976541,125.0978695122618
2019,,27431.4,6.706849315068493,-2.299091749308076,18.58904669579872,-5.320155309663114,473.5891405383588,-1.614596724500226,-1.507,31.93204017004679,0.1347226136096294,143.6327258565679,134.15,1.674,51.46016757393626,109.4,2.564520651130292,12.66666666666667,35.45808000021429,508.7063041414071,1434.669627171953,4547.015000976541,125.0978695122618
2019,,17658.2,6.706849315068493,-2.299091749308076,18.58904669579872,-5.320155309663114,473.5891405383588,-1.614596724500226,-1.507,31.93204017004679,0.1347226136096294,143.6327258565679,134.15,1.674,51.46016757393626,109.4,2.564520651130292,12.66666666666667,35.45808000021429,508.7063041414071,1434.669627171953,4547.015000976541,125.0978695122618
2019,,5632.5,6.706849315068493,-2.299091749308076,18.58904669579872,-5.320155309663114,473.5891405383588,-1.614596724500226,-1.507,31.93204017004679,0.1347226136096294,143.6327258565679,134.15,1.674,51.46016757393626,109.4,2.564520651130292,12.66666666666667,35.45808000021429,508.7063041414071,1434.669627171953,4547.015000976541,125.0978695122618
2019,,185575.3,6.706849315068493,-2.299091749308076,18.58904669579872,-5.320155309663114,473.5891405383588,-1.614596724500226,-1.507,31.93204017004679,0.1347226136096294,143.6327258565679,134.15,1.674,51.46016757393626,109.4,2.564520651130292,12.66666666666667,35.45808000021429,508.7063041414071,1434.669627171953,4547.015000976541,125.0978695122618
2019,,39068.6,6.706849315068493,-2.299091749308076,18.58904669579872,-5.320155309663114,473.5891405383588,-1.614596724500226,-1.507,31.93204017004679,0.1347226136096294,143.6327258565679,134.15,1.674,51.46016757393626,109.4,2.564520651130292,12.66666666666667,35.45808000021429,508.7063041414071,1434.669627171953,4547.015000976541,125.0978695122618
2019,,44919.4,6.706849315068493,-2.299091749308076,18.58904669579872,-5.320155309663114,473.5891405383588,-1.614596724500226,-1.507,31.93204017004679,0.1347226136096294,143.6327258565679,134.15,1.674,51.46016757393626,109.4,2.564520651130292,12.66666666666667,35.45808000021429,508.7063041414071,1434.669627171953,4547.015000976541,125.0978695122618
2019,,13923.8,6.706849315068493,-2.299091749308076,18.58904669579872,-5.320155309663114,473.5891405383588,-1.614596724500226,-1.507,31.93204017004679,0.1347226136096294,143.6327258565679,134.15,1.674,51.46016757393626,109.4,2.564520651130292,12.66666666666667,35.45808000021429,508.7063041414071,1434.669627171953,4547.015000976541,125.0978695122618
2019,,11847.4,6.706849315068493,-2.299091749308076,18.58904669579872,-5.320155309663114,473.5891405383588,-1.614596724500226,-1.507,31.93204017004679,0.1347226136096294,143.6327258565679,134.15,1.674,51.46016757393626,109.4,2.564520651130292,12.66666666666667,35.45808000021429,508.7063041414071,1434.669627171953,4547.015000976541,125.0978695122618
2019,,13242.4,6.706849315068493,-2.299091749308076,18.58904669579872,-5.320155309663114,473.5891405383588,-1.614596724500226,-1.507,31.93204017004679,0.1347226136096294,143.6327258565679,134.15,1.674,51.46016757393626,109.4,2.564520651130292,12.66666666666667,35.45808000021429,508.7063041414071,1434.669627171953,4547.015000976541,125.0978695122618
2019,,11004.7,6.706849315068493,-2.299091749308076,18.58904669579872,-5.320155309663114,473.5891405383588,-1.614596724500226,-1.507,31.93204017004679,0.1347226136096294,143.6327258565679,134.15,1.674,51.46016757393626,109.4,2.564520651130292,12.66666666666667,35.45808000021429,508.7063041414071,1434.669627171953,4547.015000976541,125.0978695122618
2019,,6460.2,6.706849315068493,-2.299091749308076,18.58904669579872,-5.320155309663114,473.5891405383588,-1.614596724500226,-1.507,31.93204017004679,0.1347226136096294,143.6327258565679,134.15,1.674,51.46016757393626,109.4,2.564520651130292,12.66666666666667,35.45808000021429,508.7063041414071,1434.669627171953,4547.015000976541,125.0978695122618
2019,,28268.6,6.706849315068493,-2.299091749308076,18.58904669579872,-5.320155309663114,473.5891405383588,-1.614596724500226,-1.507,31.93204017004679,0.1347226136096294,143.6327258565679,134.15,1.674,51.46016757393626,109.4,2.564520651130292,12.66666666666667,35.45808000021429,508.7063041414071,1434.669627171953,4547.015000976541,125.0978695122618
2019,,416625.1,6.706849315068493,-2.299091749308076,18.58904669579872,-5.320155309663114,473.5891405383588,-1.614596724500226,-1.507,31.93204017004679,0.1347226136096294,143.6327258565679,134.15,1.674,51.46016757393626,109.4,2.564520651130292,12.66666666666667,35.45808000021429,508.7063041414071,1434.669627171953,4547.015000976541,125.0978695122618
2019,,47198.0,6.706849315068493,-2.299091749308076,18.58904669579872,-5.320155309663114,473.5891405383588,-1.614596724500226,-1.507,31.93204017004679,0.1347226136096294,143.6327258565679,134.15,1.674,51.46016757393626,109.4,2.564520651130292,12.66666666666667,35.45808000021429,508.7063041414071,1434.669627171953,4547.015000976541,125.0978695122618
2019,,26173.5,6.706849315068493,-2.299091749308076,18.58904669579872,-5.320155309663114,473.5891405383588,-1.614596724500226,-1.507,31.93204017004679,0.1347226136096294,143.6327258565679,134.15,1.674,51.46016757393626,109.4,2.564520651130292,12.66666666666667,35.45808000021429,508.7063041414071,1434.669627171953,4547.015000976541,125.0978695122618
2019,,26173.5,6.706849315068493,-2.299091749308076,18.58904669579872,-5.320155309663114,473.5891405383588,-1.614596724500226,-1.507,31.93204017004679,0.1347226136096294,143.6327258565679,134.15,1.674,51.46016757393626,109.4,2.564520651130292,12.66666666666667,35.45808000021429,508.7063041414071,1434.669627171953,4547.015000976541,125.0978695122618
2019,,21024.5,6.706849315068493,-2.299091749308076,18.58904669579872,-5.320155309663114,473.5891405383588,-1.614596724500226,-1.507,31.93204017004679,0.1347226136096294,143.6327258565679,134.15,1.674,51.46016757393626,109.4,2.564520651130292,12.66666666666667,35.45808000021429,508.7063041414071,1434.669627171953,4547.015000976541,125.0978695122618
2019,,21024.5,6.706849315068493,-2.299091749308076,18.58904669579872,-5.320155309663114,473.5891405383588,-1.614596724500226,-1.507,31.93204017004679,0.1347226136096294,143.6327258565679,134.15,1.674,51.46016757393626,109.4,2.564520651130292,12.66666666666667,35.45808000021429,508.7063041414071,1434.669627171953,4547.015000976541,125.0978695122618
2019,,167492.6,6.706849315068493,-2.299091749308076,18.58904669579872,-5.320155309663114,473.5891405383588,-1.614596724500226,-1.507,31.93204017004679,0.1347226136096294,143.6327258565679,134.15,1.674,51.46016757393626,109.4,2.564520651130292,12.66666666666667,35.45808000021429,508.7063041414071,1434.669627171953,4547.015000976541,125.0978695122618
2019,,32351.7,6.706849315068493,-2.299091749308076,18.58904669579872,-5.320155309663114,473.5891405383588,-1.614596724500226,-1.507,31.93204017004679,0.1347226136096294,143.6327258565679,134.15,1.674,51.46016757393626,109.4,2.564520651130292,12.66666666666667,35.45808000021429,508.7063041414071,1434.669627171953,4547.015000976541,125.0978695122618
2019,,30496.7,6.706849315068493,-2.299091749308076,18.58904669579872,-5.320155309663114,473.5891405383588,-1.614596724500226,-1.507,31.93204017004679,0.1347226136096294,143.6327258565679,134.15,1.674,51.46016757393626,109.4,2.564520651130292,12.66666666666667,35.45808000021429,508.7063041414071,1434.669627171953,4547.015000976541,125.0978695122618
2019,,7143.0,6.706849315068493,-2.299091749308076,18.58904669579872,-5.320155309663114,473.5891405383588,-1.614596724500226,-1.507,31.93204017004679,0.1347226136096294,143.6327258565679,134.15,1.674,51.46016757393626,109.4,2.564520651130292,12.66666666666667,35.45808000021429,508.7063041414071,1434.669627171953,4547.015000976541,125.0978695122618
2019,,30381.6,6.706849315068493,-2.299091749308076,18.58904669579872,-5.320155309663114,473.5891405383588,-1.614596724500226,-1.507,31.93204017004679,0.1347226136096294,143.6327258565679,134.15,1.674,51.46016757393626,109.4,2.564520651130292,12.66666666666667,35.45808000021429,508.7063041414071,1434.669627171953,4547.015000976541,125.0978695122618
2019,,27993.9,6.706849315068493,-2.299091749308076,18.58904669579872,-5.320155309663114,473.5891405383588,-1.614596724500226,-1.507,31.93204017004679,0.1347226136096294,143.6327258565679,134.15,1.674,51.46016757393626,109.4,2.564520651130292,12.66666666666667,35.45808000021429,508.7063041414071,1434.669627171953,4547.015000976541,125.0978695122618
2019,,32900.7,6.706849315068493,-2.299091749308076,18.58904669579872,-5.320155309663114,473.5891405383588,-1.614596724500226,-1.507,31.93204017004679,0.1347226136096294,143.6327258565679,134.15,1.674,51.46016757393626,109.4,2.564520651130292,12.66666666666667,35.45808000021429,508.7063041414071,1434.669627171953,4547.015000976541,125.0978695122618
2019,,6225.0,6.706849315068493,-2.299091749308076,18.58904669579872,-5.320155309663114,473.5891405383588,-1.614596724500226,-1.507,31.93204017004679,0.1347226136096294,143.6327258565679,134.15,1.674,51.46016757393626,109.4,2.564520651130292,12.66666666666667,35.45808000021429,508.7063041414071,1434.669627171953,4547.015000976541,125.0978695122618
2019,,38985.3,6.706849315068493,-2.299091749308076,18.58904669579872,-5.320155309663114,473.5891405383588,-1.614596724500226,-1.507,31.93204017004679,0.1347226136096294,143.6327258565679,134.15,1.674,51.46016757393626,109.4,2.564520651130292,12.66666666666667,35.45808000021429,508.7063041414071,1434.669627171953,4547.015000976541,125.0978695122618
2019,,16827.8,6.706849315068493,-2.299091749308076,18.58904669579872,-5.320155309663114,473.5891405383588,-1.614596724500226,-1.507,31.93204017004679,0.1347226136096294,143.6327258565679,134.15,1.674,51.46016757393626,109.4,2.564520651130292,12.66666666666667,35.45808000021429,508.7063041414071,1434.669627171953,4547.015000976541,125.0978695122618
2019,,4048.1,6.706849315068493,-2.299091749308076,18.58904669579872,-5.320155309663114,473.5891405383588,-1.614596724500226,-1.507,31.93204017004679,0.1347226136096294,143.6327258565679,134.15,1.674,51.46016757393626,109.4,2.564520651130292,12.66666666666667,35.45808000021429,508.7063041414071,1434.669627171953,4547.015000976541,125.0978695122618
2019,,8207.3,6.706849315068493,-2.299091749308076,18.58904669579872,-5.320155309663114,473.5891405383588,-1.614596724500226,-1.507,31.93204017004679,0.1347226136096294,143.6327258565679,134.15,1.674,51.46016757393626,109.4,2.564520651130292,12.66666666666667,35.45808000021429,508.7063041414071,1434.669627171953,4547.015000976541,125.0978695122618
2019,,9902.2,6.706849315068493,-2.299091749308076,18.58904669579872,-5.320155309663114,473.5891405383588,-1.614596724500226,-1.507,31.93204017004679,0.1347226136096294,143.6327258565679,134.15,1.674,51.46016757393626,109.4,2.564520651130292,12.66666666666667,35.45808000021429,508.7063041414071,1434.669627171953,4547.015000976541,125.0978695122618
2019,,162949.2,6.706849315068493,-2.299091749308076,18.58904669579872,-5.320155309663114,473.5891405383588,-1.614596724500226,-1.507,31.93204017004679,0.1347226136096294,143.6327258565679,134.15,1.674,51.46016757393626,109.4,2.564520651130292,12.66666666666667,35.45808000021429,508.7063041414071,1434.669627171953,4547.015000976541,125.0978695122618
2019,,9690.1,6.706849315068493,-2.299091749308076,18.58904669579872,-5.320155309663114,473.5891405383588,-1.614596724500226,-1.507,31.93204017004679,0.1347226136096294,143.6327258565679,134.15,1.674,51.46016757393626,109.4,2.564520651130292,12.66666666666667,35.45808000021429,508.7063041414071,1434.669627171953,4547.015000976541,125.0978695122618
2019,,17609.7,6.706849315068493,-2.299091749308076,18.58904669579872,-5.320155309663114,473.5891405383588,-1.614596724500226,-1.507,31.93204017004679,0.1347226136096294,143.6327258565679,134.15,1.674,51.46016757393626,109.4,2.564520651130292,12.66666666666667,35.45808000021429,508.7063041414071,1434.669627171953,4547.015000976541,125.0978695122618
2019,,19664.2,6.706849315068493,-2.299091749308076,18.58904669579872,-5.320155309663114,473.5891405383588,-1.614596724500226,-1.507,31.93204017004679,0.1347226136096294,143.6327258565679,134.15,1.674,51.46016757393626,109.4,2.564520651130292,12.66666666666667,35.45808000021429,508.7063041414071,1434.669627171953,4547.015000976541,125.0978695122618
2019,,27174.5,6.706849315068493,-2.299091749308076,18.58904669579872,-5.320155309663114,473.5891405383588,-1.614596724500226,-1.507,31.93204017004679,0.1347226136096294,143.6327258565679,134.15,1.674,51.46016757393626,109.4,2.564520651130292,12.66666666666667,35.45808000021429,508.7063041414071,1434.669627171953,4547.015000976541,125.0978695122618
2019,,43297.1,6.706849315068493,-2.299091749308076,18.58904669579872,-5.320155309663114,473.5891405383588,-1.614596724500226,-1.507,31.93204017004679,0.1347226136096294,143.6327258565679,134.15,1.674,51.46016757393626,109.4,2.564520651130292,12.66666666666667,35.45808000021429,508.7063041414071,1434.669627171953,4547.015000976541,125.0978695122618
2019,,9326.3,6.706849315068493,-2.299091749308076,18.58904669579872,-5.320155309663114,473.5891405383588,-1.614596724500226,-1.507,31.93204017004679,0.1347226136096294,143.6327258565679,134.15,1.674,51.46016757393626,109.4,2.564520651130292,12.66666666666667,35.45808000021429,508.7063041414071,1434.669627171953,4547.015000976541,125.0978695122618
2019,,12517.0,6.706849315068493,-2.299091749308076,18.58904669579872,-5.320155309663114,473.5891405383588,-1.614596724500226,-1.507,31.93204017004679,0.1347226136096294,143.6327258565679,134.15,1.674,51.46016757393626,109.4,2.564520651130292,12.66666666666667,35.45808000021429,508.7063041414071,1434.669627171953,4547.015000976541,125.0978695122618
2019,,13163.4,6.706849315068493,-2.299091749308076,18.58904669579872,-5.320155309663114,473.5891405383588,-1.614596724500226,-1.507,31.93204017004679,0.1347226136096294,143.6327258565679,134.15,1.674,51.46016757393626,109.4,2.564520651130292,12.66666666666667,35.45808000021429,508.7063041414071,1434.669627171953,4547.015000976541,125.0978695122618
2019,,10506.9,6.706849315068493,-2.299091749308076,18.58904669579872,-5.320155309663114,473.5891405383588,-1.614596724500226,-1.507,31.93204017004679,0.1347226136096294,143.6327258565679,134.15,1.674,51.46016757393626,109.4,2.564520651130292,12.66666666666667,35.45808000021429,508.7063041414071,1434.669627171953,4547.015000976541,125.0978695122618
2019,,394280.5,6.706849315068493,-2.299091749308076,18.58904669579872,-5.320155309663114,473.5891405383588,-1.614596724500226,-1.507,31.93204017004679,0.1347226136096294,143.6327258565679,134.15,1.674,51.46016757393626,109.4,2.564520651130292,12.66666666666667,35.45808000021429,508.7063041414071,1434.669627171953,4547.015000976541,125.0978695122618
2019,,122266.1,6.706849315068493,-2.299091749308076,18.58904669579872,-5.320155309663114,473.5891405383588,-1.614596724500226,-1.507,31.93204017004679,0.1347226136096294,143.6327258565679,134.15,1.674,51.46016757393626,109.4,2.564520651130292,12.66666666666667,35.45808000021429,508.7063041414071,1434.669627171953,4547.015000976541,125.0978695122618
2019,,5064.6,6.706849315068493,-2.299091749308076,18.58904669579872,-5.320155309663114,473.5891405383588,-1.614596724500226,-1.507,31.93204017004679,0.1347226136096294,143.6327258565679,134.15,1.674,51.46016757393626,109.4,2.564520651130292,12.66666666666667,35.45808000021429,508.7063041414071,1434.669627171953,4547.015000976541,125.0978695122618
2019,,11172.0,6.706849315068493,-2.299091749308076,18.58904669579872,-5.320155309663114,473.5891405383588,-1.614596724500226,-1.507,31.93204017004679,0.1347226136096294,143.6327258565679,134.15,1.674,51.46016757393626,109.4,2.564520651130292,12.66666666666667,35.45808000021429,508.7063041414071,1434.669627171953,4547.015000976541,125.0978695122618
2019,,7825.3,6.706849315068493,-2.299091749308076,18.58904669579872,-5.320155309663114,473.5891405383588,-1.614596724500226,-1.507,31.93204017004679,0.1347226136096294,143.6327258565679,134.15,1.674,51.46016757393626,109.4,2.564520651130292,12.66666666666667,35.45808000021429,508.7063041414071,1434.669627171953,4547.015000976541,125.0978695122618
2019,,42761.0,6.706849315068493,-2.299091749308076,18.58904669579872,-5.320155309663114,473.5891405383588,-1.614596724500226,-1.507,31.93204017004679,0.1347226136096294,143.6327258565679,134.15,1.674,51.46016757393626,109.4,2.564520651130292,12.66666666666667,35.45808000021429,508.7063041414071,1434.669627171953,4547.015000976541,125.0978695122618
2019,,9030.5,6.706849315068493,-2.299091749308076,18.58904669579872,-5.320155309663114,473.5891405383588,-1.614596724500226,-1.507,31.93204017004679,0.1347226136096294,143.6327258565679,134.15,1.674,51.46016757393626,109.4,2.564520651130292,12.66666666666667,35.45808000021429,508.7063041414071,1434.669627171953,4547.015000976541,125.0978695122618
2019,,13550.0,6.706849315068493,-2.299091749308076,18.58904669579872,-5.320155309663114,473.5891405383588,-1.614596724500226,-1.507,31.93204017004679,0.1347226136096294,143.6327258565679,134.15,1.674,51.46016757393626,109.4,2.564520651130292,12.66666666666667,35.45808000021429,508.7063041414071,1434.669627171953,4547.015000976541,125.0978695122618
2019,,10133.0,6.706849315068493,-2.299091749308076,18.58904669579872,-5.320155309663114,473.5891405383588,-1.614596724500226,-1.507,31.93204017004679,0.1347226136096294,143.6327258565679,134.15,1.674,51.46016757393626,109.4,2.564520651130292,12.66666666666667,35.45808000021429,508.7063041414071,1434.669627171953,4547.015000976541,125.0978695122618
2019,,8681.6,6.706849315068493,-2.299091749308076,18.58904669579872,-5.320155309663114,473.5891405383588,-1.614596724500226,-1.507,31.93204017004679,0.1347226136096294,143.6327258565679,134.15,1.674,51.46016757393626,109.4,2.564520651130292,12.66666666666667,35.45808000021429,508.7063041414071,1434.669627171953,4547.015000976541,125.0978695122618
2019,,5558.5,6.706849315068493,-2.299091749308076,18.58904669579872,-5.320155309663114,473.5891405383588,-1.614596724500226,-1.507,31.93204017004679,0.1347226136096294,143.6327258565679,134.15,1.674,51.46016757393626,109.4,2.564520651130292,12.66666666666667,35.45808000021429,508.7063041414071,1434.669627171953,4547.015000976541,125.0978695122618
2019,,8489.5,6.706849315068493,-2.299091749308076,18.58904669579872,-5.320155309663114,473.5891405383588,-1.614596724500226,-1.507,31.93204017004679,0.1347226136096294,143.6327258565679,134.15,1.674,51.46016757393626,109.4,2.564520651130292,12.66666666666667,35.45808000021429,508.7063041414071,1434.669627171953,4547.015000976541,125.0978695122618
2019,,22826.9,6.706849315068493,-2.299091749308076,18.58904669579872,-5.320155309663114,473.5891405383588,-1.614596724500226,-1.507,31.93204017004679,0.1347226136096294,143.6327258565679,134.15,1.674,51.46016757393626,109.4,2.564520651130292,12.66666666666667,35.45808000021429,508.7063041414071,1434.669627171953,4547.015000976541,125.0978695122618
2019,,17379.7,6.706849315068493,-2.299091749308076,18.58904669579872,-5.320155309663114,473.5891405383588,-1.614596724500226,-1.507,31.93204017004679,0.1347226136096294,143.6327258565679,134.15,1.674,51.46016757393626,109.4,2.564520651130292,12.66666666666667,35.45808000021429,508.7063041414071,1434.669627171953,4547.015000976541,125.0978695122618
2019,,5447.2,6.706849315068493,-2.299091749308076,18.58904669579872,-5.320155309663114,473.5891405383588,-1.614596724500226,-1.507,31.93204017004679,0.1347226136096294,143.6327258565679,134.15,1.674,51.46016757393626,109.4,2.564520651130292,12.66666666666667,35.45808000021429,508.7063041414071,1434.669627171953,4547.015000976541,125.0978695122618
2019,,42572.5,6.706849315068493,-2.299091749308076,18.58904669579872,-5.320155309663114,473.5891405383588,-1.614596724500226,-1.507,31.93204017004679,0.1347226136096294,143.6327258565679,134.15,1.674,51.46016757393626,109.4,2.564520651130292,12.66666666666667,35.45808000021429,508.7063041414071,1434.669627171953,4547.015000976541,125.0978695122618
2019,,10032.9,6.706849315068493,-2.299091749308076,18.58904669579872,-5.320155309663114,473.5891405383588,-1.614596724500226,-1.507,31.93204017004679,0.1347226136096294,143.6327258565679,134.15,1.674,51.46016757393626,109.4,2.564520651130292,12.66666666666667,35.45808000021429,508.7063041414071,1434.669627171953,4547.015000976541,125.0978695122618
2019,,14364.3,6.706849315068493,-2.299091749308076,18.58904669579872,-5.320155309663114,473.5891405383588,-1.614596724500226,-1.507,31.93204017004679,0.1347226136096294,143.6327258565679,134.15,1.674,51.46016757393626,109.4,2.564520651130292,12.66666666666667,35.45808000021429,508.7063041414071,1434.669627171953,4547.015000976541,125.0978695122618
2019,,8415.0,6.706849315068493,-2.299091749308076,18.58904669579872,-5.320155309663114,473.5891405383588,-1.614596724500226,-1.507,31.93204017004679,0.1347226136096294,143.6327258565679,134.15,1.674,51.46016757393626,109.4,2.564520651130292,12.66666666666667,35.45808000021429,508.7063041414071,1434.669627171953,4547.015000976541,125.0978695122618
2019,,5416.9,6.706849315068493,-2.299091749308076,18.58904669579872,-5.320155309663114,473.5891405383588,-1.614596724500226,-1.507,31.93204017004679,0.1347226136096294,143.6327258565679,134.15,1.674,51.46016757393626,109.4,2.564520651130292,12.66666666666667,35.45808000021429,508.7063041414071,1434.669627171953,4547.015000976541,125.0978695122618
2019,,4343.5,6.706849315068493,-2.299091749308076,18.58904669579872,-5.320155309663114,473.5891405383588,-1.614596724500226,-1.507,31.93204017004679,0.1347226136096294,143.6327258565679,134.15,1.674,51.46016757393626,109.4,2.564520651130292,12.66666666666667,35.45808000021429,508.7063041414071,1434.669627171953,4547.015000976541,125.0978695122618
2019,,206615.0,6.706849315068493,-2.299091749308076,18.58904669579872,-5.320155309663114,473.5891405383588,-1.614596724500226,-1.507,31.93204017004679,0.1347226136096294,143.6327258565679,134.15,1.674,51.46016757393626,109.4,2.564520651130292,12.66666666666667,35.45808000021429,508.7063041414071,1434.669627171953,4547.015000976541,125.0978695122618
2019,,6760.3,6.706849315068493,-2.299091749308076,18.58904669579872,-5.320155309663114,473.5891405383588,-1.614596724500226,-1.507,31.93204017004679,0.1347226136096294,143.6327258565679,134.15,1.674,51.46016757393626,109.4,2.564520651130292,12.66666666666667,35.45808000021429,508.7063041414071,1434.669627171953,4547.015000976541,125.0978695122618
2019,,3144.2,6.706849315068493,-2.299091749308076,18.58904669579872,-5.320155309663114,473.5891405383588,-1.614596724500226,-1.507,31.93204017004679,0.1347226136096294,143.6327258565679,134.15,1.674,51.46016757393626,109.4,2.564520651130292,12.66666666666667,35.45808000021429,508.7063041414071,1434.669627171953,4547.015000976541,125.0978695122618
2019,,172094.9,6.706849315068493,-2.299091749308076,18.58904669579872,-5.320155309663114,473.5891405383588,-1.614596724500226,-1.507,31.93204017004679,0.1347226136096294,143.6327258565679,134.15,1.674,51.46016757393626,109.4,2.564520651130292,12.66666666666667,35.45808000021429,508.7063041414071,1434.669627171953,4547.015000976541,125.0978695122618
2019,,13312.2,6.706849315068493,-2.299091749308076,18.58904669579872,-5.320155309663114,473.5891405383588,-1.614596724500226,-1.507,31.93204017004679,0.1347226136096294,143.6327258565679,134.15,1.674,51.46016757393626,109.4,2.564520651130292,12.66666666666667,35.45808000021429,508.7063041414071,1434.669627171953,4547.015000976541,125.0978695122618
2019,,11303.4,6.706849315068493,-2.299091749308076,18.58904669579872,-5.320155309663114,473.5891405383588,-1.614596724500226,-1.507,31.93204017004679,0.1347226136096294,143.6327258565679,134.15,1.674,51.46016757393626,109.4,2.564520651130292,12.66666666666667,35.45808000021429,508.7063041414071,1434.669627171953,4547.015000976541,125.0978695122618
2019,,396916.3,6.706849315068493,-2.299091749308076,18.58904669579872,-5.320155309663114,473.5891405383588,-1.614596724500226,-1.507,31.93204017004679,0.1347226136096294,143.6327258565679,134.15,1.674,51.46016757393626,109.4,2.564520651130292,12.66666666666667,35.45808000021429,508.7063041414071,1434.669627171953,4547.015000976541,125.0978695122618
2019,,272944.4,6.706849315068493,-2.299091749308076,18.58904669579872,-5.320155309663114,473.5891405383588,-1.614596724500226,-1.507,31.93204017004679,0.1347226136096294,143.6327258565679,134.15,1.674,51.46016757393626,109.4,2.564520651130292,12.66666666666667,35.45808000021429,508.7063041414071,1434.669627171953,4547.015000976541,125.0978695122618
2019,,33030.0,6.706849315068493,-2.299091749308076,18.58904669579872,-5.320155309663114,473.5891405383588,-1.614596724500226,-1.507,31.93204017004679,0.1347226136096294,143.6327258565679,134.15,1.674,51.46016757393626,109.4,2.564520651130292,12.66666666666667,35.45808000021429,508.7063041414071,1434.669627171953,4547.015000976541,125.0978695122618
2019,,7625.1,6.706849315068493,-2.299091749308076,18.58904669579872,-5.320155309663114,473.5891405383588,-1.614596724500226,-1.507,31.93204017004679,0.1347226136096294,143.6327258565679,134.15,1.674,51.46016757393626,109.4,2.564520651130292,12.66666666666667,35.45808000021429,508.7063041414071,1434.669627171953,4547.015000976541,125.0978695122618
2019,,7396.5,6.706849315068493,-2.299091749308076,18.58904669579872,-5.320155309663114,473.5891405383588,-1.614596724500226,-1.507,31.93204017004679,0.1347226136096294,143.6327258565679,134.15,1.674,51.46016757393626,109.4,2.564520651130292,12.66666666666667,35.45808000021429,508.7063041414071,1434.669627171953,4547.015000976541,125.0978695122618
2019,,7933.0,6.706849315068493,-2.299091749308076,18.58904669579872,-5.320155309663114,473.5891405383588,-1.614596724500226,-1.507,31.93204017004679,0.1347226136096294,143.6327258565679,134.15,1.674,51.46016757393626,109.4,2.564520651130292,12.66666666666667,35.45808000021429,508.7063041414071,1434.669627171953,4547.015000976541,125.0978695122618
2019,,10075.4,6.706849315068493,-2.299091749308076,18.58904669579872,-5.320155309663114,473.5891405383588,-1.614596724500226,-1.507,31.93204017004679,0.1347226136096294,143.6327258565679,134.15,1.674,51.46016757393626,109.4,2.564520651130292,12.66666666666667,35.45808000021429,508.7063041414071,1434.669627171953,4547.015000976541,125.0978695122618
2019,,6737.1,6.706849315068493,-2.299091749308076,18.58904669579872,-5.320155309663114,473.5891405383588,-1.614596724500226,-1.507,31.93204017004679,0.1347226136096294,143.6327258565679,134.15,1.674,51.46016757393626,109.4,2.564520651130292,12.66666666666667,35.45808000021429,508.7063041414071,1434.669627171953,4547.015000976541,125.0978695122618
2019,,4969.8,6.706849315068493,-2.299091749308076,18.58904669579872,-5.320155309663114,473.5891405383588,-1.614596724500226,-1.507,31.93204017004679,0.1347226136096294,143.6327258565679,134.15,1.674,51.46016757393626,109.4,2.564520651130292,12.66666666666667,35.45808000021429,508.7063041414071,1434.669627171953,4547.015000976541,125.0978695122618
2019,,1767.3,6.706849315068493,-2.299091749308076,18.58904669579872,-5.320155309663114,473.5891405383588,-1.614596724500226,-1.507,31.93204017004679,0.1347226136096294,143.6327258565679,134.15,1.674,51.46016757393626,109.4,2.564520651130292,12.66666666666667,35.45808000021429,508.7063041414071,1434.669627171953,4547.015000976541,125.0978695122618
2019,,110821.4,6.706849315068493,-2.299091749308076,18.58904669579872,-5.320155309663114,473.5891405383588,-1.614596724500226,-1.507,31.93204017004679,0.1347226136096294,143.6327258565679,134.15,1.674,51.46016757393626,109.4,2.564520651130292,12.66666666666667,35.45808000021429,508.7063041414071,1434.669627171953,4547.015000976541,125.0978695122618
2019,,16011.3,6.706849315068493,-2.299091749308076,18.58904669579872,-5.320155309663114,473.5891405383588,-1.614596724500226,-1.507,31.93204017004679,0.1347226136096294,143.6327258565679,134.15,1.674,51.46016757393626,109.4,2.564520651130292,12.66666666666667,35.45808000021429,508.7063041414071,1434.669627171953,4547.015000976541,125.0978695122618
2019,,4713.6,6.706849315068493,-2.299091749308076,18.58904669579872,-5.320155309663114,473.5891405383588,-1.614596724500226,-1.507,31.93204017004679,0.1347226136096294,143.6327258565679,134.15,1.674,51.46016757393626,109.4,2.564520651130292,12.66666666666667,35.45808000021429,508.7063041414071,1434.669627171953,4547.015000976541,125.0978695122618
2019,,61400.2,6.706849315068493,-2.299091749308076,18.58904669579872,-5.320155309663114,473.5891405383588,-1.614596724500226,-1.507,31.93204017004679,0.1347226136096294,143.6327258565679,134.15,1.674,51.46016757393626,109.4,2.564520651130292,12.66666666666667,35.45808000021429,508.7063041414071,1434.669627171953,4547.015000976541,125.0978695122618
2019,,7795.6,6.706849315068493,-2.299091749308076,18.58904669579872,-5.320155309663114,473.5891405383588,-1.614596724500226,-1.507,31.93204017004679,0.1347226136096294,143.6327258565679,134.15,1.674,51.46016757393626,109.4,2.564520651130292,12.66666666666667,35.45808000021429,508.7063041414071,1434.669627171953,4547.015000976541,125.0978695122618
2019,,20900.7,6.706849315068493,-2.299091749308076,18.58904669579872,-5.320155309663114,473.5891405383588,-1.614596724500226,-1.507,31.93204017004679,0.1347226136096294,143.6327258565679,134.15,1.674,51.46016757393626,109.4,2.564520651130292,12.66666666666667,35.45808000021429,508.7063041414071,1434.669627171953,4547.015000976541,125.0978695122618
2019,,76392.8,6.706849315068493,-2.299091749308076,18.58904669579872,-5.320155309663114,473.5891405383588,-1.614596724500226,-1.507,31.93204017004679,0.1347226136096294,143.6327258565679,134.15,1.674,51.46016757393626,109.4,2.564520651130292,12.66666666666667,35.45808000021429,508.7063041414071,1434.669627171953,4547.015000976541,125.0978695122618
2019,,11149.0,6.706849315068493,-2.299091749308076,18.58904669579872,-5.320155309663114,473.5891405383588,-1.614596724500226,-1.507,31.93204017004679,0.1347226136096294,143.6327258565679,134.15,1.674,51.46016757393626,109.4,2.564520651130292,12.66666666666667,35.45808000021429,508.7063041414071,1434.669627171953,4547.015000976541,125.0978695122618
2019,,27938.9,6.706849315068493,-2.299091749308076,18.58904669579872,-5.320155309663114,473.5891405383588,-1.614596724500226,-1.507,31.93204017004679,0.1347226136096294,143.6327258565679,134.15,1.674,51.46016757393626,109.4,2.564520651130292,12.66666666666667,35.45808000021429,508.7063041414071,1434.669627171953,4547.015000976541,125.0978695122618
2019,,10362.3,6.706849315068493,-2.299091749308076,18.58904669579872,-5.320155309663114,473.5891405383588,-1.614596724500226,-1.507,31.93204017004679,0.1347226136096294,143.6327258565679,134.15,1.674,51.46016757393626,109.4,2.564520651130292,12.66666666666667,35.45808000021429,508.7063041414071,1434.669627171953,4547.015000976541,125.0978695122618
2019,,6939.9,6.706849315068493,-2.299091749308076,18.58904669579872,-5.320155309663114,473.5891405383588,-1.614596724500226,-1.507,31.93204017004679,0.1347226136096294,143.6327258565679,134.15,1.674,51.46016757393626,109.4,2.564520651130292,12.66666666666667,35.45808000021429,508.7063041414071,1434.669627171953,4547.015000976541,125.0978695122618
2019,,13659.0,6.706849315068493,-2.299091749308076,18.58904669579872,-5.320155309663114,473.5891405383588,-1.614596724500226,-1.507,31.93204017004679,0.1347226136096294,143.6327258565679,134.15,1.674,51.46016757393626,109.4,2.564520651130292,12.66666666666667,35.45808000021429,508.7063041414071,1434.669627171953,4547.015000976541,125.0978695122618
2019,,6343.7,6.706849315068493,-2.299091749308076,18.58904669579872,-5.320155309663114,473.5891405383588,-1.614596724500226,-1.507,31.93204017004679,0.1347226136096294,143.6327258565679,134.15,1.674,51.46016757393626,109.4,2.564520651130292,12.66666666666667,35.45808000021429,508.7063041414071,1434.669627171953,4547.015000976541,125.0978695122618
2019,,12473.0,6.706849315068493,-2.299091749308076,18.58904669579872,-5.320155309663114,473.5891405383588,-1.614596724500226,-1.507,31.93204017004679,0.1347226136096294,143.6327258565679,134.15,1.674,51.46016757393626,109.4,2.564520651130292,12.66666666666667,35.45808000021429,508.7063041414071,1434.669627171953,4547.015000976541,125.0978695122618
2019,,8644.1,6.706849315068493,-2.299091749308076,18.58904669579872,-5.320155309663114,473.5891405383588,-1.614596724500226,-1.507,31.93204017004679,0.1347226136096294,143.6327258565679,134.15,1.674,51.46016757393626,109.4,2.564520651130292,12.66666666666667,35.45808000021429,508.7063041414071,1434.669627171953,4547.015000976541,125.0978695122618
2019,,3828.9,6.706849315068493,-2.299091749308076,18.58904669579872,-5.320155309663114,473.5891405383588,-1.614596724500226,-1.507,31.93204017004679,0.1347226136096294,143.6327258565679,134.15,1.674,51.46016757393626,109.4,2.564520651130292,12.66666666666667,35.45808000021429,508.7063041414071,1434.669627171953,4547.015000976541,125.0978695122618
2019,,33490.1,6.706849315068493,-2.299091749308076,18.58904669579872,-5.320155309663114,473.5891405383588,-1.614596724500226,-1.507,31.93204017004679,0.1347226136096294,143.6327258565679,134.15,1.674,51.46016757393626,109.4,2.564520651130292,12.66666666666667,35.45808000021429,508.7063041414071,1434.669627171953,4547.015000976541,125.0978695122618
2019,,11247.0,6.706849315068493,-2.299091749308076,18.58904669579872,-5.320155309663114,473.5891405383588,-1.614596724500226,-1.507,31.93204017004679,0.1347226136096294,143.6327258565679,134.15,1.674,51.46016757393626,109.4,2.564520651130292,12.66666666666667,35.45808000021429,508.7063041414071,1434.669627171953,4547.015000976541,125.0978695122618
2019,,7026.7,6.706849315068493,-2.299091749308076,18.58904669579872,-5.320155309663114,473.5891405383588,-1.614596724500226,-1.507,31.93204017004679,0.1347226136096294,143.6327258565679,134.15,1.674,51.46016757393626,109.4,2.564520651130292,12.66666666666667,35.45808000021429,508.7063041414071,1434.669627171953,4547.015000976541,125.0978695122618
2019,,9633.8,6.706849315068493,-2.299091749308076,18.58904669579872,-5.320155309663114,473.5891405383588,-1.614596724500226,-1.507,31.93204017004679,0.1347226136096294,143.6327258565679,134.15,1.674,51.46016757393626,109.4,2.564520651130292,12.66666666666667,35.45808000021429,508.7063041414071,1434.669627171953,4547.015000976541,125.0978695122618
2019,,2963.4,6.706849315068493,-2.299091749308076,18.58904669579872,-5.320155309663114,473.5891405383588,-1.614596724500226,-1.507,31.93204017004679,0.1347226136096294,143.6327258565679,134.15,1.674,51.46016757393626,109.4,2.564520651130292,12.66666666666667,35.45808000021429,508.7063041414071,1434.669627171953,4547.015000976541,125.0978695122618
2019,,2619.2,6.706849315068493,-2.299091749308076,18.58904669579872,-5.320155309663114,473.5891405383588,-1.614596724500226,-1.507,31.93204017004679,0.1347226136096294,143.6327258565679,134.15,1.674,51.46016757393626,109.4,2.564520651130292,12.66666666666667,35.45808000021429,508.7063041414071,1434.669627171953,4547.015000976541,125.0978695122618
2019,,123971.8,6.706849315068493,-2.299091749308076,18.58904669579872,-5.320155309663114,473.5891405383588,-1.614596724500226,-1.507,31.93204017004679,0.1347226136096294,143.6327258565679,134.15,1.674,51.46016757393626,109.4,2.564520651130292,12.66666666666667,35.45808000021429,508.7063041414071,1434.669627171953,4547.015000976541,125.0978695122618
2019,,88972.2,6.706849315068493,-2.299091749308076,18.58904669579872,-5.320155309663114,473.5891405383588,-1.614596724500226,-1.507,31.93204017004679,0.1347226136096294,143.6327258565679,134.15,1.674,51.46016757393626,109.4,2.564520651130292,12.66666666666667,35.45808000021429,508.7063041414071,1434.669627171953,4547.015000976541,125.0978695122618
2019,,7071.9,6.706849315068493,-2.299091749308076,18.58904669579872,-5.320155309663114,473.5891405383588,-1.614596724500226,-1.507,31.93204017004679,0.1347226136096294,143.6327258565679,134.15,1.674,51.46016757393626,109.4,2.564520651130292,12.66666666666667,35.45808000021429,508.7063041414071,1434.669627171953,4547.015000976541,125.0978695122618
2019,,23571.6,6.706849315068493,-2.299091749308076,18.58904669579872,-5.320155309663114,473.5891405383588,-1.614596724500226,-1.507,31.93204017004679,0.1347226136096294,143.6327258565679,134.15,1.674,51.46016757393626,109.4,2.564520651130292,12.66666666666667,35.45808000021429,508.7063041414071,1434.669627171953,4547.015000976541,125.0978695122618
2019,,11375.0,6.706849315068493,-2.299091749308076,18.58904669579872,-5.320155309663114,473.5891405383588,-1.614596724500226,-1.507,31.93204017004679,0.1347226136096294,143.6327258565679,134.15,1.674,51.46016757393626,109.4,2.564520651130292,12.66666666666667,35.45808000021429,508.7063041414071,1434.669627171953,4547.015000976541,125.0978695122618
2019,,6775.6,6.706849315068493,-2.299091749308076,18.58904669579872,-5.320155309663114,473.5891405383588,-1.614596724500226,-1.507,31.93204017004679,0.1347226136096294,143.6327258565679,134.15,1.674,51.46016757393626,109.4,2.564520651130292,12.66666666666667,35.45808000021429,508.7063041414071,1434.669627171953,4547.015000976541,125.0978695122618
2019,,4044.4,6.706849315068493,-2.299091749308076,18.58904669579872,-5.320155309663114,473.5891405383588,-1.614596724500226,-1.507,31.93204017004679,0.1347226136096294,143.6327258565679,134.15,1.674,51.46016757393626,109.4,2.564520651130292,12.66666666666667,35.45808000021429,508.7063041414071,1434.669627171953,4547.015000976541,125.0978695122618
2019,,2534.2,6.706849315068493,-2.299091749308076,18.58904669579872,-5.320155309663114,473.5891405383588,-1.614596724500226,-1.507,31.93204017004679,0.1347226136096294,143.6327258565679,134.15,1.674,51.46016757393626,109.4,2.564520651130292,12.66666666666667,35.45808000021429,508.7063041414071,1434.669627171953,4547.015000976541,125.0978695122618
2019,,20664.4,6.706849315068493,-2.299091749308076,18.58904669579872,-5.320155309663114,473.5891405383588,-1.614596724500226,-1.507,31.93204017004679,0.1347226136096294,143.6327258565679,134.15,1.674,51.46016757393626,109.4,2.564520651130292,12.66666666666667,35.45808000021429,508.7063041414071,1434.669627171953,4547.015000976541,125.0978695122618
2019,,5775.3,6.706849315068493,-2.299091749308076,18.58904669579872,-5.320155309663114,473.5891405383588,-1.614596724500226,-1.507,31.93204017004679,0.1347226136096294,143.6327258565679,134.15,1.674,51.46016757393626,109.4,2.564520651130292,12.66666666666667,35.45808000021429,508.7063041414071,1434.669627171953,4547.015000976541,125.0978695122618
2019,,7159.9,6.706849315068493,-2.299091749308076,18.58904669579872,-5.320155309663114,473.5891405383588,-1.614596724500226,-1.507,31.93204017004679,0.1347226136096294,143.6327258565679,134.15,1.674,51.46016757393626,109.4,2.564520651130292,12.66666666666667,35.45808000021429,508.7063041414071,1434.669627171953,4547.015000976541,125.0978695122618
2019,,34999.6,6.706849315068493,-2.299091749308076,18.58904669579872,-5.320155309663114,473.5891405383588,-1.614596724500226,-1.507,31.93204017004679,0.1347226136096294,143.6327258565679,134.15,1.674,51.46016757393626,109.4,2.564520651130292,12.66666666666667,35.45808000021429,508.7063041414071,1434.669627171953,4547.015000976541,125.0978695122618
2019,,10489.0,6.706849315068493,-2.299091749308076,18.58904669579872,-5.320155309663114,473.5891405383588,-1.614596724500226,-1.507,31.93204017004679,0.1347226136096294,143.6327258565679,134.15,1.674,51.46016757393626,109.4,2.564520651130292,12.66666666666667,35.45808000021429,508.7063041414071,1434.669627171953,4547.015000976541,125.0978695122618
2019,,4022.3,6.706849315068493,-2.299091749308076,18.58904669579872,-5.320155309663114,473.5891405383588,-1.614596724500226,-1.507,31.93204017004679,0.1347226136096294,143.6327258565679,134.15,1.674,51.46016757393626,109.4,2.564520651130292,12.66666666666667,35.45808000021429,508.7063041414071,1434.669627171953,4547.015000976541,125.0978695122618
2019,,12238.7,6.706849315068493,-2.299091749308076,18.58904669579872,-5.320155309663114,473.5891405383588,-1.614596724500226,-1.507,31.93204017004679,0.1347226136096294,143.6327258565679,134.15,1.674,51.46016757393626,109.4,2.564520651130292,12.66666666666667,35.45808000021429,508.7063041414071,1434.669627171953,4547.015000976541,125.0978695122618
2019,,2737.5,6.706849315068493,-2.299091749308076,18.58904669579872,-5.320155309663114,473.5891405383588,-1.614596724500226,-1.507,31.93204017004679,0.1347226136096294,143.6327258565679,134.15,1.674,51.46016757393626,109.4,2.564520651130292,12.66666666666667,35.45808000021429,508.7063041414071,1434.669627171953,4547.015000976541,125.0978695122618
2019,,5512.0,6.706849315068493,-2.299091749308076,18.58904669579872,-5.320155309663114,473.5891405383588,-1.614596724500226,-1.507,31.93204017004679,0.1347226136096294,143.6327258565679,134.15,1.674,51.46016757393626,109.4,2.564520651130292,12.66666666666667,35.45808000021429,508.7063041414071,1434.669627171953,4547.015000976541,125.0978695122618
2019,,1048.9,6.706849315068493,-2.299091749308076,18.58904669579872,-5.320155309663114,473.5891405383588,-1.614596724500226,-1.507,31.93204017004679,0.1347226136096294,143.6327258565679,134.15,1.674,51.46016757393626,109.4,2.564520651130292,12.66666666666667,35.45808000021429,508.7063041414071,1434.669627171953,4547.015000976541,125.0978695122618
2020,,1670011.9,6.791780821917809,-5.741158976943822,23.3508698152124,-34.08853329137826,546.9380900200248,-9.529847225919314,-9.656,29.89825675904587,0.1159954908287627,152.9029247276305,154.927,-6.401,59.31590726331837,122.3,2.951891699595359,12.44080130259196,38.33395643448629,519.5587076479432,1355.34851075412,4634.590296266428,150.6336793990579
2020,,1299707.2,6.791780821917809,-5.741158976943822,23.3508698152124,-34.08853329137826,546.9380900200248,-9.529847225919314,-9.656,29.89825675904587,0.1159954908287627,152.9029247276305,154.927,-6.401,59.31590726331837,122.3,2.951891699595359,12.44080130259196,38.33395643448629,519.5587076479432,1355.34851075412,4634.590296266428,150.6336793990579
2020,,940438.5,6.791780821917809,-5.741158976943822,23.3508698152124,-34.08853329137826,546.9380900200248,-9.529847225919314,-9.656,29.89825675904587,0.1159954908287627,152.9029247276305,154.927,-6.401,59.31590726331837,122.3,2.951891699595359,12.44080130259196,38.33395643448629,519.5587076479432,1355.34851075412,4634.590296266428,150.6336793990579
2020,,554189.2,6.791780821917809,-5.741158976943822,23.3508698152124,-34.08853329137826,546.9380900200248,-9.529847225919314,-9.656,29.89825675904587,0.1159954908287627,152.9029247276305,154.927,-6.401,59.31590726331837,122.3,2.951891699595359,12.44080130259196,38.33395643448629,519.5587076479432,1355.34851075412,4634.590296266428,150.6336793990579
2020,,124757.0,6.791780821917809,-5.741158976943822,23.3508698152124,-34.08853329137826,546.9380900200248,-9.529847225919314,-9.656,29.89825675904587,0.1159954908287627,152.9029247276305,154.927,-6.401,59.31590726331837,122.3,2.951891699595359,12.44080130259196,38.33395643448629,519.5587076479432,1355.34851075412,4634.590296266428,150.6336793990579
2020,,66565.4,6.791780821917809,-5.741158976943822,23.3508698152124,-34.08853329137826,546.9380900200248,-9.529847225919314,-9.656,29.89825675904587,0.1159954908287627,152.9029247276305,154.927,-6.401,59.31590726331837,122.3,2.951891699595359,12.44080130259196,38.33395643448629,519.5587076479432,1355.34851075412,4634.590296266428,150.6336793990579
2020,,4673.8,6.791780821917809,-5.741158976943822,23.3508698152124,-34.08853329137826,546.9380900200248,-9.529847225919314,-9.656,29.89825675904587,0.1159954908287627,152.9029247276305,154.927,-6.401,59.31590726331837,122.3,2.951891699595359,12.44080130259196,38.33395643448629,519.5587076479432,1355.34851075412,4634.590296266428,150.6336793990579
2020,,10708.4,6.791780821917809,-5.741158976943822,23.3508698152124,-34.08853329137826,546.9380900200248,-9.529847225919314,-9.656,29.89825675904587,0.1159954908287627,152.9029247276305,154.927,-6.401,59.31590726331837,122.3,2.951891699595359,12.44080130259196,38.33395643448629,519.5587076479432,1355.34851075412,4634.590296266428,150.6336793990579
2020,,18481.0,6.791780821917809,-5.741158976943822,23.3508698152124,-34.08853329137826,546.9380900200248,-9.529847225919314,-9.656,29.89825675904587,0.1159954908287627,152.9029247276305,154.927,-6.401,59.31590726331837,122.3,2.951891699595359,12.44080130259196,38.33395643448629,519.5587076479432,1355.34851075412,4634.590296266428,150.6336793990579
2020,,5243.9,6.791780821917809,-5.741158976943822,23.3508698152124,-34.08853329137826,546.9380900200248,-9.529847225919314,-9.656,29.89825675904587,0.1159954908287627,152.9029247276305,154.927,-6.401,59.31590726331837,122.3,2.951891699595359,12.44080130259196,38.33395643448629,519.5587076479432,1355.34851075412,4634.590296266428,150.6336793990579
2020,,11158.7,6.791780821917809,-5.741158976943822,23.3508698152124,-34.08853329137826,546.9380900200248,-9.529847225919314,-9.656,29.89825675904587,0.1159954908287627,152.9029247276305,154.927,-6.401,59.31590726331837,122.3,2.951891699595359,12.44080130259196,38.33395643448629,519.5587076479432,1355.34851075412,4634.590296266428,150.6336793990579
2020,,4392.5,6.791780821917809,-5.741158976943822,23.3508698152124,-34.08853329137826,546.9380900200248,-9.529847225919314,-9.656,29.89825675904587,0.1159954908287627,152.9029247276305,154.927,-6.401,59.31590726331837,122.3,2.951891699595359,12.44080130259196,38.33395643448629,519.5587076479432,1355.34851075412,4634.590296266428,150.6336793990579
2020,,3533.4,6.791780821917809,-5.741158976943822,23.3508698152124,-34.08853329137826,546.9380900200248,-9.529847225919314,-9.656,29.89825675904587,0.1159954908287627,152.9029247276305,154.927,-6.401,59.31590726331837,122.3,2.951891699595359,12.44080130259196,38.33395643448629,519.5587076479432,1355.34851075412,4634.590296266428,150.6336793990579
2020,,4437.1,6.791780821917809,-5.741158976943822,23.3508698152124,-34.08853329137826,546.9380900200248,-9.529847225919314,-9.656,29.89825675904587,0.1159954908287627,152.9029247276305,154.927,-6.401,59.31590726331837,122.3,2.951891699595359,12.44080130259196,38.33395643448629,519.5587076479432,1355.34851075412,4634.590296266428,150.6336793990579
2020,,4437.1,6.791780821917809,-5.741158976943822,23.3508698152124,-34.08853329137826,546.9380900200248,-9.529847225919314,-9.656,29.89825675904587,0.1159954908287627,152.9029247276305,154.927,-6.401,59.31590726331837,122.3,2.951891699595359,12.44080130259196,38.33395643448629,519.5587076479432,1355.34851075412,4634.590296266428,150.6336793990579
2020,,44959.6,6.791780821917809,-5.741158976943822,23.3508698152124,-34.08853329137826,546.9380900200248,-9.529847225919314,-9.656,29.89825675904587,0.1159954908287627,152.9029247276305,154.927,-6.401,59.31590726331837,122.3,2.951891699595359,12.44080130259196,38.33395643448629,519.5587076479432,1355.34851075412,4634.590296266428,150.6336793990579
2020,,4778.1,6.791780821917809,-5.741158976943822,23.3508698152124,-34.08853329137826,546.9380900200248,-9.529847225919314,-9.656,29.89825675904587,0.1159954908287627,152.9029247276305,154.927,-6.401,59.31590726331837,122.3,2.951891699595359,12.44080130259196,38.33395643448629,519.5587076479432,1355.34851075412,4634.590296266428,150.6336793990579
2020,,7229.3,6.791780821917809,-5.741158976943822,23.3508698152124,-34.08853329137826,546.9380900200248,-9.529847225919314,-9.656,29.89825675904587,0.1159954908287627,152.9029247276305,154.927,-6.401,59.31590726331837,122.3,2.951891699595359,12.44080130259196,38.33395643448629,519.5587076479432,1355.34851075412,4634.590296266428,150.6336793990579
2020,,26429.3,6.791780821917809,-5.741158976943822,23.3508698152124,-34.08853329137826,546.9380900200248,-9.529847225919314,-9.656,29.89825675904587,0.1159954908287627,152.9029247276305,154.927,-6.401,59.31590726331837,122.3,2.951891699595359,12.44080130259196,38.33395643448629,519.5587076479432,1355.34851075412,4634.590296266428,150.6336793990579
2020,,6523.0,6.791780821917809,-5.741158976943822,23.3508698152124,-34.08853329137826,546.9380900200248,-9.529847225919314,-9.656,29.89825675904587,0.1159954908287627,152.9029247276305,154.927,-6.401,59.31590726331837,122.3,2.951891699595359,12.44080130259196,38.33395643448629,519.5587076479432,1355.34851075412,4634.590296266428,150.6336793990579
2020,,380035.5,6.791780821917809,-5.741158976943822,23.3508698152124,-34.08853329137826,546.9380900200248,-9.529847225919314,-9.656,29.89825675904587,0.1159954908287627,152.9029247276305,154.927,-6.401,59.31590726331837,122.3,2.951891699595359,12.44080130259196,38.33395643448629,519.5587076479432,1355.34851075412,4634.590296266428,150.6336793990579
2020,,25027.0,6.791780821917809,-5.741158976943822,23.3508698152124,-34.08853329137826,546.9380900200248,-9.529847225919314,-9.656,29.89825675904587,0.1159954908287627,152.9029247276305,154.927,-6.401,59.31590726331837,122.3,2.951891699595359,12.44080130259196,38.33395643448629,519.5587076479432,1355.34851075412,4634.590296266428,150.6336793990579
2020,,16091.1,6.791780821917809,-5.741158976943822,23.3508698152124,-34.08853329137826,546.9380900200248,-9.529847225919314,-9.656,29.89825675904587,0.1159954908287627,152.9029247276305,154.927,-6.401,59.31590726331837,122.3,2.951891699595359,12.44080130259196,38.33395643448629,519.5587076479432,1355.34851075412,4634.590296266428,150.6336793990579
2020,,5151.2,6.791780821917809,-5.741158976943822,23.3508698152124,-34.08853329137826,546.9380900200248,-9.529847225919314,-9.656,29.89825675904587,0.1159954908287627,152.9029247276305,154.927,-6.401,59.31590726331837,122.3,2.951891699595359,12.44080130259196,38.33395643448629,519.5587076479432,1355.34851075412,4634.590296266428,150.6336793990579
2020,,176407.3,6.791780821917809,-5.741158976943822,23.3508698152124,-34.08853329137826,546.9380900200248,-9.529847225919314,-9.656,29.89825675904587,0.1159954908287627,152.9029247276305,154.927,-6.401,59.31590726331837,122.3,2.951891699595359,12.44080130259196,38.33395643448629,519.5587076479432,1355.34851075412,4634.590296266428,150.6336793990579
2020,,36077.5,6.791780821917809,-5.741158976943822,23.3508698152124,-34.08853329137826,546.9380900200248,-9.529847225919314,-9.656,29.89825675904587,0.1159954908287627,152.9029247276305,154.927,-6.401,59.31590726331837,122.3,2.951891699595359,12.44080130259196,38.33395643448629,519.5587076479432,1355.34851075412,4634.590296266428,150.6336793990579
2020,,41519.1,6.791780821917809,-5.741158976943822,23.3508698152124,-34.08853329137826,546.9380900200248,-9.529847225919314,-9.656,29.89825675904587,0.1159954908287627,152.9029247276305,154.927,-6.401,59.31590726331837,122.3,2.951891699595359,12.44080130259196,38.33395643448629,519.5587076479432,1355.34851075412,4634.590296266428,150.6336793990579
2020,,12806.5,6.791780821917809,-5.741158976943822,23.3508698152124,-34.08853329137826,546.9380900200248,-9.529847225919314,-9.656,29.89825675904587,0.1159954908287627,152.9029247276305,154.927,-6.401,59.31590726331837,122.3,2.951891699595359,12.44080130259196,38.33395643448629,519.5587076479432,1355.34851075412,4634.590296266428,150.6336793990579
2020,,11304.1,6.791780821917809,-5.741158976943822,23.3508698152124,-34.08853329137826,546.9380900200248,-9.529847225919314,-9.656,29.89825675904587,0.1159954908287627,152.9029247276305,154.927,-6.401,59.31590726331837,122.3,2.951891699595359,12.44080130259196,38.33395643448629,519.5587076479432,1355.34851075412,4634.590296266428,150.6336793990579
2020,,12478.9,6.791780821917809,-5.741158976943822,23.3508698152124,-34.08853329137826,546.9380900200248,-9.529847225919314,-9.656,29.89825675904587,0.1159954908287627,152.9029247276305,154.927,-6.401,59.31590726331837,122.3,2.951891699595359,12.44080130259196,38.33395643448629,519.5587076479432,1355.34851075412,4634.590296266428,150.6336793990579
2020,,10220.3,6.791780821917809,-5.741158976943822,23.3508698152124,-34.08853329137826,546.9380900200248,-9.529847225919314,-9.656,29.89825675904587,0.1159954908287627,152.9029247276305,154.927,-6.401,59.31590726331837,122.3,2.951891699595359,12.44080130259196,38.33395643448629,519.5587076479432,1355.34851075412,4634.590296266428,150.6336793990579
2020,,6045.0,6.791780821917809,-5.741158976943822,23.3508698152124,-34.08853329137826,546.9380900200248,-9.529847225919314,-9.656,29.89825675904587,0.1159954908287627,152.9029247276305,154.927,-6.401,59.31590726331837,122.3,2.951891699595359,12.44080130259196,38.33395643448629,519.5587076479432,1355.34851075412,4634.590296266428,150.6336793990579
2020,,26907.4,6.791780821917809,-5.741158976943822,23.3508698152124,-34.08853329137826,546.9380900200248,-9.529847225919314,-9.656,29.89825675904587,0.1159954908287627,152.9029247276305,154.927,-6.401,59.31590726331837,122.3,2.951891699595359,12.44080130259196,38.33395643448629,519.5587076479432,1355.34851075412,4634.590296266428,150.6336793990579
2020,,386249.3,6.791780821917809,-5.741158976943822,23.3508698152124,-34.08853329137826,546.9380900200248,-9.529847225919314,-9.656,29.89825675904587,0.1159954908287627,152.9029247276305,154.927,-6.401,59.31590726331837,122.3,2.951891699595359,12.44080130259196,38.33395643448629,519.5587076479432,1355.34851075412,4634.590296266428,150.6336793990579
2020,,44161.2,6.791780821917809,-5.741158976943822,23.3508698152124,-34.08853329137826,546.9380900200248,-9.529847225919314,-9.656,29.89825675904587,0.1159954908287627,152.9029247276305,154.927,-6.401,59.31590726331837,122.3,2.951891699595359,12.44080130259196,38.33395643448629,519.5587076479432,1355.34851075412,4634.590296266428,150.6336793990579
2020,,24398.5,6.791780821917809,-5.741158976943822,23.3508698152124,-34.08853329137826,546.9380900200248,-9.529847225919314,-9.656,29.89825675904587,0.1159954908287627,152.9029247276305,154.927,-6.401,59.31590726331837,122.3,2.951891699595359,12.44080130259196,38.33395643448629,519.5587076479432,1355.34851075412,4634.590296266428,150.6336793990579
2020,,24398.5,6.791780821917809,-5.741158976943822,23.3508698152124,-34.08853329137826,546.9380900200248,-9.529847225919314,-9.656,29.89825675904587,0.1159954908287627,152.9029247276305,154.927,-6.401,59.31590726331837,122.3,2.951891699595359,12.44080130259196,38.33395643448629,519.5587076479432,1355.34851075412,4634.590296266428,150.6336793990579
2020,,19762.6,6.791780821917809,-5.741158976943822,23.3508698152124,-34.08853329137826,546.9380900200248,-9.529847225919314,-9.656,29.89825675904587,0.1159954908287627,152.9029247276305,154.927,-6.401,59.31590726331837,122.3,2.951891699595359,12.44080130259196,38.33395643448629,519.5587076479432,1355.34851075412,4634.590296266428,150.6336793990579
2020,,19762.6,6.791780821917809,-5.741158976943822,23.3508698152124,-34.08853329137826,546.9380900200248,-9.529847225919314,-9.656,29.89825675904587,0.1159954908287627,152.9029247276305,154.927,-6.401,59.31590726331837,122.3,2.951891699595359,12.44080130259196,38.33395643448629,519.5587076479432,1355.34851075412,4634.590296266428,150.6336793990579
2020,,153519.2,6.791780821917809,-5.741158976943822,23.3508698152124,-34.08853329137826,546.9380900200248,-9.529847225919314,-9.656,29.89825675904587,0.1159954908287627,152.9029247276305,154.927,-6.401,59.31590726331837,122.3,2.951891699595359,12.44080130259196,38.33395643448629,519.5587076479432,1355.34851075412,4634.590296266428,150.6336793990579
2020,,30100.7,6.791780821917809,-5.741158976943822,23.3508698152124,-34.08853329137826,546.9380900200248,-9.529847225919314,-9.656,29.89825675904587,0.1159954908287627,152.9029247276305,154.927,-6.401,59.31590726331837,122.3,2.951891699595359,12.44080130259196,38.33395643448629,519.5587076479432,1355.34851075412,4634.590296266428,150.6336793990579
2020,,28647.5,6.791780821917809,-5.741158976943822,23.3508698152124,-34.08853329137826,546.9380900200248,-9.529847225919314,-9.656,29.89825675904587,0.1159954908287627,152.9029247276305,154.927,-6.401,59.31590726331837,122.3,2.951891699595359,12.44080130259196,38.33395643448629,519.5587076479432,1355.34851075412,4634.590296266428,150.6336793990579
2020,,5979.1,6.791780821917809,-5.741158976943822,23.3508698152124,-34.08853329137826,546.9380900200248,-9.529847225919314,-9.656,29.89825675904587,0.1159954908287627,152.9029247276305,154.927,-6.401,59.31590726331837,122.3,2.951891699595359,12.44080130259196,38.33395643448629,519.5587076479432,1355.34851075412,4634.590296266428,150.6336793990579
2020,,28424.4,6.791780821917809,-5.741158976943822,23.3508698152124,-34.08853329137826,546.9380900200248,-9.529847225919314,-9.656,29.89825675904587,0.1159954908287627,152.9029247276305,154.927,-6.401,59.31590726331837,122.3,2.951891699595359,12.44080130259196,38.33395643448629,519.5587076479432,1355.34851075412,4634.590296266428,150.6336793990579
2020,,23785.8,6.791780821917809,-5.741158976943822,23.3508698152124,-34.08853329137826,546.9380900200248,-9.529847225919314,-9.656,29.89825675904587,0.1159954908287627,152.9029247276305,154.927,-6.401,59.31590726331837,122.3,2.951891699595359,12.44080130259196,38.33395643448629,519.5587076479432,1355.34851075412,4634.590296266428,150.6336793990579
2020,,30713.6,6.791780821917809,-5.741158976943822,23.3508698152124,-34.08853329137826,546.9380900200248,-9.529847225919314,-9.656,29.89825675904587,0.1159954908287627,152.9029247276305,154.927,-6.401,59.31590726331837,122.3,2.951891699595359,12.44080130259196,38.33395643448629,519.5587076479432,1355.34851075412,4634.590296266428,150.6336793990579
2020,,5867.9,6.791780821917809,-5.741158976943822,23.3508698152124,-34.08853329137826,546.9380900200248,-9.529847225919314,-9.656,29.89825675904587,0.1159954908287627,152.9029247276305,154.927,-6.401,59.31590726331837,122.3,2.951891699595359,12.44080130259196,38.33395643448629,519.5587076479432,1355.34851075412,4634.590296266428,150.6336793990579
2020,,36404.7,6.791780821917809,-5.741158976943822,23.3508698152124,-34.08853329137826,546.9380900200248,-9.529847225919314,-9.656,29.89825675904587,0.1159954908287627,152.9029247276305,154.927,-6.401,59.31590726331837,122.3,2.951891699595359,12.44080130259196,38.33395643448629,519.5587076479432,1355.34851075412,4634.590296266428,150.6336793990579
2020,,15591.6,6.791780821917809,-5.741158976943822,23.3508698152124,-34.08853329137826,546.9380900200248,-9.529847225919314,-9.656,29.89825675904587,0.1159954908287627,152.9029247276305,154.927,-6.401,59.31590726331837,122.3,2.951891699595359,12.44080130259196,38.33395643448629,519.5587076479432,1355.34851075412,4634.590296266428,150.6336793990579
2020,,3693.9,6.791780821917809,-5.741158976943822,23.3508698152124,-34.08853329137826,546.9380900200248,-9.529847225919314,-9.656,29.89825675904587,0.1159954908287627,152.9029247276305,154.927,-6.401,59.31590726331837,122.3,2.951891699595359,12.44080130259196,38.33395643448629,519.5587076479432,1355.34851075412,4634.590296266428,150.6336793990579
2020,,7694.1,6.791780821917809,-5.741158976943822,23.3508698152124,-34.08853329137826,546.9380900200248,-9.529847225919314,-9.656,29.89825675904587,0.1159954908287627,152.9029247276305,154.927,-6.401,59.31590726331837,122.3,2.951891699595359,12.44080130259196,38.33395643448629,519.5587076479432,1355.34851075412,4634.590296266428,150.6336793990579
2020,,9425.1,6.791780821917809,-5.741158976943822,23.3508698152124,-34.08853329137826,546.9380900200248,-9.529847225919314,-9.656,29.89825675904587,0.1159954908287627,152.9029247276305,154.927,-6.401,59.31590726331837,122.3,2.951891699595359,12.44080130259196,38.33395643448629,519.5587076479432,1355.34851075412,4634.590296266428,150.6336793990579
2020,,152164.3,6.791780821917809,-5.741158976943822,23.3508698152124,-34.08853329137826,546.9380900200248,-9.529847225919314,-9.656,29.89825675904587,0.1159954908287627,152.9029247276305,154.927,-6.401,59.31590726331837,122.3,2.951891699595359,12.44080130259196,38.33395643448629,519.5587076479432,1355.34851075412,4634.590296266428,150.6336793990579
2020,,9243.9,6.791780821917809,-5.741158976943822,23.3508698152124,-34.08853329137826,546.9380900200248,-9.529847225919314,-9.656,29.89825675904587,0.1159954908287627,152.9029247276305,154.927,-6.401,59.31590726331837,122.3,2.951891699595359,12.44080130259196,38.33395643448629,519.5587076479432,1355.34851075412,4634.590296266428,150.6336793990579
2020,,16745.0,6.791780821917809,-5.741158976943822,23.3508698152124,-34.08853329137826,546.9380900200248,-9.529847225919314,-9.656,29.89825675904587,0.1159954908287627,152.9029247276305,154.927,-6.401,59.31590726331837,122.3,2.951891699595359,12.44080130259196,38.33395643448629,519.5587076479432,1355.34851075412,4634.590296266428,150.6336793990579
2020,,18452.8,6.791780821917809,-5.741158976943822,23.3508698152124,-34.08853329137826,546.9380900200248,-9.529847225919314,-9.656,29.89825675904587,0.1159954908287627,152.9029247276305,154.927,-6.401,59.31590726331837,122.3,2.951891699595359,12.44080130259196,38.33395643448629,519.5587076479432,1355.34851075412,4634.590296266428,150.6336793990579
2020,,25471.4,6.791780821917809,-5.741158976943822,23.3508698152124,-34.08853329137826,546.9380900200248,-9.529847225919314,-9.656,29.89825675904587,0.1159954908287627,152.9029247276305,154.927,-6.401,59.31590726331837,122.3,2.951891699595359,12.44080130259196,38.33395643448629,519.5587076479432,1355.34851075412,4634.590296266428,150.6336793990579
2020,,40118.1,6.791780821917809,-5.741158976943822,23.3508698152124,-34.08853329137826,546.9380900200248,-9.529847225919314,-9.656,29.89825675904587,0.1159954908287627,152.9029247276305,154.927,-6.401,59.31590726331837,122.3,2.951891699595359,12.44080130259196,38.33395643448629,519.5587076479432,1355.34851075412,4634.590296266428,150.6336793990579
2020,,8632.1,6.791780821917809,-5.741158976943822,23.3508698152124,-34.08853329137826,546.9380900200248,-9.529847225919314,-9.656,29.89825675904587,0.1159954908287627,152.9029247276305,154.927,-6.401,59.31590726331837,122.3,2.951891699595359,12.44080130259196,38.33395643448629,519.5587076479432,1355.34851075412,4634.590296266428,150.6336793990579
2020,,11812.1,6.791780821917809,-5.741158976943822,23.3508698152124,-34.08853329137826,546.9380900200248,-9.529847225919314,-9.656,29.89825675904587,0.1159954908287627,152.9029247276305,154.927,-6.401,59.31590726331837,122.3,2.951891699595359,12.44080130259196,38.33395643448629,519.5587076479432,1355.34851075412,4634.590296266428,150.6336793990579
2020,,12408.6,6.791780821917809,-5.741158976943822,23.3508698152124,-34.08853329137826,546.9380900200248,-9.529847225919314,-9.656,29.89825675904587,0.1159954908287627,152.9029247276305,154.927,-6.401,59.31590726331837,122.3,2.951891699595359,12.44080130259196,38.33395643448629,519.5587076479432,1355.34851075412,4634.590296266428,150.6336793990579
2020,,9280.3,6.791780821917809,-5.741158976943822,23.3508698152124,-34.08853329137826,546.9380900200248,-9.529847225919314,-9.656,29.89825675904587,0.1159954908287627,152.9029247276305,154.927,-6.401,59.31590726331837,122.3,2.951891699595359,12.44080130259196,38.33395643448629,519.5587076479432,1355.34851075412,4634.590296266428,150.6336793990579
2020,,359268.7,6.791780821917809,-5.741158976943822,23.3508698152124,-34.08853329137826,546.9380900200248,-9.529847225919314,-9.656,29.89825675904587,0.1159954908287627,152.9029247276305,154.927,-6.401,59.31590726331837,122.3,2.951891699595359,12.44080130259196,38.33395643448629,519.5587076479432,1355.34851075412,4634.590296266428,150.6336793990579
2020,,108108.7,6.791780821917809,-5.741158976943822,23.3508698152124,-34.08853329137826,546.9380900200248,-9.529847225919314,-9.656,29.89825675904587,0.1159954908287627,152.9029247276305,154.927,-6.401,59.31590726331837,122.3,2.951891699595359,12.44080130259196,38.33395643448629,519.5587076479432,1355.34851075412,4634.590296266428,150.6336793990579
2020,,4738.8,6.791780821917809,-5.741158976943822,23.3508698152124,-34.08853329137826,546.9380900200248,-9.529847225919314,-9.656,29.89825675904587,0.1159954908287627,152.9029247276305,154.927,-6.401,59.31590726331837,122.3,2.951891699595359,12.44080130259196,38.33395643448629,519.5587076479432,1355.34851075412,4634.590296266428,150.6336793990579
2020,,10564.3,6.791780821917809,-5.741158976943822,23.3508698152124,-34.08853329137826,546.9380900200248,-9.529847225919314,-9.656,29.89825675904587,0.1159954908287627,152.9029247276305,154.927,-6.401,59.31590726331837,122.3,2.951891699595359,12.44080130259196,38.33395643448629,519.5587076479432,1355.34851075412,4634.590296266428,150.6336793990579
2020,,7266.0,6.791780821917809,-5.741158976943822,23.3508698152124,-34.08853329137826,546.9380900200248,-9.529847225919314,-9.656,29.89825675904587,0.1159954908287627,152.9029247276305,154.927,-6.401,59.31590726331837,122.3,2.951891699595359,12.44080130259196,38.33395643448629,519.5587076479432,1355.34851075412,4634.590296266428,150.6336793990579
2020,,34562.3,6.791780821917809,-5.741158976943822,23.3508698152124,-34.08853329137826,546.9380900200248,-9.529847225919314,-9.656,29.89825675904587,0.1159954908287627,152.9029247276305,154.927,-6.401,59.31590726331837,122.3,2.951891699595359,12.44080130259196,38.33395643448629,519.5587076479432,1355.34851075412,4634.590296266428,150.6336793990579
2020,,8405.1,6.791780821917809,-5.741158976943822,23.3508698152124,-34.08853329137826,546.9380900200248,-9.529847225919314,-9.656,29.89825675904587,0.1159954908287627,152.9029247276305,154.927,-6.401,59.31590726331837,122.3,2.951891699595359,12.44080130259196,38.33395643448629,519.5587076479432,1355.34851075412,4634.590296266428,150.6336793990579
2020,,12694.5,6.791780821917809,-5.741158976943822,23.3508698152124,-34.08853329137826,546.9380900200248,-9.529847225919314,-9.656,29.89825675904587,0.1159954908287627,152.9029247276305,154.927,-6.401,59.31590726331837,122.3,2.951891699595359,12.44080130259196,38.33395643448629,519.5587076479432,1355.34851075412,4634.590296266428,150.6336793990579
2020,,9138.3,6.791780821917809,-5.741158976943822,23.3508698152124,-34.08853329137826,546.9380900200248,-9.529847225919314,-9.656,29.89825675904587,0.1159954908287627,152.9029247276305,154.927,-6.401,59.31590726331837,122.3,2.951891699595359,12.44080130259196,38.33395643448629,519.5587076479432,1355.34851075412,4634.590296266428,150.6336793990579
2020,,7926.9,6.791780821917809,-5.741158976943822,23.3508698152124,-34.08853329137826,546.9380900200248,-9.529847225919314,-9.656,29.89825675904587,0.1159954908287627,152.9029247276305,154.927,-6.401,59.31590726331837,122.3,2.951891699595359,12.44080130259196,38.33395643448629,519.5587076479432,1355.34851075412,4634.590296266428,150.6336793990579
2020,,5341.2,6.791780821917809,-5.741158976943822,23.3508698152124,-34.08853329137826,546.9380900200248,-9.529847225919314,-9.656,29.89825675904587,0.1159954908287627,152.9029247276305,154.927,-6.401,59.31590726331837,122.3,2.951891699595359,12.44080130259196,38.33395643448629,519.5587076479432,1355.34851075412,4634.590296266428,150.6336793990579
2020,,7471.4,6.791780821917809,-5.741158976943822,23.3508698152124,-34.08853329137826,546.9380900200248,-9.529847225919314,-9.656,29.89825675904587,0.1159954908287627,152.9029247276305,154.927,-6.401,59.31590726331837,122.3,2.951891699595359,12.44080130259196,38.33395643448629,519.5587076479432,1355.34851075412,4634.590296266428,150.6336793990579
2020,,20979.4,6.791780821917809,-5.741158976943822,23.3508698152124,-34.08853329137826,546.9380900200248,-9.529847225919314,-9.656,29.89825675904587,0.1159954908287627,152.9029247276305,154.927,-6.401,59.31590726331837,122.3,2.951891699595359,12.44080130259196,38.33395643448629,519.5587076479432,1355.34851075412,4634.590296266428,150.6336793990579
2020,,16059.7,6.791780821917809,-5.741158976943822,23.3508698152124,-34.08853329137826,546.9380900200248,-9.529847225919314,-9.656,29.89825675904587,0.1159954908287627,152.9029247276305,154.927,-6.401,59.31590726331837,122.3,2.951891699595359,12.44080130259196,38.33395643448629,519.5587076479432,1355.34851075412,4634.590296266428,150.6336793990579
2020,,4919.7,6.791780821917809,-5.741158976943822,23.3508698152124,-34.08853329137826,546.9380900200248,-9.529847225919314,-9.656,29.89825675904587,0.1159954908287627,152.9029247276305,154.927,-6.401,59.31590726331837,122.3,2.951891699595359,12.44080130259196,38.33395643448629,519.5587076479432,1355.34851075412,4634.590296266428,150.6336793990579
2020,,39248.7,6.791780821917809,-5.741158976943822,23.3508698152124,-34.08853329137826,546.9380900200248,-9.529847225919314,-9.656,29.89825675904587,0.1159954908287627,152.9029247276305,154.927,-6.401,59.31590726331837,122.3,2.951891699595359,12.44080130259196,38.33395643448629,519.5587076479432,1355.34851075412,4634.590296266428,150.6336793990579
2020,,9278.9,6.791780821917809,-5.741158976943822,23.3508698152124,-34.08853329137826,546.9380900200248,-9.529847225919314,-9.656,29.89825675904587,0.1159954908287627,152.9029247276305,154.927,-6.401,59.31590726331837,122.3,2.951891699595359,12.44080130259196,38.33395643448629,519.5587076479432,1355.34851075412,4634.590296266428,150.6336793990579
2020,,13299.7,6.791780821917809,-5.741158976943822,23.3508698152124,-34.08853329137826,546.9380900200248,-9.529847225919314,-9.656,29.89825675904587,0.1159954908287627,152.9029247276305,154.927,-6.401,59.31590726331837,122.3,2.951891699595359,12.44080130259196,38.33395643448629,519.5587076479432,1355.34851075412,4634.590296266428,150.6336793990579
2020,,7744.3,6.791780821917809,-5.741158976943822,23.3508698152124,-34.08853329137826,546.9380900200248,-9.529847225919314,-9.656,29.89825675904587,0.1159954908287627,152.9029247276305,154.927,-6.401,59.31590726331837,122.3,2.951891699595359,12.44080130259196,38.33395643448629,519.5587076479432,1355.34851075412,4634.590296266428,150.6336793990579
2020,,5148.8,6.791780821917809,-5.741158976943822,23.3508698152124,-34.08853329137826,546.9380900200248,-9.529847225919314,-9.656,29.89825675904587,0.1159954908287627,152.9029247276305,154.927,-6.401,59.31590726331837,122.3,2.951891699595359,12.44080130259196,38.33395643448629,519.5587076479432,1355.34851075412,4634.590296266428,150.6336793990579
2020,,3777.0,6.791780821917809,-5.741158976943822,23.3508698152124,-34.08853329137826,546.9380900200248,-9.529847225919314,-9.656,29.89825675904587,0.1159954908287627,152.9029247276305,154.927,-6.401,59.31590726331837,122.3,2.951891699595359,12.44080130259196,38.33395643448629,519.5587076479432,1355.34851075412,4634.590296266428,150.6336793990579
2020,,190931.9,6.791780821917809,-5.741158976943822,23.3508698152124,-34.08853329137826,546.9380900200248,-9.529847225919314,-9.656,29.89825675904587,0.1159954908287627,152.9029247276305,154.927,-6.401,59.31590726331837,122.3,2.951891699595359,12.44080130259196,38.33395643448629,519.5587076479432,1355.34851075412,4634.590296266428,150.6336793990579
2020,,6396.1,6.791780821917809,-5.741158976943822,23.3508698152124,-34.08853329137826,546.9380900200248,-9.529847225919314,-9.656,29.89825675904587,0.1159954908287627,152.9029247276305,154.927,-6.401,59.31590726331837,122.3,2.951891699595359,12.44080130259196,38.33395643448629,519.5587076479432,1355.34851075412,4634.590296266428,150.6336793990579
2020,,3115.5,6.791780821917809,-5.741158976943822,23.3508698152124,-34.08853329137826,546.9380900200248,-9.529847225919314,-9.656,29.89825675904587,0.1159954908287627,152.9029247276305,154.927,-6.401,59.31590726331837,122.3,2.951891699595359,12.44080130259196,38.33395643448629,519.5587076479432,1355.34851075412,4634.590296266428,150.6336793990579
2020,,158367.5,6.791780821917809,-5.741158976943822,23.3508698152124,-34.08853329137826,546.9380900200248,-9.529847225919314,-9.656,29.89825675904587,0.1159954908287627,152.9029247276305,154.927,-6.401,59.31590726331837,122.3,2.951891699595359,12.44080130259196,38.33395643448629,519.5587076479432,1355.34851075412,4634.590296266428,150.6336793990579
2020,,12863.5,6.791780821917809,-5.741158976943822,23.3508698152124,-34.08853329137826,546.9380900200248,-9.529847225919314,-9.656,29.89825675904587,0.1159954908287627,152.9029247276305,154.927,-6.401,59.31590726331837,122.3,2.951891699595359,12.44080130259196,38.33395643448629,519.5587076479432,1355.34851075412,4634.590296266428,150.6336793990579
2020,,10189.2,6.791780821917809,-5.741158976943822,23.3508698152124,-34.08853329137826,546.9380900200248,-9.529847225919314,-9.656,29.89825675904587,0.1159954908287627,152.9029247276305,154.927,-6.401,59.31590726331837,122.3,2.951891699595359,12.44080130259196,38.33395643448629,519.5587076479432,1355.34851075412,4634.590296266428,150.6336793990579
2020,,369452.1,6.791780821917809,-5.741158976943822,23.3508698152124,-34.08853329137826,546.9380900200248,-9.529847225919314,-9.656,29.89825675904587,0.1159954908287627,152.9029247276305,154.927,-6.401,59.31590726331837,122.3,2.951891699595359,12.44080130259196,38.33395643448629,519.5587076479432,1355.34851075412,4634.590296266428,150.6336793990579
2020,,253548.7,6.791780821917809,-5.741158976943822,23.3508698152124,-34.08853329137826,546.9380900200248,-9.529847225919314,-9.656,29.89825675904587,0.1159954908287627,152.9029247276305,154.927,-6.401,59.31590726331837,122.3,2.951891699595359,12.44080130259196,38.33395643448629,519.5587076479432,1355.34851075412,4634.590296266428,150.6336793990579
2020,,30550.3,6.791780821917809,-5.741158976943822,23.3508698152124,-34.08853329137826,546.9380900200248,-9.529847225919314,-9.656,29.89825675904587,0.1159954908287627,152.9029247276305,154.927,-6.401,59.31590726331837,122.3,2.951891699595359,12.44080130259196,38.33395643448629,519.5587076479432,1355.34851075412,4634.590296266428,150.6336793990579
2020,,7103.1,6.791780821917809,-5.741158976943822,23.3508698152124,-34.08853329137826,546.9380900200248,-9.529847225919314,-9.656,29.89825675904587,0.1159954908287627,152.9029247276305,154.927,-6.401,59.31590726331837,122.3,2.951891699595359,12.44080130259196,38.33395643448629,519.5587076479432,1355.34851075412,4634.590296266428,150.6336793990579
2020,,6847.1,6.791780821917809,-5.741158976943822,23.3508698152124,-34.08853329137826,546.9380900200248,-9.529847225919314,-9.656,29.89825675904587,0.1159954908287627,152.9029247276305,154.927,-6.401,59.31590726331837,122.3,2.951891699595359,12.44080130259196,38.33395643448629,519.5587076479432,1355.34851075412,4634.590296266428,150.6336793990579
2020,,7298.7,6.791780821917809,-5.741158976943822,23.3508698152124,-34.08853329137826,546.9380900200248,-9.529847225919314,-9.656,29.89825675904587,0.1159954908287627,152.9029247276305,154.927,-6.401,59.31590726331837,122.3,2.951891699595359,12.44080130259196,38.33395643448629,519.5587076479432,1355.34851075412,4634.590296266428,150.6336793990579
2020,,9301.4,6.791780821917809,-5.741158976943822,23.3508698152124,-34.08853329137826,546.9380900200248,-9.529847225919314,-9.656,29.89825675904587,0.1159954908287627,152.9029247276305,154.927,-6.401,59.31590726331837,122.3,2.951891699595359,12.44080130259196,38.33395643448629,519.5587076479432,1355.34851075412,4634.590296266428,150.6336793990579
2020,,6237.0,6.791780821917809,-5.741158976943822,23.3508698152124,-34.08853329137826,546.9380900200248,-9.529847225919314,-9.656,29.89825675904587,0.1159954908287627,152.9029247276305,154.927,-6.401,59.31590726331837,122.3,2.951891699595359,12.44080130259196,38.33395643448629,519.5587076479432,1355.34851075412,4634.590296266428,150.6336793990579
2020,,4573.4,6.791780821917809,-5.741158976943822,23.3508698152124,-34.08853329137826,546.9380900200248,-9.529847225919314,-9.656,29.89825675904587,0.1159954908287627,152.9029247276305,154.927,-6.401,59.31590726331837,122.3,2.951891699595359,12.44080130259196,38.33395643448629,519.5587076479432,1355.34851075412,4634.590296266428,150.6336793990579
2020,,1663.6,6.791780821917809,-5.741158976943822,23.3508698152124,-34.08853329137826,546.9380900200248,-9.529847225919314,-9.656,29.89825675904587,0.1159954908287627,152.9029247276305,154.927,-6.401,59.31590726331837,122.3,2.951891699595359,12.44080130259196,38.33395643448629,519.5587076479432,1355.34851075412,4634.590296266428,150.6336793990579
2020,,102472.9,6.791780821917809,-5.741158976943822,23.3508698152124,-34.08853329137826,546.9380900200248,-9.529847225919314,-9.656,29.89825675904587,0.1159954908287627,152.9029247276305,154.927,-6.401,59.31590726331837,122.3,2.951891699595359,12.44080130259196,38.33395643448629,519.5587076479432,1355.34851075412,4634.590296266428,150.6336793990579
2020,,15284.9,6.791780821917809,-5.741158976943822,23.3508698152124,-34.08853329137826,546.9380900200248,-9.529847225919314,-9.656,29.89825675904587,0.1159954908287627,152.9029247276305,154.927,-6.401,59.31590726331837,122.3,2.951891699595359,12.44080130259196,38.33395643448629,519.5587076479432,1355.34851075412,4634.590296266428,150.6336793990579
2020,,4434.1,6.791780821917809,-5.741158976943822,23.3508698152124,-34.08853329137826,546.9380900200248,-9.529847225919314,-9.656,29.89825675904587,0.1159954908287627,152.9029247276305,154.927,-6.401,59.31590726331837,122.3,2.951891699595359,12.44080130259196,38.33395643448629,519.5587076479432,1355.34851075412,4634.590296266428,150.6336793990579
2020,,56040.4,6.791780821917809,-5.741158976943822,23.3508698152124,-34.08853329137826,546.9380900200248,-9.529847225919314,-9.656,29.89825675904587,0.1159954908287627,152.9029247276305,154.927,-6.401,59.31590726331837,122.3,2.951891699595359,12.44080130259196,38.33395643448629,519.5587076479432,1355.34851075412,4634.590296266428,150.6336793990579
2020,,7154.2,6.791780821917809,-5.741158976943822,23.3508698152124,-34.08853329137826,546.9380900200248,-9.529847225919314,-9.656,29.89825675904587,0.1159954908287627,152.9029247276305,154.927,-6.401,59.31590726331837,122.3,2.951891699595359,12.44080130259196,38.33395643448629,519.5587076479432,1355.34851075412,4634.590296266428,150.6336793990579
2020,,19559.2,6.791780821917809,-5.741158976943822,23.3508698152124,-34.08853329137826,546.9380900200248,-9.529847225919314,-9.656,29.89825675904587,0.1159954908287627,152.9029247276305,154.927,-6.401,59.31590726331837,122.3,2.951891699595359,12.44080130259196,38.33395643448629,519.5587076479432,1355.34851075412,4634.590296266428,150.6336793990579
2020,,71840.6,6.791780821917809,-5.741158976943822,23.3508698152124,-34.08853329137826,546.9380900200248,-9.529847225919314,-9.656,29.89825675904587,0.1159954908287627,152.9029247276305,154.927,-6.401,59.31590726331837,122.3,2.951891699595359,12.44080130259196,38.33395643448629,519.5587076479432,1355.34851075412,4634.590296266428,150.6336793990579
2020,,10262.7,6.791780821917809,-5.741158976943822,23.3508698152124,-34.08853329137826,546.9380900200248,-9.529847225919314,-9.656,29.89825675904587,0.1159954908287627,152.9029247276305,154.927,-6.401,59.31590726331837,122.3,2.951891699595359,12.44080130259196,38.33395643448629,519.5587076479432,1355.34851075412,4634.590296266428,150.6336793990579
2020,,26274.2,6.791780821917809,-5.741158976943822,23.3508698152124,-34.08853329137826,546.9380900200248,-9.529847225919314,-9.656,29.89825675904587,0.1159954908287627,152.9029247276305,154.927,-6.401,59.31590726331837,122.3,2.951891699595359,12.44080130259196,38.33395643448629,519.5587076479432,1355.34851075412,4634.590296266428,150.6336793990579
2020,,9990.0,6.791780821917809,-5.741158976943822,23.3508698152124,-34.08853329137826,546.9380900200248,-9.529847225919314,-9.656,29.89825675904587,0.1159954908287627,152.9029247276305,154.927,-6.401,59.31590726331837,122.3,2.951891699595359,12.44080130259196,38.33395643448629,519.5587076479432,1355.34851075412,4634.590296266428,150.6336793990579
2020,,6581.9,6.791780821917809,-5.741158976943822,23.3508698152124,-34.08853329137826,546.9380900200248,-9.529847225919314,-9.656,29.89825675904587,0.1159954908287627,152.9029247276305,154.927,-6.401,59.31590726331837,122.3,2.951891699595359,12.44080130259196,38.33395643448629,519.5587076479432,1355.34851075412,4634.590296266428,150.6336793990579
2020,,12822.1,6.791780821917809,-5.741158976943822,23.3508698152124,-34.08853329137826,546.9380900200248,-9.529847225919314,-9.656,29.89825675904587,0.1159954908287627,152.9029247276305,154.927,-6.401,59.31590726331837,122.3,2.951891699595359,12.44080130259196,38.33395643448629,519.5587076479432,1355.34851075412,4634.590296266428,150.6336793990579
2020,,5909.7,6.791780821917809,-5.741158976943822,23.3508698152124,-34.08853329137826,546.9380900200248,-9.529847225919314,-9.656,29.89825675904587,0.1159954908287627,152.9029247276305,154.927,-6.401,59.31590726331837,122.3,2.951891699595359,12.44080130259196,38.33395643448629,519.5587076479432,1355.34851075412,4634.590296266428,150.6336793990579
2020,,11304.4,6.791780821917809,-5.741158976943822,23.3508698152124,-34.08853329137826,546.9380900200248,-9.529847225919314,-9.656,29.89825675904587,0.1159954908287627,152.9029247276305,154.927,-6.401,59.31590726331837,122.3,2.951891699595359,12.44080130259196,38.33395643448629,519.5587076479432,1355.34851075412,4634.590296266428,150.6336793990579
2020,,7608.9,6.791780821917809,-5.741158976943822,23.3508698152124,-34.08853329137826,546.9380900200248,-9.529847225919314,-9.656,29.89825675904587,0.1159954908287627,152.9029247276305,154.927,-6.401,59.31590726331837,122.3,2.951891699595359,12.44080130259196,38.33395643448629,519.5587076479432,1355.34851075412,4634.590296266428,150.6336793990579
2020,,3695.6,6.791780821917809,-5.741158976943822,23.3508698152124,-34.08853329137826,546.9380900200248,-9.529847225919314,-9.656,29.89825675904587,0.1159954908287627,152.9029247276305,154.927,-6.401,59.31590726331837,122.3,2.951891699595359,12.44080130259196,38.33395643448629,519.5587076479432,1355.34851075412,4634.590296266428,150.6336793990579
2020,,31143.4,6.791780821917809,-5.741158976943822,23.3508698152124,-34.08853329137826,546.9380900200248,-9.529847225919314,-9.656,29.89825675904587,0.1159954908287627,152.9029247276305,154.927,-6.401,59.31590726331837,122.3,2.951891699595359,12.44080130259196,38.33395643448629,519.5587076479432,1355.34851075412,4634.590296266428,150.6336793990579
2020,,10487.3,6.791780821917809,-5.741158976943822,23.3508698152124,-34.08853329137826,546.9380900200248,-9.529847225919314,-9.656,29.89825675904587,0.1159954908287627,152.9029247276305,154.927,-6.401,59.31590726331837,122.3,2.951891699595359,12.44080130259196,38.33395643448629,519.5587076479432,1355.34851075412,4634.590296266428,150.6336793990579
2020,,6585.1,6.791780821917809,-5.741158976943822,23.3508698152124,-34.08853329137826,546.9380900200248,-9.529847225919314,-9.656,29.89825675904587,0.1159954908287627,152.9029247276305,154.927,-6.401,59.31590726331837,122.3,2.951891699595359,12.44080130259196,38.33395643448629,519.5587076479432,1355.34851075412,4634.590296266428,150.6336793990579
2020,,8968.1,6.791780821917809,-5.741158976943822,23.3508698152124,-34.08853329137826,546.9380900200248,-9.529847225919314,-9.656,29.89825675904587,0.1159954908287627,152.9029247276305,154.927,-6.401,59.31590726331837,122.3,2.951891699595359,12.44080130259196,38.33395643448629,519.5587076479432,1355.34851075412,4634.590296266428,150.6336793990579
2020,,2681.6,6.791780821917809,-5.741158976943822,23.3508698152124,-34.08853329137826,546.9380900200248,-9.529847225919314,-9.656,29.89825675904587,0.1159954908287627,152.9029247276305,154.927,-6.401,59.31590726331837,122.3,2.951891699595359,12.44080130259196,38.33395643448629,519.5587076479432,1355.34851075412,4634.590296266428,150.6336793990579
2020,,2421.3,6.791780821917809,-5.741158976943822,23.3508698152124,-34.08853329137826,546.9380900200248,-9.529847225919314,-9.656,29.89825675904587,0.1159954908287627,152.9029247276305,154.927,-6.401,59.31590726331837,122.3,2.951891699595359,12.44080130259196,38.33395643448629,519.5587076479432,1355.34851075412,4634.590296266428,150.6336793990579
2020,,115903.4,6.791780821917809,-5.741158976943822,23.3508698152124,-34.08853329137826,546.9380900200248,-9.529847225919314,-9.656,29.89825675904587,0.1159954908287627,152.9029247276305,154.927,-6.401,59.31590726331837,122.3,2.951891699595359,12.44080130259196,38.33395643448629,519.5587076479432,1355.34851075412,4634.590296266428,150.6336793990579
2020,,83567.8,6.791780821917809,-5.741158976943822,23.3508698152124,-34.08853329137826,546.9380900200248,-9.529847225919314,-9.656,29.89825675904587,0.1159954908287627,152.9029247276305,154.927,-6.401,59.31590726331837,122.3,2.951891699595359,12.44080130259196,38.33395643448629,519.5587076479432,1355.34851075412,4634.590296266428,150.6336793990579
2020,,6638.4,6.791780821917809,-5.741158976943822,23.3508698152124,-34.08853329137826,546.9380900200248,-9.529847225919314,-9.656,29.89825675904587,0.1159954908287627,152.9029247276305,154.927,-6.401,59.31590726331837,122.3,2.951891699595359,12.44080130259196,38.33395643448629,519.5587076479432,1355.34851075412,4634.590296266428,150.6336793990579
2020,,22080.2,6.791780821917809,-5.741158976943822,23.3508698152124,-34.08853329137826,546.9380900200248,-9.529847225919314,-9.656,29.89825675904587,0.1159954908287627,152.9029247276305,154.927,-6.401,59.31590726331837,122.3,2.951891699595359,12.44080130259196,38.33395643448629,519.5587076479432,1355.34851075412,4634.590296266428,150.6336793990579
2020,,10759.8,6.791780821917809,-5.741158976943822,23.3508698152124,-34.08853329137826,546.9380900200248,-9.529847225919314,-9.656,29.89825675904587,0.1159954908287627,152.9029247276305,154.927,-6.401,59.31590726331837,122.3,2.951891699595359,12.44080130259196,38.33395643448629,519.5587076479432,1355.34851075412,4634.590296266428,150.6336793990579
2020,,6381.1,6.791780821917809,-5.741158976943822,23.3508698152124,-34.08853329137826,546.9380900200248,-9.529847225919314,-9.656,29.89825675904587,0.1159954908287627,152.9029247276305,154.927,-6.401,59.31590726331837,122.3,2.951891699595359,12.44080130259196,38.33395643448629,519.5587076479432,1355.34851075412,4634.590296266428,150.6336793990579
2020,,4010.3,6.791780821917809,-5.741158976943822,23.3508698152124,-34.08853329137826,546.9380900200248,-9.529847225919314,-9.656,29.89825675904587,0.1159954908287627,152.9029247276305,154.927,-6.401,59.31590726331837,122.3,2.951891699595359,12.44080130259196,38.33395643448629,519.5587076479432,1355.34851075412,4634.590296266428,150.6336793990579
2020,,2423.5,6.791780821917809,-5.741158976943822,23.3508698152124,-34.08853329137826,546.9380900200248,-9.529847225919314,-9.656,29.89825675904587,0.1159954908287627,152.9029247276305,154.927,-6.401,59.31590726331837,122.3,2.951891699595359,12.44080130259196,38.33395643448629,519.5587076479432,1355.34851075412,4634.590296266428,150.6336793990579
2020,,19159.6,6.791780821917809,-5.741158976943822,23.3508698152124,-34.08853329137826,546.9380900200248,-9.529847225919314,-9.656,29.89825675904587,0.1159954908287627,152.9029247276305,154.927,-6.401,59.31590726331837,122.3,2.951891699595359,12.44080130259196,38.33395643448629,519.5587076479432,1355.34851075412,4634.590296266428,150.6336793990579
2020,,5487.0,6.791780821917809,-5.741158976943822,23.3508698152124,-34.08853329137826,546.9380900200248,-9.529847225919314,-9.656,29.89825675904587,0.1159954908287627,152.9029247276305,154.927,-6.401,59.31590726331837,122.3,2.951891699595359,12.44080130259196,38.33395643448629,519.5587076479432,1355.34851075412,4634.590296266428,150.6336793990579
2020,,6628.0,6.791780821917809,-5.741158976943822,23.3508698152124,-34.08853329137826,546.9380900200248,-9.529847225919314,-9.656,29.89825675904587,0.1159954908287627,152.9029247276305,154.927,-6.401,59.31590726331837,122.3,2.951891699595359,12.44080130259196,38.33395643448629,519.5587076479432,1355.34851075412,4634.590296266428,150.6336793990579
2020,,32335.6,6.791780821917809,-5.741158976943822,23.3508698152124,-34.08853329137826,546.9380900200248,-9.529847225919314,-9.656,29.89825675904587,0.1159954908287627,152.9029247276305,154.927,-6.401,59.31590726331837,122.3,2.951891699595359,12.44080130259196,38.33395643448629,519.5587076479432,1355.34851075412,4634.590296266428,150.6336793990579
2020,,9671.6,6.791780821917809,-5.741158976943822,23.3508698152124,-34.08853329137826,546.9380900200248,-9.529847225919314,-9.656,29.89825675904587,0.1159954908287627,152.9029247276305,154.927,-6.401,59.31590726331837,122.3,2.951891699595359,12.44080130259196,38.33395643448629,519.5587076479432,1355.34851075412,4634.590296266428,150.6336793990579
2020,,3797.7,6.791780821917809,-5.741158976943822,23.3508698152124,-34.08853329137826,546.9380900200248,-9.529847225919314,-9.656,29.89825675904587,0.1159954908287627,152.9029247276305,154.927,-6.401,59.31590726331837,122.3,2.951891699595359,12.44080130259196,38.33395643448629,519.5587076479432,1355.34851075412,4634.590296266428,150.6336793990579
2020,,11055.6,6.791780821917809,-5.741158976943822,23.3508698152124,-34.08853329137826,546.9380900200248,-9.529847225919314,-9.656,29.89825675904587,0.1159954908287627,152.9029247276305,154.927,-6.401,59.31590726331837,122.3,2.951891699595359,12.44080130259196,38.33395643448629,519.5587076479432,1355.34851075412,4634.590296266428,150.6336793990579
2020,,2600.2,6.791780821917809,-5.741158976943822,23.3508698152124,-34.08853329137826,546.9380900200248,-9.529847225919314,-9.656,29.89825675904587,0.1159954908287627,152.9029247276305,154.927,-6.401,59.31590726331837,122.3,2.951891699595359,12.44080130259196,38.33395643448629,519.5587076479432,1355.34851075412,4634.590296266428,150.6336793990579
2020,,5210.6,6.791780821917809,-5.741158976943822,23.3508698152124,-34.08853329137826,546.9380900200248,-9.529847225919314,-9.656,29.89825675904587,0.1159954908287627,152.9029247276305,154.927,-6.401,59.31590726331837,122.3,2.951891699595359,12.44080130259196,38.33395643448629,519.5587076479432,1355.34851075412,4634.590296266428,150.6336793990579
2020,,852.6,6.791780821917809,-5.741158976943822,23.3508698152124,-34.08853329137826,546.9380900200248,-9.529847225919314,-9.656,29.89825675904587,0.1159954908287627,152.9029247276305,154.927,-6.401,59.31590726331837,122.3,2.951891699595359,12.44080130259196,38.33395643448629,519.5587076479432,1355.34851075412,4634.590296266428,150.6336793990579
2021,,1842507.4,6.884931506849315,-7.990798301437174,18.70253941845956,-31.83620476611943,529.1665825025436,-9.500440945253107,-9.018,29.1964187492702,0.1153840767329598,157.9119089162591,149.893,-5.636,52.27547269066434,117.1,2.335807540629319,12.35981750488281,40.27248979247676,494.6298933402422,1228.207880588111,3326.013556323198,132.0521581275759
2021,,1433981.9,6.884931506849315,-7.990798301437174,18.70253941845956,-31.83620476611943,529.1665825025436,-9.500440945253107,-9.018,29.1964187492702,0.1153840767329598,157.9119089162591,149.893,-5.636,52.27547269066434,117.1,2.335807540629319,12.35981750488281,40.27248979247676,494.6298933402422,1228.207880588111,3326.013556323198,132.0521581275759
2021,,1043587.3,6.884931506849315,-7.990798301437174,18.70253941845956,-31.83620476611943,529.1665825025436,-9.500440945253107,-9.018,29.1964187492702,0.1153840767329598,157.9119089162591,149.893,-5.636,52.27547269066434,117.1,2.335807540629319,12.35981750488281,40.27248979247676,494.6298933402422,1228.207880588111,3326.013556323198,132.0521581275759
2021,,616023.7,6.884931506849315,-7.990798301437174,18.70253941845956,-31.83620476611943,529.1665825025436,-9.500440945253107,-9.018,29.1964187492702,0.1153840767329598,157.9119089162591,149.893,-5.636,52.27547269066434,117.1,2.335807540629319,12.35981750488281,40.27248979247676,494.6298933402422,1228.207880588111,3326.013556323198,132.0521581275759
2021,,137614.9,6.884931506849315,-7.990798301437174,18.70253941845956,-31.83620476611943,529.1665825025436,-9.500440945253107,-9.018,29.1964187492702,0.1153840767329598,157.9119089162591,149.893,-5.636,52.27547269066434,117.1,2.335807540629319,12.35981750488281,40.27248979247676,494.6298933402422,1228.207880588111,3326.013556323198,132.0521581275759
2021,,74229.3,6.884931506849315,-7.990798301437174,18.70253941845956,-31.83620476611943,529.1665825025436,-9.500440945253107,-9.018,29.1964187492702,0.1153840767329598,157.9119089162591,149.893,-5.636,52.27547269066434,117.1,2.335807540629319,12.35981750488281,40.27248979247676,494.6298933402422,1228.207880588111,3326.013556323198,132.0521581275759
2021,,5057.1,6.884931506849315,-7.990798301437174,18.70253941845956,-31.83620476611943,529.1665825025436,-9.500440945253107,-9.018,29.1964187492702,0.1153840767329598,157.9119089162591,149.893,-5.636,52.27547269066434,117.1,2.335807540629319,12.35981750488281,40.27248979247676,494.6298933402422,1228.207880588111,3326.013556323198,132.0521581275759
2021,,11772.8,6.884931506849315,-7.990798301437174,18.70253941845956,-31.83620476611943,529.1665825025436,-9.500440945253107,-9.018,29.1964187492702,0.1153840767329598,157.9119089162591,149.893,-5.636,52.27547269066434,117.1,2.335807540629319,12.35981750488281,40.27248979247676,494.6298933402422,1228.207880588111,3326.013556323198,132.0521581275759
2021,,19763.3,6.884931506849315,-7.990798301437174,18.70253941845956,-31.83620476611943,529.1665825025436,-9.500440945253107,-9.018,29.1964187492702,0.1153840767329598,157.9119089162591,149.893,-5.636,52.27547269066434,117.1,2.335807540629319,12.35981750488281,40.27248979247676,494.6298933402422,1228.207880588111,3326.013556323198,132.0521581275759
2021,,5673.7,6.884931506849315,-7.990798301437174,18.70253941845956,-31.83620476611943,529.1665825025436,-9.500440945253107,-9.018,29.1964187492702,0.1153840767329598,157.9119089162591,149.893,-5.636,52.27547269066434,117.1,2.335807540629319,12.35981750488281,40.27248979247676,494.6298933402422,1228.207880588111,3326.013556323198,132.0521581275759
2021,,12380.6,6.884931506849315,-7.990798301437174,18.70253941845956,-31.83620476611943,529.1665825025436,-9.500440945253107,-9.018,29.1964187492702,0.1153840767329598,157.9119089162591,149.893,-5.636,52.27547269066434,117.1,2.335807540629319,12.35981750488281,40.27248979247676,494.6298933402422,1228.207880588111,3326.013556323198,132.0521581275759
2021,,4817.5,6.884931506849315,-7.990798301437174,18.70253941845956,-31.83620476611943,529.1665825025436,-9.500440945253107,-9.018,29.1964187492702,0.1153840767329598,157.9119089162591,149.893,-5.636,52.27547269066434,117.1,2.335807540629319,12.35981750488281,40.27248979247676,494.6298933402422,1228.207880588111,3326.013556323198,132.0521581275759
2021,,3920.5,6.884931506849315,-7.990798301437174,18.70253941845956,-31.83620476611943,529.1665825025436,-9.500440945253107,-9.018,29.1964187492702,0.1153840767329598,157.9119089162591,149.893,-5.636,52.27547269066434,117.1,2.335807540629319,12.35981750488281,40.27248979247676,494.6298933402422,1228.207880588111,3326.013556323198,132.0521581275759
2021,,4783.0,6.884931506849315,-7.990798301437174,18.70253941845956,-31.83620476611943,529.1665825025436,-9.500440945253107,-9.018,29.1964187492702,0.1153840767329598,157.9119089162591,149.893,-5.636,52.27547269066434,117.1,2.335807540629319,12.35981750488281,40.27248979247676,494.6298933402422,1228.207880588111,3326.013556323198,132.0521581275759
2021,,4783.0,6.884931506849315,-7.990798301437174,18.70253941845956,-31.83620476611943,529.1665825025436,-9.500440945253107,-9.018,29.1964187492702,0.1153840767329598,157.9119089162591,149.893,-5.636,52.27547269066434,117.1,2.335807540629319,12.35981750488281,40.27248979247676,494.6298933402422,1228.207880588111,3326.013556323198,132.0521581275759
2021,,49383.5,6.884931506849315,-7.990798301437174,18.70253941845956,-31.83620476611943,529.1665825025436,-9.500440945253107,-9.018,29.1964187492702,0.1153840767329598,157.9119089162591,149.893,-5.636,52.27547269066434,117.1,2.335807540629319,12.35981750488281,40.27248979247676,494.6298933402422,1228.207880588111,3326.013556323198,132.0521581275759
2021,,5214.2,6.884931506849315,-7.990798301437174,18.70253941845956,-31.83620476611943,529.1665825025436,-9.500440945253107,-9.018,29.1964187492702,0.1153840767329598,157.9119089162591,149.893,-5.636,52.27547269066434,117.1,2.335807540629319,12.35981750488281,40.27248979247676,494.6298933402422,1228.207880588111,3326.013556323198,132.0521581275759
2021,,7968.8,6.884931506849315,-7.990798301437174,18.70253941845956,-31.83620476611943,529.1665825025436,-9.500440945253107,-9.018,29.1964187492702,0.1153840767329598,157.9119089162591,149.893,-5.636,52.27547269066434,117.1,2.335807540629319,12.35981750488281,40.27248979247676,494.6298933402422,1228.207880588111,3326.013556323198,132.0521581275759
2021,,28916.9,6.884931506849315,-7.990798301437174,18.70253941845956,-31.83620476611943,529.1665825025436,-9.500440945253107,-9.018,29.1964187492702,0.1153840767329598,157.9119089162591,149.893,-5.636,52.27547269066434,117.1,2.335807540629319,12.35981750488281,40.27248979247676,494.6298933402422,1228.207880588111,3326.013556323198,132.0521581275759
2021,,7283.5,6.884931506849315,-7.990798301437174,18.70253941845956,-31.83620476611943,529.1665825025436,-9.500440945253107,-9.018,29.1964187492702,0.1153840767329598,157.9119089162591,149.893,-5.636,52.27547269066434,117.1,2.335807540629319,12.35981750488281,40.27248979247676,494.6298933402422,1228.207880588111,3326.013556323198,132.0521581275759
2021,,424242.3,6.884931506849315,-7.990798301437174,18.70253941845956,-31.83620476611943,529.1665825025436,-9.500440945253107,-9.018,29.1964187492702,0.1153840767329598,157.9119089162591,149.893,-5.636,52.27547269066434,117.1,2.335807540629319,12.35981750488281,40.27248979247676,494.6298933402422,1228.207880588111,3326.013556323198,132.0521581275759
2021,,27338.2,6.884931506849315,-7.990798301437174,18.70253941845956,-31.83620476611943,529.1665825025436,-9.500440945253107,-9.018,29.1964187492702,0.1153840767329598,157.9119089162591,149.893,-5.636,52.27547269066434,117.1,2.335807540629319,12.35981750488281,40.27248979247676,494.6298933402422,1228.207880588111,3326.013556323198,132.0521581275759
2021,,17881.4,6.884931506849315,-7.990798301437174,18.70253941845956,-31.83620476611943,529.1665825025436,-9.500440945253107,-9.018,29.1964187492702,0.1153840767329598,157.9119089162591,149.893,-5.636,52.27547269066434,117.1,2.335807540629319,12.35981750488281,40.27248979247676,494.6298933402422,1228.207880588111,3326.013556323198,132.0521581275759
2021,,5471.4,6.884931506849315,-7.990798301437174,18.70253941845956,-31.83620476611943,529.1665825025436,-9.500440945253107,-9.018,29.1964187492702,0.1153840767329598,157.9119089162591,149.893,-5.636,52.27547269066434,117.1,2.335807540629319,12.35981750488281,40.27248979247676,494.6298933402422,1228.207880588111,3326.013556323198,132.0521581275759
2021,,198863.6,6.884931506849315,-7.990798301437174,18.70253941845956,-31.83620476611943,529.1665825025436,-9.500440945253107,-9.018,29.1964187492702,0.1153840767329598,157.9119089162591,149.893,-5.636,52.27547269066434,117.1,2.335807540629319,12.35981750488281,40.27248979247676,494.6298933402422,1228.207880588111,3326.013556323198,132.0521581275759
2021,,40380.9,6.884931506849315,-7.990798301437174,18.70253941845956,-31.83620476611943,529.1665825025436,-9.500440945253107,-9.018,29.1964187492702,0.1153840767329598,157.9119089162591,149.893,-5.636,52.27547269066434,117.1,2.335807540629319,12.35981750488281,40.27248979247676,494.6298933402422,1228.207880588111,3326.013556323198,132.0521581275759
2021,,46515.0,6.884931506849315,-7.990798301437174,18.70253941845956,-31.83620476611943,529.1665825025436,-9.500440945253107,-9.018,29.1964187492702,0.1153840767329598,157.9119089162591,149.893,-5.636,52.27547269066434,117.1,2.335807540629319,12.35981750488281,40.27248979247676,494.6298933402422,1228.207880588111,3326.013556323198,132.0521581275759
2021,,14297.4,6.884931506849315,-7.990798301437174,18.70253941845956,-31.83620476611943,529.1665825025436,-9.500440945253107,-9.018,29.1964187492702,0.1153840767329598,157.9119089162591,149.893,-5.636,52.27547269066434,117.1,2.335807540629319,12.35981750488281,40.27248979247676,494.6298933402422,1228.207880588111,3326.013556323198,132.0521581275759
2021,,12459.9,6.884931506849315,-7.990798301437174,18.70253941845956,-31.83620476611943,529.1665825025436,-9.500440945253107,-9.018,29.1964187492702,0.1153840767329598,157.9119089162591,149.893,-5.636,52.27547269066434,117.1,2.335807540629319,12.35981750488281,40.27248979247676,494.6298933402422,1228.207880588111,3326.013556323198,132.0521581275759
2021,,13621.5,6.884931506849315,-7.990798301437174,18.70253941845956,-31.83620476611943,529.1665825025436,-9.500440945253107,-9.018,29.1964187492702,0.1153840767329598,157.9119089162591,149.893,-5.636,52.27547269066434,117.1,2.335807540629319,12.35981750488281,40.27248979247676,494.6298933402422,1228.207880588111,3326.013556323198,132.0521581275759
2021,,11340.9,6.884931506849315,-7.990798301437174,18.70253941845956,-31.83620476611943,529.1665825025436,-9.500440945253107,-9.018,29.1964187492702,0.1153840767329598,157.9119089162591,149.893,-5.636,52.27547269066434,117.1,2.335807540629319,12.35981750488281,40.27248979247676,494.6298933402422,1228.207880588111,3326.013556323198,132.0521581275759
2021,,6663.0,6.884931506849315,-7.990798301437174,18.70253941845956,-31.83620476611943,529.1665825025436,-9.500440945253107,-9.018,29.1964187492702,0.1153840767329598,157.9119089162591,149.893,-5.636,52.27547269066434,117.1,2.335807540629319,12.35981750488281,40.27248979247676,494.6298933402422,1228.207880588111,3326.013556323198,132.0521581275759
2021,,29409.2,6.884931506849315,-7.990798301437174,18.70253941845956,-31.83620476611943,529.1665825025436,-9.500440945253107,-9.018,29.1964187492702,0.1153840767329598,157.9119089162591,149.893,-5.636,52.27547269066434,117.1,2.335807540629319,12.35981750488281,40.27248979247676,494.6298933402422,1228.207880588111,3326.013556323198,132.0521581275759
2021,,427563.6,6.884931506849315,-7.990798301437174,18.70253941845956,-31.83620476611943,529.1665825025436,-9.500440945253107,-9.018,29.1964187492702,0.1153840767329598,157.9119089162591,149.893,-5.636,52.27547269066434,117.1,2.335807540629319,12.35981750488281,40.27248979247676,494.6298933402422,1228.207880588111,3326.013556323198,132.0521581275759
2021,,48038.5,6.884931506849315,-7.990798301437174,18.70253941845956,-31.83620476611943,529.1665825025436,-9.500440945253107,-9.018,29.1964187492702,0.1153840767329598,157.9119089162591,149.893,-5.636,52.27547269066434,117.1,2.335807540629319,12.35981750488281,40.27248979247676,494.6298933402422,1228.207880588111,3326.013556323198,132.0521581275759
2021,,26658.8,6.884931506849315,-7.990798301437174,18.70253941845956,-31.83620476611943,529.1665825025436,-9.500440945253107,-9.018,29.1964187492702,0.1153840767329598,157.9119089162591,149.893,-5.636,52.27547269066434,117.1,2.335807540629319,12.35981750488281,40.27248979247676,494.6298933402422,1228.207880588111,3326.013556323198,132.0521581275759
2021,,26658.8,6.884931506849315,-7.990798301437174,18.70253941845956,-31.83620476611943,529.1665825025436,-9.500440945253107,-9.018,29.1964187492702,0.1153840767329598,157.9119089162591,149.893,-5.636,52.27547269066434,117.1,2.335807540629319,12.35981750488281,40.27248979247676,494.6298933402422,1228.207880588111,3326.013556323198,132.0521581275759
2021,,21379.7,6.884931506849315,-7.990798301437174,18.70253941845956,-31.83620476611943,529.1665825025436,-9.500440945253107,-9.018,29.1964187492702,0.1153840767329598,157.9119089162591,149.893,-5.636,52.27547269066434,117.1,2.335807540629319,12.35981750488281,40.27248979247676,494.6298933402422,1228.207880588111,3326.013556323198,132.0521581275759
2021,,21379.7,6.884931506849315,-7.990798301437174,18.70253941845956,-31.83620476611943,529.1665825025436,-9.500440945253107,-9.018,29.1964187492702,0.1153840767329598,157.9119089162591,149.893,-5.636,52.27547269066434,117.1,2.335807540629319,12.35981750488281,40.27248979247676,494.6298933402422,1228.207880588111,3326.013556323198,132.0521581275759
2021,,170031.5,6.884931506849315,-7.990798301437174,18.70253941845956,-31.83620476611943,529.1665825025436,-9.500440945253107,-9.018,29.1964187492702,0.1153840767329598,157.9119089162591,149.893,-5.636,52.27547269066434,117.1,2.335807540629319,12.35981750488281,40.27248979247676,494.6298933402422,1228.207880588111,3326.013556323198,132.0521581275759
2021,,32941.1,6.884931506849315,-7.990798301437174,18.70253941845956,-31.83620476611943,529.1665825025436,-9.500440945253107,-9.018,29.1964187492702,0.1153840767329598,157.9119089162591,149.893,-5.636,52.27547269066434,117.1,2.335807540629319,12.35981750488281,40.27248979247676,494.6298933402422,1228.207880588111,3326.013556323198,132.0521581275759
2021,,31764.2,6.884931506849315,-7.990798301437174,18.70253941845956,-31.83620476611943,529.1665825025436,-9.500440945253107,-9.018,29.1964187492702,0.1153840767329598,157.9119089162591,149.893,-5.636,52.27547269066434,117.1,2.335807540629319,12.35981750488281,40.27248979247676,494.6298933402422,1228.207880588111,3326.013556323198,132.0521581275759
2021,,6743.2,6.884931506849315,-7.990798301437174,18.70253941845956,-31.83620476611943,529.1665825025436,-9.500440945253107,-9.018,29.1964187492702,0.1153840767329598,157.9119089162591,149.893,-5.636,52.27547269066434,117.1,2.335807540629319,12.35981750488281,40.27248979247676,494.6298933402422,1228.207880588111,3326.013556323198,132.0521581275759
2021,,31529.2,6.884931506849315,-7.990798301437174,18.70253941845956,-31.83620476611943,529.1665825025436,-9.500440945253107,-9.018,29.1964187492702,0.1153840767329598,157.9119089162591,149.893,-5.636,52.27547269066434,117.1,2.335807540629319,12.35981750488281,40.27248979247676,494.6298933402422,1228.207880588111,3326.013556323198,132.0521581275759
2021,,26715.0,6.884931506849315,-7.990798301437174,18.70253941845956,-31.83620476611943,529.1665825025436,-9.500440945253107,-9.018,29.1964187492702,0.1153840767329598,157.9119089162591,149.893,-5.636,52.27547269066434,117.1,2.335807540629319,12.35981750488281,40.27248979247676,494.6298933402422,1228.207880588111,3326.013556323198,132.0521581275759
2021,,33943.4,6.884931506849315,-7.990798301437174,18.70253941845956,-31.83620476611943,529.1665825025436,-9.500440945253107,-9.018,29.1964187492702,0.1153840767329598,157.9119089162591,149.893,-5.636,52.27547269066434,117.1,2.335807540629319,12.35981750488281,40.27248979247676,494.6298933402422,1228.207880588111,3326.013556323198,132.0521581275759
2021,,6395.5,6.884931506849315,-7.990798301437174,18.70253941845956,-31.83620476611943,529.1665825025436,-9.500440945253107,-9.018,29.1964187492702,0.1153840767329598,157.9119089162591,149.893,-5.636,52.27547269066434,117.1,2.335807540629319,12.35981750488281,40.27248979247676,494.6298933402422,1228.207880588111,3326.013556323198,132.0521581275759
2021,,40456.8,6.884931506849315,-7.990798301437174,18.70253941845956,-31.83620476611943,529.1665825025436,-9.500440945253107,-9.018,29.1964187492702,0.1153840767329598,157.9119089162591,149.893,-5.636,52.27547269066434,117.1,2.335807540629319,12.35981750488281,40.27248979247676,494.6298933402422,1228.207880588111,3326.013556323198,132.0521581275759
2021,,17224.4,6.884931506849315,-7.990798301437174,18.70253941845956,-31.83620476611943,529.1665825025436,-9.500440945253107,-9.018,29.1964187492702,0.1153840767329598,157.9119089162591,149.893,-5.636,52.27547269066434,117.1,2.335807540629319,12.35981750488281,40.27248979247676,494.6298933402422,1228.207880588111,3326.013556323198,132.0521581275759
2021,,4115.3,6.884931506849315,-7.990798301437174,18.70253941845956,-31.83620476611943,529.1665825025436,-9.500440945253107,-9.018,29.1964187492702,0.1153840767329598,157.9119089162591,149.893,-5.636,52.27547269066434,117.1,2.335807540629319,12.35981750488281,40.27248979247676,494.6298933402422,1228.207880588111,3326.013556323198,132.0521581275759
2021,,8846.9,6.884931506849315,-7.990798301437174,18.70253941845956,-31.83620476611943,529.1665825025436,-9.500440945253107,-9.018,29.1964187492702,0.1153840767329598,157.9119089162591,149.893,-5.636,52.27547269066434,117.1,2.335807540629319,12.35981750488281,40.27248979247676,494.6298933402422,1228.207880588111,3326.013556323198,132.0521581275759
2021,,10270.3,6.884931506849315,-7.990798301437174,18.70253941845956,-31.83620476611943,529.1665825025436,-9.500440945253107,-9.018,29.1964187492702,0.1153840767329598,157.9119089162591,149.893,-5.636,52.27547269066434,117.1,2.335807540629319,12.35981750488281,40.27248979247676,494.6298933402422,1228.207880588111,3326.013556323198,132.0521581275759
2021,,169036.8,6.884931506849315,-7.990798301437174,18.70253941845956,-31.83620476611943,529.1665825025436,-9.500440945253107,-9.018,29.1964187492702,0.1153840767329598,157.9119089162591,149.893,-5.636,52.27547269066434,117.1,2.335807540629319,12.35981750488281,40.27248979247676,494.6298933402422,1228.207880588111,3326.013556323198,132.0521581275759
2021,,10048.7,6.884931506849315,-7.990798301437174,18.70253941845956,-31.83620476611943,529.1665825025436,-9.500440945253107,-9.018,29.1964187492702,0.1153840767329598,157.9119089162591,149.893,-5.636,52.27547269066434,117.1,2.335807540629319,12.35981750488281,40.27248979247676,494.6298933402422,1228.207880588111,3326.013556323198,132.0521581275759
2021,,18956.1,6.884931506849315,-7.990798301437174,18.70253941845956,-31.83620476611943,529.1665825025436,-9.500440945253107,-9.018,29.1964187492702,0.1153840767329598,157.9119089162591,149.893,-5.636,52.27547269066434,117.1,2.335807540629319,12.35981750488281,40.27248979247676,494.6298933402422,1228.207880588111,3326.013556323198,132.0521581275759
2021,,20352.1,6.884931506849315,-7.990798301437174,18.70253941845956,-31.83620476611943,529.1665825025436,-9.500440945253107,-9.018,29.1964187492702,0.1153840767329598,157.9119089162591,149.893,-5.636,52.27547269066434,117.1,2.335807540629319,12.35981750488281,40.27248979247676,494.6298933402422,1228.207880588111,3326.013556323198,132.0521581275759
2021,,29458.0,6.884931506849315,-7.990798301437174,18.70253941845956,-31.83620476611943,529.1665825025436,-9.500440945253107,-9.018,29.1964187492702,0.1153840767329598,157.9119089162591,149.893,-5.636,52.27547269066434,117.1,2.335807540629319,12.35981750488281,40.27248979247676,494.6298933402422,1228.207880588111,3326.013556323198,132.0521581275759
2021,,43563.9,6.884931506849315,-7.990798301437174,18.70253941845956,-31.83620476611943,529.1665825025436,-9.500440945253107,-9.018,29.1964187492702,0.1153840767329598,157.9119089162591,149.893,-5.636,52.27547269066434,117.1,2.335807540629319,12.35981750488281,40.27248979247676,494.6298933402422,1228.207880588111,3326.013556323198,132.0521581275759
2021,,9593.7,6.884931506849315,-7.990798301437174,18.70253941845956,-31.83620476611943,529.1665825025436,-9.500440945253107,-9.018,29.1964187492702,0.1153840767329598,157.9119089162591,149.893,-5.636,52.27547269066434,117.1,2.335807540629319,12.35981750488281,40.27248979247676,494.6298933402422,1228.207880588111,3326.013556323198,132.0521581275759
2021,,12869.6,6.884931506849315,-7.990798301437174,18.70253941845956,-31.83620476611943,529.1665825025436,-9.500440945253107,-9.018,29.1964187492702,0.1153840767329598,157.9119089162591,149.893,-5.636,52.27547269066434,117.1,2.335807540629319,12.35981750488281,40.27248979247676,494.6298933402422,1228.207880588111,3326.013556323198,132.0521581275759
2021,,13663.3,6.884931506849315,-7.990798301437174,18.70253941845956,-31.83620476611943,529.1665825025436,-9.500440945253107,-9.018,29.1964187492702,0.1153840767329598,157.9119089162591,149.893,-5.636,52.27547269066434,117.1,2.335807540629319,12.35981750488281,40.27248979247676,494.6298933402422,1228.207880588111,3326.013556323198,132.0521581275759
2021,,10531.5,6.884931506849315,-7.990798301437174,18.70253941845956,-31.83620476611943,529.1665825025436,-9.500440945253107,-9.018,29.1964187492702,0.1153840767329598,157.9119089162591,149.893,-5.636,52.27547269066434,117.1,2.335807540629319,12.35981750488281,40.27248979247676,494.6298933402422,1228.207880588111,3326.013556323198,132.0521581275759
2021,,390394.6,6.884931506849315,-7.990798301437174,18.70253941845956,-31.83620476611943,529.1665825025436,-9.500440945253107,-9.018,29.1964187492702,0.1153840767329598,157.9119089162591,149.893,-5.636,52.27547269066434,117.1,2.335807540629319,12.35981750488281,40.27248979247676,494.6298933402422,1228.207880588111,3326.013556323198,132.0521581275759
2021,,119580.2,6.884931506849315,-7.990798301437174,18.70253941845956,-31.83620476611943,529.1665825025436,-9.500440945253107,-9.018,29.1964187492702,0.1153840767329598,157.9119089162591,149.893,-5.636,52.27547269066434,117.1,2.335807540629319,12.35981750488281,40.27248979247676,494.6298933402422,1228.207880588111,3326.013556323198,132.0521581275759
2021,,5137.4,6.884931506849315,-7.990798301437174,18.70253941845956,-31.83620476611943,529.1665825025436,-9.500440945253107,-9.018,29.1964187492702,0.1153840767329598,157.9119089162591,149.893,-5.636,52.27547269066434,117.1,2.335807540629319,12.35981750488281,40.27248979247676,494.6298933402422,1228.207880588111,3326.013556323198,132.0521581275759
2021,,11496.6,6.884931506849315,-7.990798301437174,18.70253941845956,-31.83620476611943,529.1665825025436,-9.500440945253107,-9.018,29.1964187492702,0.1153840767329598,157.9119089162591,149.893,-5.636,52.27547269066434,117.1,2.335807540629319,12.35981750488281,40.27248979247676,494.6298933402422,1228.207880588111,3326.013556323198,132.0521581275759
2021,,7796.1,6.884931506849315,-7.990798301437174,18.70253941845956,-31.83620476611943,529.1665825025436,-9.500440945253107,-9.018,29.1964187492702,0.1153840767329598,157.9119089162591,149.893,-5.636,52.27547269066434,117.1,2.335807540629319,12.35981750488281,40.27248979247676,494.6298933402422,1228.207880588111,3326.013556323198,132.0521581275759
2021,,39098.6,6.884931506849315,-7.990798301437174,18.70253941845956,-31.83620476611943,529.1665825025436,-9.500440945253107,-9.018,29.1964187492702,0.1153840767329598,157.9119089162591,149.893,-5.636,52.27547269066434,117.1,2.335807540629319,12.35981750488281,40.27248979247676,494.6298933402422,1228.207880588111,3326.013556323198,132.0521581275759
2021,,9376.9,6.884931506849315,-7.990798301437174,18.70253941845956,-31.83620476611943,529.1665825025436,-9.500440945253107,-9.018,29.1964187492702,0.1153840767329598,157.9119089162591,149.893,-5.636,52.27547269066434,117.1,2.335807540629319,12.35981750488281,40.27248979247676,494.6298933402422,1228.207880588111,3326.013556323198,132.0521581275759
2021,,13814.3,6.884931506849315,-7.990798301437174,18.70253941845956,-31.83620476611943,529.1665825025436,-9.500440945253107,-9.018,29.1964187492702,0.1153840767329598,157.9119089162591,149.893,-5.636,52.27547269066434,117.1,2.335807540629319,12.35981750488281,40.27248979247676,494.6298933402422,1228.207880588111,3326.013556323198,132.0521581275759
2021,,10282.7,6.884931506849315,-7.990798301437174,18.70253941845956,-31.83620476611943,529.1665825025436,-9.500440945253107,-9.018,29.1964187492702,0.1153840767329598,157.9119089162591,149.893,-5.636,52.27547269066434,117.1,2.335807540629319,12.35981750488281,40.27248979247676,494.6298933402422,1228.207880588111,3326.013556323198,132.0521581275759
2021,,8518.1,6.884931506849315,-7.990798301437174,18.70253941845956,-31.83620476611943,529.1665825025436,-9.500440945253107,-9.018,29.1964187492702,0.1153840767329598,157.9119089162591,149.893,-5.636,52.27547269066434,117.1,2.335807540629319,12.35981750488281,40.27248979247676,494.6298933402422,1228.207880588111,3326.013556323198,132.0521581275759
2021,,5805.1,6.884931506849315,-7.990798301437174,18.70253941845956,-31.83620476611943,529.1665825025436,-9.500440945253107,-9.018,29.1964187492702,0.1153840767329598,157.9119089162591,149.893,-5.636,52.27547269066434,117.1,2.335807540629319,12.35981750488281,40.27248979247676,494.6298933402422,1228.207880588111,3326.013556323198,132.0521581275759
2021,,8254.4,6.884931506849315,-7.990798301437174,18.70253941845956,-31.83620476611943,529.1665825025436,-9.500440945253107,-9.018,29.1964187492702,0.1153840767329598,157.9119089162591,149.893,-5.636,52.27547269066434,117.1,2.335807540629319,12.35981750488281,40.27248979247676,494.6298933402422,1228.207880588111,3326.013556323198,132.0521581275759
2021,,23012.0,6.884931506849315,-7.990798301437174,18.70253941845956,-31.83620476611943,529.1665825025436,-9.500440945253107,-9.018,29.1964187492702,0.1153840767329598,157.9119089162591,149.893,-5.636,52.27547269066434,117.1,2.335807540629319,12.35981750488281,40.27248979247676,494.6298933402422,1228.207880588111,3326.013556323198,132.0521581275759
2021,,17482.7,6.884931506849315,-7.990798301437174,18.70253941845956,-31.83620476611943,529.1665825025436,-9.500440945253107,-9.018,29.1964187492702,0.1153840767329598,157.9119089162591,149.893,-5.636,52.27547269066434,117.1,2.335807540629319,12.35981750488281,40.27248979247676,494.6298933402422,1228.207880588111,3326.013556323198,132.0521581275759
2021,,5529.3,6.884931506849315,-7.990798301437174,18.70253941845956,-31.83620476611943,529.1665825025436,-9.500440945253107,-9.018,29.1964187492702,0.1153840767329598,157.9119089162591,149.893,-5.636,52.27547269066434,117.1,2.335807540629319,12.35981750488281,40.27248979247676,494.6298933402422,1228.207880588111,3326.013556323198,132.0521581275759
2021,,43192.9,6.884931506849315,-7.990798301437174,18.70253941845956,-31.83620476611943,529.1665825025436,-9.500440945253107,-9.018,29.1964187492702,0.1153840767329598,157.9119089162591,149.893,-5.636,52.27547269066434,117.1,2.335807540629319,12.35981750488281,40.27248979247676,494.6298933402422,1228.207880588111,3326.013556323198,132.0521581275759
2021,,10426.9,6.884931506849315,-7.990798301437174,18.70253941845956,-31.83620476611943,529.1665825025436,-9.500440945253107,-9.018,29.1964187492702,0.1153840767329598,157.9119089162591,149.893,-5.636,52.27547269066434,117.1,2.335807540629319,12.35981750488281,40.27248979247676,494.6298933402422,1228.207880588111,3326.013556323198,132.0521581275759
2021,,14571.1,6.884931506849315,-7.990798301437174,18.70253941845956,-31.83620476611943,529.1665825025436,-9.500440945253107,-9.018,29.1964187492702,0.1153840767329598,157.9119089162591,149.893,-5.636,52.27547269066434,117.1,2.335807540629319,12.35981750488281,40.27248979247676,494.6298933402422,1228.207880588111,3326.013556323198,132.0521581275759
2021,,8555.8,6.884931506849315,-7.990798301437174,18.70253941845956,-31.83620476611943,529.1665825025436,-9.500440945253107,-9.018,29.1964187492702,0.1153840767329598,157.9119089162591,149.893,-5.636,52.27547269066434,117.1,2.335807540629319,12.35981750488281,40.27248979247676,494.6298933402422,1228.207880588111,3326.013556323198,132.0521581275759
2021,,5439.9,6.884931506849315,-7.990798301437174,18.70253941845956,-31.83620476611943,529.1665825025436,-9.500440945253107,-9.018,29.1964187492702,0.1153840767329598,157.9119089162591,149.893,-5.636,52.27547269066434,117.1,2.335807540629319,12.35981750488281,40.27248979247676,494.6298933402422,1228.207880588111,3326.013556323198,132.0521581275759
2021,,4199.2,6.884931506849315,-7.990798301437174,18.70253941845956,-31.83620476611943,529.1665825025436,-9.500440945253107,-9.018,29.1964187492702,0.1153840767329598,157.9119089162591,149.893,-5.636,52.27547269066434,117.1,2.335807540629319,12.35981750488281,40.27248979247676,494.6298933402422,1228.207880588111,3326.013556323198,132.0521581275759
2021,,204609.6,6.884931506849315,-7.990798301437174,18.70253941845956,-31.83620476611943,529.1665825025436,-9.500440945253107,-9.018,29.1964187492702,0.1153840767329598,157.9119089162591,149.893,-5.636,52.27547269066434,117.1,2.335807540629319,12.35981750488281,40.27248979247676,494.6298933402422,1228.207880588111,3326.013556323198,132.0521581275759
2021,,6985.8,6.884931506849315,-7.990798301437174,18.70253941845956,-31.83620476611943,529.1665825025436,-9.500440945253107,-9.018,29.1964187492702,0.1153840767329598,157.9119089162591,149.893,-5.636,52.27547269066434,117.1,2.335807540629319,12.35981750488281,40.27248979247676,494.6298933402422,1228.207880588111,3326.013556323198,132.0521581275759
2021,,3493.3,6.884931506849315,-7.990798301437174,18.70253941845956,-31.83620476611943,529.1665825025436,-9.500440945253107,-9.018,29.1964187492702,0.1153840767329598,157.9119089162591,149.893,-5.636,52.27547269066434,117.1,2.335807540629319,12.35981750488281,40.27248979247676,494.6298933402422,1228.207880588111,3326.013556323198,132.0521581275759
2021,,169091.3,6.884931506849315,-7.990798301437174,18.70253941845956,-31.83620476611943,529.1665825025436,-9.500440945253107,-9.018,29.1964187492702,0.1153840767329598,157.9119089162591,149.893,-5.636,52.27547269066434,117.1,2.335807540629319,12.35981750488281,40.27248979247676,494.6298933402422,1228.207880588111,3326.013556323198,132.0521581275759
2021,,13876.3,6.884931506849315,-7.990798301437174,18.70253941845956,-31.83620476611943,529.1665825025436,-9.500440945253107,-9.018,29.1964187492702,0.1153840767329598,157.9119089162591,149.893,-5.636,52.27547269066434,117.1,2.335807540629319,12.35981750488281,40.27248979247676,494.6298933402422,1228.207880588111,3326.013556323198,132.0521581275759
2021,,11163.0,6.884931506849315,-7.990798301437174,18.70253941845956,-31.83620476611943,529.1665825025436,-9.500440945253107,-9.018,29.1964187492702,0.1153840767329598,157.9119089162591,149.893,-5.636,52.27547269066434,117.1,2.335807540629319,12.35981750488281,40.27248979247676,494.6298933402422,1228.207880588111,3326.013556323198,132.0521581275759
2021,,406928.6,6.884931506849315,-7.990798301437174,18.70253941845956,-31.83620476611943,529.1665825025436,-9.500440945253107,-9.018,29.1964187492702,0.1153840767329598,157.9119089162591,149.893,-5.636,52.27547269066434,117.1,2.335807540629319,12.35981750488281,40.27248979247676,494.6298933402422,1228.207880588111,3326.013556323198,132.0521581275759
2021,,279021.5,6.884931506849315,-7.990798301437174,18.70253941845956,-31.83620476611943,529.1665825025436,-9.500440945253107,-9.018,29.1964187492702,0.1153840767329598,157.9119089162591,149.893,-5.636,52.27547269066434,117.1,2.335807540629319,12.35981750488281,40.27248979247676,494.6298933402422,1228.207880588111,3326.013556323198,132.0521581275759
2021,,33614.9,6.884931506849315,-7.990798301437174,18.70253941845956,-31.83620476611943,529.1665825025436,-9.500440945253107,-9.018,29.1964187492702,0.1153840767329598,157.9119089162591,149.893,-5.636,52.27547269066434,117.1,2.335807540629319,12.35981750488281,40.27248979247676,494.6298933402422,1228.207880588111,3326.013556323198,132.0521581275759
2021,,7574.8,6.884931506849315,-7.990798301437174,18.70253941845956,-31.83620476611943,529.1665825025436,-9.500440945253107,-9.018,29.1964187492702,0.1153840767329598,157.9119089162591,149.893,-5.636,52.27547269066434,117.1,2.335807540629319,12.35981750488281,40.27248979247676,494.6298933402422,1228.207880588111,3326.013556323198,132.0521581275759
2021,,7759.4,6.884931506849315,-7.990798301437174,18.70253941845956,-31.83620476611943,529.1665825025436,-9.500440945253107,-9.018,29.1964187492702,0.1153840767329598,157.9119089162591,149.893,-5.636,52.27547269066434,117.1,2.335807540629319,12.35981750488281,40.27248979247676,494.6298933402422,1228.207880588111,3326.013556323198,132.0521581275759
2021,,8083.7,6.884931506849315,-7.990798301437174,18.70253941845956,-31.83620476611943,529.1665825025436,-9.500440945253107,-9.018,29.1964187492702,0.1153840767329598,157.9119089162591,149.893,-5.636,52.27547269066434,117.1,2.335807540629319,12.35981750488281,40.27248979247676,494.6298933402422,1228.207880588111,3326.013556323198,132.0521581275759
2021,,10197.0,6.884931506849315,-7.990798301437174,18.70253941845956,-31.83620476611943,529.1665825025436,-9.500440945253107,-9.018,29.1964187492702,0.1153840767329598,157.9119089162591,149.893,-5.636,52.27547269066434,117.1,2.335807540629319,12.35981750488281,40.27248979247676,494.6298933402422,1228.207880588111,3326.013556323198,132.0521581275759
2021,,6841.1,6.884931506849315,-7.990798301437174,18.70253941845956,-31.83620476611943,529.1665825025436,-9.500440945253107,-9.018,29.1964187492702,0.1153840767329598,157.9119089162591,149.893,-5.636,52.27547269066434,117.1,2.335807540629319,12.35981750488281,40.27248979247676,494.6298933402422,1228.207880588111,3326.013556323198,132.0521581275759
2021,,5066.2,6.884931506849315,-7.990798301437174,18.70253941845956,-31.83620476611943,529.1665825025436,-9.500440945253107,-9.018,29.1964187492702,0.1153840767329598,157.9119089162591,149.893,-5.636,52.27547269066434,117.1,2.335807540629319,12.35981750488281,40.27248979247676,494.6298933402422,1228.207880588111,3326.013556323198,132.0521581275759
2021,,1774.8,6.884931506849315,-7.990798301437174,18.70253941845956,-31.83620476611943,529.1665825025436,-9.500440945253107,-9.018,29.1964187492702,0.1153840767329598,157.9119089162591,149.893,-5.636,52.27547269066434,117.1,2.335807540629319,12.35981750488281,40.27248979247676,494.6298933402422,1228.207880588111,3326.013556323198,132.0521581275759
2021,,111969.8,6.884931506849315,-7.990798301437174,18.70253941845956,-31.83620476611943,529.1665825025436,-9.500440945253107,-9.018,29.1964187492702,0.1153840767329598,157.9119089162591,149.893,-5.636,52.27547269066434,117.1,2.335807540629319,12.35981750488281,40.27248979247676,494.6298933402422,1228.207880588111,3326.013556323198,132.0521581275759
2021,,16560.6,6.884931506849315,-7.990798301437174,18.70253941845956,-31.83620476611943,529.1665825025436,-9.500440945253107,-9.018,29.1964187492702,0.1153840767329598,157.9119089162591,149.893,-5.636,52.27547269066434,117.1,2.335807540629319,12.35981750488281,40.27248979247676,494.6298933402422,1228.207880588111,3326.013556323198,132.0521581275759
2021,,4879.2,6.884931506849315,-7.990798301437174,18.70253941845956,-31.83620476611943,529.1665825025436,-9.500440945253107,-9.018,29.1964187492702,0.1153840767329598,157.9119089162591,149.893,-5.636,52.27547269066434,117.1,2.335807540629319,12.35981750488281,40.27248979247676,494.6298933402422,1228.207880588111,3326.013556323198,132.0521581275759
2021,,61178.9,6.884931506849315,-7.990798301437174,18.70253941845956,-31.83620476611943,529.1665825025436,-9.500440945253107,-9.018,29.1964187492702,0.1153840767329598,157.9119089162591,149.893,-5.636,52.27547269066434,117.1,2.335807540629319,12.35981750488281,40.27248979247676,494.6298933402422,1228.207880588111,3326.013556323198,132.0521581275759
2021,,7884.5,6.884931506849315,-7.990798301437174,18.70253941845956,-31.83620476611943,529.1665825025436,-9.500440945253107,-9.018,29.1964187492702,0.1153840767329598,157.9119089162591,149.893,-5.636,52.27547269066434,117.1,2.335807540629319,12.35981750488281,40.27248979247676,494.6298933402422,1228.207880588111,3326.013556323198,132.0521581275759
2021,,21466.6,6.884931506849315,-7.990798301437174,18.70253941845956,-31.83620476611943,529.1665825025436,-9.500440945253107,-9.018,29.1964187492702,0.1153840767329598,157.9119089162591,149.893,-5.636,52.27547269066434,117.1,2.335807540629319,12.35981750488281,40.27248979247676,494.6298933402422,1228.207880588111,3326.013556323198,132.0521581275759
2021,,79570.1,6.884931506849315,-7.990798301437174,18.70253941845956,-31.83620476611943,529.1665825025436,-9.500440945253107,-9.018,29.1964187492702,0.1153840767329598,157.9119089162591,149.893,-5.636,52.27547269066434,117.1,2.335807540629319,12.35981750488281,40.27248979247676,494.6298933402422,1228.207880588111,3326.013556323198,132.0521581275759
2021,,11185.7,6.884931506849315,-7.990798301437174,18.70253941845956,-31.83620476611943,529.1665825025436,-9.500440945253107,-9.018,29.1964187492702,0.1153840767329598,157.9119089162591,149.893,-5.636,52.27547269066434,117.1,2.335807540629319,12.35981750488281,40.27248979247676,494.6298933402422,1228.207880588111,3326.013556323198,132.0521581275759
2021,,28965.0,6.884931506849315,-7.990798301437174,18.70253941845956,-31.83620476611943,529.1665825025436,-9.500440945253107,-9.018,29.1964187492702,0.1153840767329598,157.9119089162591,149.893,-5.636,52.27547269066434,117.1,2.335807540629319,12.35981750488281,40.27248979247676,494.6298933402422,1228.207880588111,3326.013556323198,132.0521581275759
2021,,11370.8,6.884931506849315,-7.990798301437174,18.70253941845956,-31.83620476611943,529.1665825025436,-9.500440945253107,-9.018,29.1964187492702,0.1153840767329598,157.9119089162591,149.893,-5.636,52.27547269066434,117.1,2.335807540629319,12.35981750488281,40.27248979247676,494.6298933402422,1228.207880588111,3326.013556323198,132.0521581275759
2021,,7147.6,6.884931506849315,-7.990798301437174,18.70253941845956,-31.83620476611943,529.1665825025436,-9.500440945253107,-9.018,29.1964187492702,0.1153840767329598,157.9119089162591,149.893,-5.636,52.27547269066434,117.1,2.335807540629319,12.35981750488281,40.27248979247676,494.6298933402422,1228.207880588111,3326.013556323198,132.0521581275759
2021,,14348.4,6.884931506849315,-7.990798301437174,18.70253941845956,-31.83620476611943,529.1665825025436,-9.500440945253107,-9.018,29.1964187492702,0.1153840767329598,157.9119089162591,149.893,-5.636,52.27547269066434,117.1,2.335807540629319,12.35981750488281,40.27248979247676,494.6298933402422,1228.207880588111,3326.013556323198,132.0521581275759
2021,,6552.6,6.884931506849315,-7.990798301437174,18.70253941845956,-31.83620476611943,529.1665825025436,-9.500440945253107,-9.018,29.1964187492702,0.1153840767329598,157.9119089162591,149.893,-5.636,52.27547269066434,117.1,2.335807540629319,12.35981750488281,40.27248979247676,494.6298933402422,1228.207880588111,3326.013556323198,132.0521581275759
2021,,12958.3,6.884931506849315,-7.990798301437174,18.70253941845956,-31.83620476611943,529.1665825025436,-9.500440945253107,-9.018,29.1964187492702,0.1153840767329598,157.9119089162591,149.893,-5.636,52.27547269066434,117.1,2.335807540629319,12.35981750488281,40.27248979247676,494.6298933402422,1228.207880588111,3326.013556323198,132.0521581275759
2021,,8865.9,6.884931506849315,-7.990798301437174,18.70253941845956,-31.83620476611943,529.1665825025436,-9.500440945253107,-9.018,29.1964187492702,0.1153840767329598,157.9119089162591,149.893,-5.636,52.27547269066434,117.1,2.335807540629319,12.35981750488281,40.27248979247676,494.6298933402422,1228.207880588111,3326.013556323198,132.0521581275759
2021,,4092.4,6.884931506849315,-7.990798301437174,18.70253941845956,-31.83620476611943,529.1665825025436,-9.500440945253107,-9.018,29.1964187492702,0.1153840767329598,157.9119089162591,149.893,-5.636,52.27547269066434,117.1,2.335807540629319,12.35981750488281,40.27248979247676,494.6298933402422,1228.207880588111,3326.013556323198,132.0521581275759
2021,,34067.2,6.884931506849315,-7.990798301437174,18.70253941845956,-31.83620476611943,529.1665825025436,-9.500440945253107,-9.018,29.1964187492702,0.1153840767329598,157.9119089162591,149.893,-5.636,52.27547269066434,117.1,2.335807540629319,12.35981750488281,40.27248979247676,494.6298933402422,1228.207880588111,3326.013556323198,132.0521581275759
2021,,11395.4,6.884931506849315,-7.990798301437174,18.70253941845956,-31.83620476611943,529.1665825025436,-9.500440945253107,-9.018,29.1964187492702,0.1153840767329598,157.9119089162591,149.893,-5.636,52.27547269066434,117.1,2.335807540629319,12.35981750488281,40.27248979247676,494.6298933402422,1228.207880588111,3326.013556323198,132.0521581275759
2021,,7200.1,6.884931506849315,-7.990798301437174,18.70253941845956,-31.83620476611943,529.1665825025436,-9.500440945253107,-9.018,29.1964187492702,0.1153840767329598,157.9119089162591,149.893,-5.636,52.27547269066434,117.1,2.335807540629319,12.35981750488281,40.27248979247676,494.6298933402422,1228.207880588111,3326.013556323198,132.0521581275759
2021,,9818.0,6.884931506849315,-7.990798301437174,18.70253941845956,-31.83620476611943,529.1665825025436,-9.500440945253107,-9.018,29.1964187492702,0.1153840767329598,157.9119089162591,149.893,-5.636,52.27547269066434,117.1,2.335807540629319,12.35981750488281,40.27248979247676,494.6298933402422,1228.207880588111,3326.013556323198,132.0521581275759
2021,,3034.3,6.884931506849315,-7.990798301437174,18.70253941845956,-31.83620476611943,529.1665825025436,-9.500440945253107,-9.018,29.1964187492702,0.1153840767329598,157.9119089162591,149.893,-5.636,52.27547269066434,117.1,2.335807540629319,12.35981750488281,40.27248979247676,494.6298933402422,1228.207880588111,3326.013556323198,132.0521581275759
2021,,2619.5,6.884931506849315,-7.990798301437174,18.70253941845956,-31.83620476611943,529.1665825025436,-9.500440945253107,-9.018,29.1964187492702,0.1153840767329598,157.9119089162591,149.893,-5.636,52.27547269066434,117.1,2.335807540629319,12.35981750488281,40.27248979247676,494.6298933402422,1228.207880588111,3326.013556323198,132.0521581275759
2021,,127907.1,6.884931506849315,-7.990798301437174,18.70253941845956,-31.83620476611943,529.1665825025436,-9.500440945253107,-9.018,29.1964187492702,0.1153840767329598,157.9119089162591,149.893,-5.636,52.27547269066434,117.1,2.335807540629319,12.35981750488281,40.27248979247676,494.6298933402422,1228.207880588111,3326.013556323198,132.0521581275759
2021,,92204.8,6.884931506849315,-7.990798301437174,18.70253941845956,-31.83620476611943,529.1665825025436,-9.500440945253107,-9.018,29.1964187492702,0.1153840767329598,157.9119089162591,149.893,-5.636,52.27547269066434,117.1,2.335807540629319,12.35981750488281,40.27248979247676,494.6298933402422,1228.207880588111,3326.013556323198,132.0521581275759
2021,,7240.9,6.884931506849315,-7.990798301437174,18.70253941845956,-31.83620476611943,529.1665825025436,-9.500440945253107,-9.018,29.1964187492702,0.1153840767329598,157.9119089162591,149.893,-5.636,52.27547269066434,117.1,2.335807540629319,12.35981750488281,40.27248979247676,494.6298933402422,1228.207880588111,3326.013556323198,132.0521581275759
2021,,24311.7,6.884931506849315,-7.990798301437174,18.70253941845956,-31.83620476611943,529.1665825025436,-9.500440945253107,-9.018,29.1964187492702,0.1153840767329598,157.9119089162591,149.893,-5.636,52.27547269066434,117.1,2.335807540629319,12.35981750488281,40.27248979247676,494.6298933402422,1228.207880588111,3326.013556323198,132.0521581275759
2021,,11543.4,6.884931506849315,-7.990798301437174,18.70253941845956,-31.83620476611943,529.1665825025436,-9.500440945253107,-9.018,29.1964187492702,0.1153840767329598,157.9119089162591,149.893,-5.636,52.27547269066434,117.1,2.335807540629319,12.35981750488281,40.27248979247676,494.6298933402422,1228.207880588111,3326.013556323198,132.0521581275759
2021,,6925.2,6.884931506849315,-7.990798301437174,18.70253941845956,-31.83620476611943,529.1665825025436,-9.500440945253107,-9.018,29.1964187492702,0.1153840767329598,157.9119089162591,149.893,-5.636,52.27547269066434,117.1,2.335807540629319,12.35981750488281,40.27248979247676,494.6298933402422,1228.207880588111,3326.013556323198,132.0521581275759
2021,,4433.0,6.884931506849315,-7.990798301437174,18.70253941845956,-31.83620476611943,529.1665825025436,-9.500440945253107,-9.018,29.1964187492702,0.1153840767329598,157.9119089162591,149.893,-5.636,52.27547269066434,117.1,2.335807540629319,12.35981750488281,40.27248979247676,494.6298933402422,1228.207880588111,3326.013556323198,132.0521581275759
2021,,2596.2,6.884931506849315,-7.990798301437174,18.70253941845956,-31.83620476611943,529.1665825025436,-9.500440945253107,-9.018,29.1964187492702,0.1153840767329598,157.9119089162591,149.893,-5.636,52.27547269066434,117.1,2.335807540629319,12.35981750488281,40.27248979247676,494.6298933402422,1228.207880588111,3326.013556323198,132.0521581275759
2021,,21050.5,6.884931506849315,-7.990798301437174,18.70253941845956,-31.83620476611943,529.1665825025436,-9.500440945253107,-9.018,29.1964187492702,0.1153840767329598,157.9119089162591,149.893,-5.636,52.27547269066434,117.1,2.335807540629319,12.35981750488281,40.27248979247676,494.6298933402422,1228.207880588111,3326.013556323198,132.0521581275759
2021,,6015.8,6.884931506849315,-7.990798301437174,18.70253941845956,-31.83620476611943,529.1665825025436,-9.500440945253107,-9.018,29.1964187492702,0.1153840767329598,157.9119089162591,149.893,-5.636,52.27547269066434,117.1,2.335807540629319,12.35981750488281,40.27248979247676,494.6298933402422,1228.207880588111,3326.013556323198,132.0521581275759
2021,,8088.3,6.884931506849315,-7.990798301437174,18.70253941845956,-31.83620476611943,529.1665825025436,-9.500440945253107,-9.018,29.1964187492702,0.1153840767329598,157.9119089162591,149.893,-5.636,52.27547269066434,117.1,2.335807540629319,12.35981750488281,40.27248979247676,494.6298933402422,1228.207880588111,3326.013556323198,132.0521581275759
2021,,35702.3,6.884931506849315,-7.990798301437174,18.70253941845956,-31.83620476611943,529.1665825025436,-9.500440945253107,-9.018,29.1964187492702,0.1153840767329598,157.9119089162591,149.893,-5.636,52.27547269066434,117.1,2.335807540629319,12.35981750488281,40.27248979247676,494.6298933402422,1228.207880588111,3326.013556323198,132.0521581275759
2021,,10891.4,6.884931506849315,-7.990798301437174,18.70253941845956,-31.83620476611943,529.1665825025436,-9.500440945253107,-9.018,29.1964187492702,0.1153840767329598,157.9119089162591,149.893,-5.636,52.27547269066434,117.1,2.335807540629319,12.35981750488281,40.27248979247676,494.6298933402422,1228.207880588111,3326.013556323198,132.0521581275759
2021,,4142.3,6.884931506849315,-7.990798301437174,18.70253941845956,-31.83620476611943,529.1665825025436,-9.500440945253107,-9.018,29.1964187492702,0.1153840767329598,157.9119089162591,149.893,-5.636,52.27547269066434,117.1,2.335807540629319,12.35981750488281,40.27248979247676,494.6298933402422,1228.207880588111,3326.013556323198,132.0521581275759
2021,,12162.4,6.884931506849315,-7.990798301437174,18.70253941845956,-31.83620476611943,529.1665825025436,-9.500440945253107,-9.018,29.1964187492702,0.1153840767329598,157.9119089162591,149.893,-5.636,52.27547269066434,117.1,2.335807540629319,12.35981750488281,40.27248979247676,494.6298933402422,1228.207880588111,3326.013556323198,132.0521581275759
2021,,2829.0,6.884931506849315,-7.990798301437174,18.70253941845956,-31.83620476611943,529.1665825025436,-9.500440945253107,-9.018,29.1964187492702,0.1153840767329598,157.9119089162591,149.893,-5.636,52.27547269066434,117.1,2.335807540629319,12.35981750488281,40.27248979247676,494.6298933402422,1228.207880588111,3326.013556323198,132.0521581275759
2021,,5677.2,6.884931506849315,-7.990798301437174,18.70253941845956,-31.83620476611943,529.1665825025436,-9.500440945253107,-9.018,29.1964187492702,0.1153840767329598,157.9119089162591,149.893,-5.636,52.27547269066434,117.1,2.335807540629319,12.35981750488281,40.27248979247676,494.6298933402422,1228.207880588111,3326.013556323198,132.0521581275759
2021,,1597.0,6.884931506849315,-7.990798301437174,18.70253941845956,-31.83620476611943,529.1665825025436,-9.500440945253107,-9.018,29.1964187492702,0.1153840767329598,157.9119089162591,149.893,-5.636,52.27547269066434,117.1,2.335807540629319,12.35981750488281,40.27248979247676,494.6298933402422,1228.207880588111,3326.013556323198,132.0521581275759
2022,,1998072.6,7.0,-8.378391423084622,19.52504535265729,-28.08703095134688,509.802911717207,-8.803397630317738,-7.956,26.77506265157122,0.1178958415544352,159.7889699596436,144.408,-3.768,55.63611344874031,110.2,2.208608963567649,12.66666666666667,45.8351927238171,542.4396014796577,1183.456573965255,3252.547061334508,132.0974353805398
2022,,1553079.2,7.0,-8.378391423084622,19.52504535265729,-28.08703095134688,509.802911717207,-8.803397630317738,-7.956,26.77506265157122,0.1178958415544352,159.7889699596436,144.408,-3.768,55.63611344874031,110.2,2.208608963567649,12.66666666666667,45.8351927238171,542.4396014796577,1183.456573965255,3252.547061334508,132.0974353805398
2022,,1123910.4,7.0,-8.378391423084622,19.52504535265729,-28.08703095134688,509.802911717207,-8.803397630317738,-7.956,26.77506265157122,0.1178958415544352,159.7889699596436,144.408,-3.768,55.63611344874031,110.2,2.208608963567649,12.66666666666667,45.8351927238171,542.4396014796577,1183.456573965255,3252.547061334508,132.0974353805398
2022,,663050.4,7.0,-8.378391423084622,19.52504535265729,-28.08703095134688,509.802911717207,-8.803397630317738,-7.956,26.77506265157122,0.1178958415544352,159.7889699596436,144.408,-3.768,55.63611344874031,110.2,2.208608963567649,12.66666666666667,45.8351927238171,542.4396014796577,1183.456573965255,3252.547061334508,132.0974353805398
2022,,146819.8,7.0,-8.378391423084622,19.52504535265729,-28.08703095134688,509.802911717207,-8.803397630317738,-7.956,26.77506265157122,0.1178958415544352,159.7889699596436,144.408,-3.768,55.63611344874031,110.2,2.208608963567649,12.66666666666667,45.8351927238171,542.4396014796577,1183.456573965255,3252.547061334508,132.0974353805398
2022,,78681.0,7.0,-8.378391423084622,19.52504535265729,-28.08703095134688,509.802911717207,-8.803397630317738,-7.956,26.77506265157122,0.1178958415544352,159.7889699596436,144.408,-3.768,55.63611344874031,110.2,2.208608963567649,12.66666666666667,45.8351927238171,542.4396014796577,1183.456573965255,3252.547061334508,132.0974353805398
2022,,5394.9,7.0,-8.378391423084622,19.52504535265729,-28.08703095134688,509.802911717207,-8.803397630317738,-7.956,26.77506265157122,0.1178958415544352,159.7889699596436,144.408,-3.768,55.63611344874031,110.2,2.208608963567649,12.66666666666667,45.8351927238171,542.4396014796577,1183.456573965255,3252.547061334508,132.0974353805398
2022,,12563.0,7.0,-8.378391423084622,19.52504535265729,-28.08703095134688,509.802911717207,-8.803397630317738,-7.956,26.77506265157122,0.1178958415544352,159.7889699596436,144.408,-3.768,55.63611344874031,110.2,2.208608963567649,12.66666666666667,45.8351927238171,542.4396014796577,1183.456573965255,3252.547061334508,132.0974353805398
2022,,21623.0,7.0,-8.378391423084622,19.52504535265729,-28.08703095134688,509.802911717207,-8.803397630317738,-7.956,26.77506265157122,0.1178958415544352,159.7889699596436,144.408,-3.768,55.63611344874031,110.2,2.208608963567649,12.66666666666667,45.8351927238171,542.4396014796577,1183.456573965255,3252.547061334508,132.0974353805398
2022,,5949.8,7.0,-8.378391423084622,19.52504535265729,-28.08703095134688,509.802911717207,-8.803397630317738,-7.956,26.77506265157122,0.1178958415544352,159.7889699596436,144.408,-3.768,55.63611344874031,110.2,2.208608963567649,12.66666666666667,45.8351927238171,542.4396014796577,1183.456573965255,3252.547061334508,132.0974353805398
2022,,13138.0,7.0,-8.378391423084622,19.52504535265729,-28.08703095134688,509.802911717207,-8.803397630317738,-7.956,26.77506265157122,0.1178958415544352,159.7889699596436,144.408,-3.768,55.63611344874031,110.2,2.208608963567649,12.66666666666667,45.8351927238171,542.4396014796577,1183.456573965255,3252.547061334508,132.0974353805398
2022,,5207.9,7.0,-8.378391423084622,19.52504535265729,-28.08703095134688,509.802911717207,-8.803397630317738,-7.956,26.77506265157122,0.1178958415544352,159.7889699596436,144.408,-3.768,55.63611344874031,110.2,2.208608963567649,12.66666666666667,45.8351927238171,542.4396014796577,1183.456573965255,3252.547061334508,132.0974353805398
2022,,4262.4,7.0,-8.378391423084622,19.52504535265729,-28.08703095134688,509.802911717207,-8.803397630317738,-7.956,26.77506265157122,0.1178958415544352,159.7889699596436,144.408,-3.768,55.63611344874031,110.2,2.208608963567649,12.66666666666667,45.8351927238171,542.4396014796577,1183.456573965255,3252.547061334508,132.0974353805398
2022,,5396.0,7.0,-8.378391423084622,19.52504535265729,-28.08703095134688,509.802911717207,-8.803397630317738,-7.956,26.77506265157122,0.1178958415544352,159.7889699596436,144.408,-3.768,55.63611344874031,110.2,2.208608963567649,12.66666666666667,45.8351927238171,542.4396014796577,1183.456573965255,3252.547061334508,132.0974353805398
2022,,5396.0,7.0,-8.378391423084622,19.52504535265729,-28.08703095134688,509.802911717207,-8.803397630317738,-7.956,26.77506265157122,0.1178958415544352,159.7889699596436,144.408,-3.768,55.63611344874031,110.2,2.208608963567649,12.66666666666667,45.8351927238171,542.4396014796577,1183.456573965255,3252.547061334508,132.0974353805398
2022,,53042.2,7.0,-8.378391423084622,19.52504535265729,-28.08703095134688,509.802911717207,-8.803397630317738,-7.956,26.77506265157122,0.1178958415544352,159.7889699596436,144.408,-3.768,55.63611344874031,110.2,2.208608963567649,12.66666666666667,45.8351927238171,542.4396014796577,1183.456573965255,3252.547061334508,132.0974353805398
2022,,5611.8,7.0,-8.378391423084622,19.52504535265729,-28.08703095134688,509.802911717207,-8.803397630317738,-7.956,26.77506265157122,0.1178958415544352,159.7889699596436,144.408,-3.768,55.63611344874031,110.2,2.208608963567649,12.66666666666667,45.8351927238171,542.4396014796577,1183.456573965255,3252.547061334508,132.0974353805398
2022,,8807.2,7.0,-8.378391423084622,19.52504535265729,-28.08703095134688,509.802911717207,-8.803397630317738,-7.956,26.77506265157122,0.1178958415544352,159.7889699596436,144.408,-3.768,55.63611344874031,110.2,2.208608963567649,12.66666666666667,45.8351927238171,542.4396014796577,1183.456573965255,3252.547061334508,132.0974353805398
2022,,30871.0,7.0,-8.378391423084622,19.52504535265729,-28.08703095134688,509.802911717207,-8.803397630317738,-7.956,26.77506265157122,0.1178958415544352,159.7889699596436,144.408,-3.768,55.63611344874031,110.2,2.208608963567649,12.66666666666667,45.8351927238171,542.4396014796577,1183.456573965255,3252.547061334508,132.0974353805398
2022,,7752.7,7.0,-8.378391423084622,19.52504535265729,-28.08703095134688,509.802911717207,-8.803397630317738,-7.956,26.77506265157122,0.1178958415544352,159.7889699596436,144.408,-3.768,55.63611344874031,110.2,2.208608963567649,12.66666666666667,45.8351927238171,542.4396014796577,1183.456573965255,3252.547061334508,132.0974353805398
2022,,457792.3,7.0,-8.378391423084622,19.52504535265729,-28.08703095134688,509.802911717207,-8.803397630317738,-7.956,26.77506265157122,0.1178958415544352,159.7889699596436,144.408,-3.768,55.63611344874031,110.2,2.208608963567649,12.66666666666667,45.8351927238171,542.4396014796577,1183.456573965255,3252.547061334508,132.0974353805398
2022,,30058.0,7.0,-8.378391423084622,19.52504535265729,-28.08703095134688,509.802911717207,-8.803397630317738,-7.956,26.77506265157122,0.1178958415544352,159.7889699596436,144.408,-3.768,55.63611344874031,110.2,2.208608963567649,12.66666666666667,45.8351927238171,542.4396014796577,1183.456573965255,3252.547061334508,132.0974353805398
2022,,19489.0,7.0,-8.378391423084622,19.52504535265729,-28.08703095134688,509.802911717207,-8.803397630317738,-7.956,26.77506265157122,0.1178958415544352,159.7889699596436,144.408,-3.768,55.63611344874031,110.2,2.208608963567649,12.66666666666667,45.8351927238171,542.4396014796577,1183.456573965255,3252.547061334508,132.0974353805398
2022,,5993.2,7.0,-8.378391423084622,19.52504535265729,-28.08703095134688,509.802911717207,-8.803397630317738,-7.956,26.77506265157122,0.1178958415544352,159.7889699596436,144.408,-3.768,55.63611344874031,110.2,2.208608963567649,12.66666666666667,45.8351927238171,542.4396014796577,1183.456573965255,3252.547061334508,132.0974353805398
2022,,214602.0,7.0,-8.378391423084622,19.52504535265729,-28.08703095134688,509.802911717207,-8.803397630317738,-7.956,26.77506265157122,0.1178958415544352,159.7889699596436,144.408,-3.768,55.63611344874031,110.2,2.208608963567649,12.66666666666667,45.8351927238171,542.4396014796577,1183.456573965255,3252.547061334508,132.0974353805398
2022,,42681.0,7.0,-8.378391423084622,19.52504535265729,-28.08703095134688,509.802911717207,-8.803397630317738,-7.956,26.77506265157122,0.1178958415544352,159.7889699596436,144.408,-3.768,55.63611344874031,110.2,2.208608963567649,12.66666666666667,45.8351927238171,542.4396014796577,1183.456573965255,3252.547061334508,132.0974353805398
2022,,50802.0,7.0,-8.378391423084622,19.52504535265729,-28.08703095134688,509.802911717207,-8.803397630317738,-7.956,26.77506265157122,0.1178958415544352,159.7889699596436,144.408,-3.768,55.63611344874031,110.2,2.208608963567649,12.66666666666667,45.8351927238171,542.4396014796577,1183.456573965255,3252.547061334508,132.0974353805398
2022,,15771.0,7.0,-8.378391423084622,19.52504535265729,-28.08703095134688,509.802911717207,-8.803397630317738,-7.956,26.77506265157122,0.1178958415544352,159.7889699596436,144.408,-3.768,55.63611344874031,110.2,2.208608963567649,12.66666666666667,45.8351927238171,542.4396014796577,1183.456573965255,3252.547061334508,132.0974353805398
2022,,13175.0,7.0,-8.378391423084622,19.52504535265729,-28.08703095134688,509.802911717207,-8.803397630317738,-7.956,26.77506265157122,0.1178958415544352,159.7889699596436,144.408,-3.768,55.63611344874031,110.2,2.208608963567649,12.66666666666667,45.8351927238171,542.4396014796577,1183.456573965255,3252.547061334508,132.0974353805398
2022,,14808.0,7.0,-8.378391423084622,19.52504535265729,-28.08703095134688,509.802911717207,-8.803397630317738,-7.956,26.77506265157122,0.1178958415544352,159.7889699596436,144.408,-3.768,55.63611344874031,110.2,2.208608963567649,12.66666666666667,45.8351927238171,542.4396014796577,1183.456573965255,3252.547061334508,132.0974353805398
2022,,12136.0,7.0,-8.378391423084622,19.52504535265729,-28.08703095134688,509.802911717207,-8.803397630317738,-7.956,26.77506265157122,0.1178958415544352,159.7889699596436,144.408,-3.768,55.63611344874031,110.2,2.208608963567649,12.66666666666667,45.8351927238171,542.4396014796577,1183.456573965255,3252.547061334508,132.0974353805398
2022,,6969.7,7.0,-8.378391423084622,19.52504535265729,-28.08703095134688,509.802911717207,-8.803397630317738,-7.956,26.77506265157122,0.1178958415544352,159.7889699596436,144.408,-3.768,55.63611344874031,110.2,2.208608963567649,12.66666666666667,45.8351927238171,542.4396014796577,1183.456573965255,3252.547061334508,132.0974353805398
2022,,31308.0,7.0,-8.378391423084622,19.52504535265729,-28.08703095134688,509.802911717207,-8.803397630317738,-7.956,26.77506265157122,0.1178958415544352,159.7889699596436,144.408,-3.768,55.63611344874031,110.2,2.208608963567649,12.66666666666667,45.8351927238171,542.4396014796577,1183.456573965255,3252.547061334508,132.0974353805398
2022,,460860.0,7.0,-8.378391423084622,19.52504535265729,-28.08703095134688,509.802911717207,-8.803397630317738,-7.956,26.77506265157122,0.1178958415544352,159.7889699596436,144.408,-3.768,55.63611344874031,110.2,2.208608963567649,12.66666666666667,45.8351927238171,542.4396014796577,1183.456573965255,3252.547061334508,132.0974353805398
2022,,53581.7,7.0,-8.378391423084622,19.52504535265729,-28.08703095134688,509.802911717207,-8.803397630317738,-7.956,26.77506265157122,0.1178958415544352,159.7889699596436,144.408,-3.768,55.63611344874031,110.2,2.208608963567649,12.66666666666667,45.8351927238171,542.4396014796577,1183.456573965255,3252.547061334508,132.0974353805398
2022,,29831.7,7.0,-8.378391423084622,19.52504535265729,-28.08703095134688,509.802911717207,-8.803397630317738,-7.956,26.77506265157122,0.1178958415544352,159.7889699596436,144.408,-3.768,55.63611344874031,110.2,2.208608963567649,12.66666666666667,45.8351927238171,542.4396014796577,1183.456573965255,3252.547061334508,132.0974353805398
2022,,29832.0,7.0,-8.378391423084622,19.52504535265729,-28.08703095134688,509.802911717207,-8.803397630317738,-7.956,26.77506265157122,0.1178958415544352,159.7889699596436,144.408,-3.768,55.63611344874031,110.2,2.208608963567649,12.66666666666667,45.8351927238171,542.4396014796577,1183.456573965255,3252.547061334508,132.0974353805398
2022,,23750.0,7.0,-8.378391423084622,19.52504535265729,-28.08703095134688,509.802911717207,-8.803397630317738,-7.956,26.77506265157122,0.1178958415544352,159.7889699596436,144.408,-3.768,55.63611344874031,110.2,2.208608963567649,12.66666666666667,45.8351927238171,542.4396014796577,1183.456573965255,3252.547061334508,132.0974353805398
2022,,23750.0,7.0,-8.378391423084622,19.52504535265729,-28.08703095134688,509.802911717207,-8.803397630317738,-7.956,26.77506265157122,0.1178958415544352,159.7889699596436,144.408,-3.768,55.63611344874031,110.2,2.208608963567649,12.66666666666667,45.8351927238171,542.4396014796577,1183.456573965255,3252.547061334508,132.0974353805398
2022,,184035.1,7.0,-8.378391423084622,19.52504535265729,-28.08703095134688,509.802911717207,-8.803397630317738,-7.956,26.77506265157122,0.1178958415544352,159.7889699596436,144.408,-3.768,55.63611344874031,110.2,2.208608963567649,12.66666666666667,45.8351927238171,542.4396014796577,1183.456573965255,3252.547061334508,132.0974353805398
2022,,35954.0,7.0,-8.378391423084622,19.52504535265729,-28.08703095134688,509.802911717207,-8.803397630317738,-7.956,26.77506265157122,0.1178958415544352,159.7889699596436,144.408,-3.768,55.63611344874031,110.2,2.208608963567649,12.66666666666667,45.8351927238171,542.4396014796577,1183.456573965255,3252.547061334508,132.0974353805398
2022,,34164.0,7.0,-8.378391423084622,19.52504535265729,-28.08703095134688,509.802911717207,-8.803397630317738,-7.956,26.77506265157122,0.1178958415544352,159.7889699596436,144.408,-3.768,55.63611344874031,110.2,2.208608963567649,12.66666666666667,45.8351927238171,542.4396014796577,1183.456573965255,3252.547061334508,132.0974353805398
2022,,7421.7,7.0,-8.378391423084622,19.52504535265729,-28.08703095134688,509.802911717207,-8.803397630317738,-7.956,26.77506265157122,0.1178958415544352,159.7889699596436,144.408,-3.768,55.63611344874031,110.2,2.208608963567649,12.66666666666667,45.8351927238171,542.4396014796577,1183.456573965255,3252.547061334508,132.0974353805398
2022,,33545.0,7.0,-8.378391423084622,19.52504535265729,-28.08703095134688,509.802911717207,-8.803397630317738,-7.956,26.77506265157122,0.1178958415544352,159.7889699596436,144.408,-3.768,55.63611344874031,110.2,2.208608963567649,12.66666666666667,45.8351927238171,542.4396014796577,1183.456573965255,3252.547061334508,132.0974353805398
2022,,29878.0,7.0,-8.378391423084622,19.52504535265729,-28.08703095134688,509.802911717207,-8.803397630317738,-7.956,26.77506265157122,0.1178958415544352,159.7889699596436,144.408,-3.768,55.63611344874031,110.2,2.208608963567649,12.66666666666667,45.8351927238171,542.4396014796577,1183.456573965255,3252.547061334508,132.0974353805398
2022,,36362.0,7.0,-8.378391423084622,19.52504535265729,-28.08703095134688,509.802911717207,-8.803397630317738,-7.956,26.77506265157122,0.1178958415544352,159.7889699596436,144.408,-3.768,55.63611344874031,110.2,2.208608963567649,12.66666666666667,45.8351927238171,542.4396014796577,1183.456573965255,3252.547061334508,132.0974353805398
2022,,6711.8,7.0,-8.378391423084622,19.52504535265729,-28.08703095134688,509.802911717207,-8.803397630317738,-7.956,26.77506265157122,0.1178958415544352,159.7889699596436,144.408,-3.768,55.63611344874031,110.2,2.208608963567649,12.66666666666667,45.8351927238171,542.4396014796577,1183.456573965255,3252.547061334508,132.0974353805398
2022,,42682.2,7.0,-8.378391423084622,19.52504535265729,-28.08703095134688,509.802911717207,-8.803397630317738,-7.956,26.77506265157122,0.1178958415544352,159.7889699596436,144.408,-3.768,55.63611344874031,110.2,2.208608963567649,12.66666666666667,45.8351927238171,542.4396014796577,1183.456573965255,3252.547061334508,132.0974353805398
2022,,18537.0,7.0,-8.378391423084622,19.52504535265729,-28.08703095134688,509.802911717207,-8.803397630317738,-7.956,26.77506265157122,0.1178958415544352,159.7889699596436,144.408,-3.768,55.63611344874031,110.2,2.208608963567649,12.66666666666667,45.8351927238171,542.4396014796577,1183.456573965255,3252.547061334508,132.0974353805398
2022,,4393.8,7.0,-8.378391423084622,19.52504535265729,-28.08703095134688,509.802911717207,-8.803397630317738,-7.956,26.77506265157122,0.1178958415544352,159.7889699596436,144.408,-3.768,55.63611344874031,110.2,2.208608963567649,12.66666666666667,45.8351927238171,542.4396014796577,1183.456573965255,3252.547061334508,132.0974353805398
2022,,8928.2,7.0,-8.378391423084622,19.52504535265729,-28.08703095134688,509.802911717207,-8.803397630317738,-7.956,26.77506265157122,0.1178958415544352,159.7889699596436,144.408,-3.768,55.63611344874031,110.2,2.208608963567649,12.66666666666667,45.8351927238171,542.4396014796577,1183.456573965255,3252.547061334508,132.0974353805398
2022,,10823.0,7.0,-8.378391423084622,19.52504535265729,-28.08703095134688,509.802911717207,-8.803397630317738,-7.956,26.77506265157122,0.1178958415544352,159.7889699596436,144.408,-3.768,55.63611344874031,110.2,2.208608963567649,12.66666666666667,45.8351927238171,542.4396014796577,1183.456573965255,3252.547061334508,132.0974353805398
2022,,180561.1,7.0,-8.378391423084622,19.52504535265729,-28.08703095134688,509.802911717207,-8.803397630317738,-7.956,26.77506265157122,0.1178958415544352,159.7889699596436,144.408,-3.768,55.63611344874031,110.2,2.208608963567649,12.66666666666667,45.8351927238171,542.4396014796577,1183.456573965255,3252.547061334508,132.0974353805398
2022,,10657.0,7.0,-8.378391423084622,19.52504535265729,-28.08703095134688,509.802911717207,-8.803397630317738,-7.956,26.77506265157122,0.1178958415544352,159.7889699596436,144.408,-3.768,55.63611344874031,110.2,2.208608963567649,12.66666666666667,45.8351927238171,542.4396014796577,1183.456573965255,3252.547061334508,132.0974353805398
2022,,19291.0,7.0,-8.378391423084622,19.52504535265729,-28.08703095134688,509.802911717207,-8.803397630317738,-7.956,26.77506265157122,0.1178958415544352,159.7889699596436,144.408,-3.768,55.63611344874031,110.2,2.208608963567649,12.66666666666667,45.8351927238171,542.4396014796577,1183.456573965255,3252.547061334508,132.0974353805398
2022,,22107.0,7.0,-8.378391423084622,19.52504535265729,-28.08703095134688,509.802911717207,-8.803397630317738,-7.956,26.77506265157122,0.1178958415544352,159.7889699596436,144.408,-3.768,55.63611344874031,110.2,2.208608963567649,12.66666666666667,45.8351927238171,542.4396014796577,1183.456573965255,3252.547061334508,132.0974353805398
2022,,31654.0,7.0,-8.378391423084622,19.52504535265729,-28.08703095134688,509.802911717207,-8.803397630317738,-7.956,26.77506265157122,0.1178958415544352,159.7889699596436,144.408,-3.768,55.63611344874031,110.2,2.208608963567649,12.66666666666667,45.8351927238171,542.4396014796577,1183.456573965255,3252.547061334508,132.0974353805398
2022,,47224.0,7.0,-8.378391423084622,19.52504535265729,-28.08703095134688,509.802911717207,-8.803397630317738,-7.956,26.77506265157122,0.1178958415544352,159.7889699596436,144.408,-3.768,55.63611344874031,110.2,2.208608963567649,12.66666666666667,45.8351927238171,542.4396014796577,1183.456573965255,3252.547061334508,132.0974353805398
2022,,9807.3,7.0,-8.378391423084622,19.52504535265729,-28.08703095134688,509.802911717207,-8.803397630317738,-7.956,26.77506265157122,0.1178958415544352,159.7889699596436,144.408,-3.768,55.63611344874031,110.2,2.208608963567649,12.66666666666667,45.8351927238171,542.4396014796577,1183.456573965255,3252.547061334508,132.0974353805398
2022,,13804.0,7.0,-8.378391423084622,19.52504535265729,-28.08703095134688,509.802911717207,-8.803397630317738,-7.956,26.77506265157122,0.1178958415544352,159.7889699596436,144.408,-3.768,55.63611344874031,110.2,2.208608963567649,12.66666666666667,45.8351927238171,542.4396014796577,1183.456573965255,3252.547061334508,132.0974353805398
2022,,14537.0,7.0,-8.378391423084622,19.52504535265729,-28.08703095134688,509.802911717207,-8.803397630317738,-7.956,26.77506265157122,0.1178958415544352,159.7889699596436,144.408,-3.768,55.63611344874031,110.2,2.208608963567649,12.66666666666667,45.8351927238171,542.4396014796577,1183.456573965255,3252.547061334508,132.0974353805398
2022,,11480.0,7.0,-8.378391423084622,19.52504535265729,-28.08703095134688,509.802911717207,-8.803397630317738,-7.956,26.77506265157122,0.1178958415544352,159.7889699596436,144.408,-3.768,55.63611344874031,110.2,2.208608963567649,12.66666666666667,45.8351927238171,542.4396014796577,1183.456573965255,3252.547061334508,132.0974353805398
2022,,429168.8,7.0,-8.378391423084622,19.52504535265729,-28.08703095134688,509.802911717207,-8.803397630317738,-7.956,26.77506265157122,0.1178958415544352,159.7889699596436,144.408,-3.768,55.63611344874031,110.2,2.208608963567649,12.66666666666667,45.8351927238171,542.4396014796577,1183.456573965255,3252.547061334508,132.0974353805398
2022,,130563.1,7.0,-8.378391423084622,19.52504535265729,-28.08703095134688,509.802911717207,-8.803397630317738,-7.956,26.77506265157122,0.1178958415544352,159.7889699596436,144.408,-3.768,55.63611344874031,110.2,2.208608963567649,12.66666666666667,45.8351927238171,542.4396014796577,1183.456573965255,3252.547061334508,132.0974353805398
2022,,5544.3,7.0,-8.378391423084622,19.52504535265729,-28.08703095134688,509.802911717207,-8.803397630317738,-7.956,26.77506265157122,0.1178958415544352,159.7889699596436,144.408,-3.768,55.63611344874031,110.2,2.208608963567649,12.66666666666667,45.8351927238171,542.4396014796577,1183.456573965255,3252.547061334508,132.0974353805398
2022,,12668.0,7.0,-8.378391423084622,19.52504535265729,-28.08703095134688,509.802911717207,-8.803397630317738,-7.956,26.77506265157122,0.1178958415544352,159.7889699596436,144.408,-3.768,55.63611344874031,110.2,2.208608963567649,12.66666666666667,45.8351927238171,542.4396014796577,1183.456573965255,3252.547061334508,132.0974353805398
2022,,8345.7,7.0,-8.378391423084622,19.52504535265729,-28.08703095134688,509.802911717207,-8.803397630317738,-7.956,26.77506265157122,0.1178958415544352,159.7889699596436,144.408,-3.768,55.63611344874031,110.2,2.208608963567649,12.66666666666667,45.8351927238171,542.4396014796577,1183.456573965255,3252.547061334508,132.0974353805398
2022,,43205.0,7.0,-8.378391423084622,19.52504535265729,-28.08703095134688,509.802911717207,-8.803397630317738,-7.956,26.77506265157122,0.1178958415544352,159.7889699596436,144.408,-3.768,55.63611344874031,110.2,2.208608963567649,12.66666666666667,45.8351927238171,542.4396014796577,1183.456573965255,3252.547061334508,132.0974353805398
2022,,10218.0,7.0,-8.378391423084622,19.52504535265729,-28.08703095134688,509.802911717207,-8.803397630317738,-7.956,26.77506265157122,0.1178958415544352,159.7889699596436,144.408,-3.768,55.63611344874031,110.2,2.208608963567649,12.66666666666667,45.8351927238171,542.4396014796577,1183.456573965255,3252.547061334508,132.0974353805398
2022,,14883.0,7.0,-8.378391423084622,19.52504535265729,-28.08703095134688,509.802911717207,-8.803397630317738,-7.956,26.77506265157122,0.1178958415544352,159.7889699596436,144.408,-3.768,55.63611344874031,110.2,2.208608963567649,12.66666666666667,45.8351927238171,542.4396014796577,1183.456573965255,3252.547061334508,132.0974353805398
2022,,11484.0,7.0,-8.378391423084622,19.52504535265729,-28.08703095134688,509.802911717207,-8.803397630317738,-7.956,26.77506265157122,0.1178958415544352,159.7889699596436,144.408,-3.768,55.63611344874031,110.2,2.208608963567649,12.66666666666667,45.8351927238171,542.4396014796577,1183.456573965255,3252.547061334508,132.0974353805398
2022,,9078.0,7.0,-8.378391423084622,19.52504535265729,-28.08703095134688,509.802911717207,-8.803397630317738,-7.956,26.77506265157122,0.1178958415544352,159.7889699596436,144.408,-3.768,55.63611344874031,110.2,2.208608963567649,12.66666666666667,45.8351927238171,542.4396014796577,1183.456573965255,3252.547061334508,132.0974353805398
2022,,6160.1,7.0,-8.378391423084622,19.52504535265729,-28.08703095134688,509.802911717207,-8.803397630317738,-7.956,26.77506265157122,0.1178958415544352,159.7889699596436,144.408,-3.768,55.63611344874031,110.2,2.208608963567649,12.66666666666667,45.8351927238171,542.4396014796577,1183.456573965255,3252.547061334508,132.0974353805398
2022,,8977.6,7.0,-8.378391423084622,19.52504535265729,-28.08703095134688,509.802911717207,-8.803397630317738,-7.956,26.77506265157122,0.1178958415544352,159.7889699596436,144.408,-3.768,55.63611344874031,110.2,2.208608963567649,12.66666666666667,45.8351927238171,542.4396014796577,1183.456573965255,3252.547061334508,132.0974353805398
2022,,24725.0,7.0,-8.378391423084622,19.52504535265729,-28.08703095134688,509.802911717207,-8.803397630317738,-7.956,26.77506265157122,0.1178958415544352,159.7889699596436,144.408,-3.768,55.63611344874031,110.2,2.208608963567649,12.66666666666667,45.8351927238171,542.4396014796577,1183.456573965255,3252.547061334508,132.0974353805398
2022,,19034.0,7.0,-8.378391423084622,19.52504535265729,-28.08703095134688,509.802911717207,-8.803397630317738,-7.956,26.77506265157122,0.1178958415544352,159.7889699596436,144.408,-3.768,55.63611344874031,110.2,2.208608963567649,12.66666666666667,45.8351927238171,542.4396014796577,1183.456573965255,3252.547061334508,132.0974353805398
2022,,5690.9,7.0,-8.378391423084622,19.52504535265729,-28.08703095134688,509.802911717207,-8.803397630317738,-7.956,26.77506265157122,0.1178958415544352,159.7889699596436,144.408,-3.768,55.63611344874031,110.2,2.208608963567649,12.66666666666667,45.8351927238171,542.4396014796577,1183.456573965255,3252.547061334508,132.0974353805398
2022,,46394.6,7.0,-8.378391423084622,19.52504535265729,-28.08703095134688,509.802911717207,-8.803397630317738,-7.956,26.77506265157122,0.1178958415544352,159.7889699596436,144.408,-3.768,55.63611344874031,110.2,2.208608963567649,12.66666666666667,45.8351927238171,542.4396014796577,1183.456573965255,3252.547061334508,132.0974353805398
2022,,11143.0,7.0,-8.378391423084622,19.52504535265729,-28.08703095134688,509.802911717207,-8.803397630317738,-7.956,26.77506265157122,0.1178958415544352,159.7889699596436,144.408,-3.768,55.63611344874031,110.2,2.208608963567649,12.66666666666667,45.8351927238171,542.4396014796577,1183.456573965255,3252.547061334508,132.0974353805398
2022,,15380.0,7.0,-8.378391423084622,19.52504535265729,-28.08703095134688,509.802911717207,-8.803397630317738,-7.956,26.77506265157122,0.1178958415544352,159.7889699596436,144.408,-3.768,55.63611344874031,110.2,2.208608963567649,12.66666666666667,45.8351927238171,542.4396014796577,1183.456573965255,3252.547061334508,132.0974353805398
2022,,9352.4,7.0,-8.378391423084622,19.52504535265729,-28.08703095134688,509.802911717207,-8.803397630317738,-7.956,26.77506265157122,0.1178958415544352,159.7889699596436,144.408,-3.768,55.63611344874031,110.2,2.208608963567649,12.66666666666667,45.8351927238171,542.4396014796577,1183.456573965255,3252.547061334508,132.0974353805398
2022,,5903.1,7.0,-8.378391423084622,19.52504535265729,-28.08703095134688,509.802911717207,-8.803397630317738,-7.956,26.77506265157122,0.1178958415544352,159.7889699596436,144.408,-3.768,55.63611344874031,110.2,2.208608963567649,12.66666666666667,45.8351927238171,542.4396014796577,1183.456573965255,3252.547061334508,132.0974353805398
2022,,4616.7,7.0,-8.378391423084622,19.52504535265729,-28.08703095134688,509.802911717207,-8.803397630317738,-7.956,26.77506265157122,0.1178958415544352,159.7889699596436,144.408,-3.768,55.63611344874031,110.2,2.208608963567649,12.66666666666667,45.8351927238171,542.4396014796577,1183.456573965255,3252.547061334508,132.0974353805398
2022,,227486.1,7.0,-8.378391423084622,19.52504535265729,-28.08703095134688,509.802911717207,-8.803397630317738,-7.956,26.77506265157122,0.1178958415544352,159.7889699596436,144.408,-3.768,55.63611344874031,110.2,2.208608963567649,12.66666666666667,45.8351927238171,542.4396014796577,1183.456573965255,3252.547061334508,132.0974353805398
2022,,7503.2,7.0,-8.378391423084622,19.52504535265729,-28.08703095134688,509.802911717207,-8.803397630317738,-7.956,26.77506265157122,0.1178958415544352,159.7889699596436,144.408,-3.768,55.63611344874031,110.2,2.208608963567649,12.66666666666667,45.8351927238171,542.4396014796577,1183.456573965255,3252.547061334508,132.0974353805398
2022,,3676.1,7.0,-8.378391423084622,19.52504535265729,-28.08703095134688,509.802911717207,-8.803397630317738,-7.956,26.77506265157122,0.1178958415544352,159.7889699596436,144.408,-3.768,55.63611344874031,110.2,2.208608963567649,12.66666666666667,45.8351927238171,542.4396014796577,1183.456573965255,3252.547061334508,132.0974353805398
2022,,189903.0,7.0,-8.378391423084622,19.52504535265729,-28.08703095134688,509.802911717207,-8.803397630317738,-7.956,26.77506265157122,0.1178958415544352,159.7889699596436,144.408,-3.768,55.63611344874031,110.2,2.208608963567649,12.66666666666667,45.8351927238171,542.4396014796577,1183.456573965255,3252.547061334508,132.0974353805398
2022,,14572.0,7.0,-8.378391423084622,19.52504535265729,-28.08703095134688,509.802911717207,-8.803397630317738,-7.956,26.77506265157122,0.1178958415544352,159.7889699596436,144.408,-3.768,55.63611344874031,110.2,2.208608963567649,12.66666666666667,45.8351927238171,542.4396014796577,1183.456573965255,3252.547061334508,132.0974353805398
2022,,11832.0,7.0,-8.378391423084622,19.52504535265729,-28.08703095134688,509.802911717207,-8.803397630317738,-7.956,26.77506265157122,0.1178958415544352,159.7889699596436,144.408,-3.768,55.63611344874031,110.2,2.208608963567649,12.66666666666667,45.8351927238171,542.4396014796577,1183.456573965255,3252.547061334508,132.0974353805398
2022,,444209.8,7.0,-8.378391423084622,19.52504535265729,-28.08703095134688,509.802911717207,-8.803397630317738,-7.956,26.77506265157122,0.1178958415544352,159.7889699596436,144.408,-3.768,55.63611344874031,110.2,2.208608963567649,12.66666666666667,45.8351927238171,542.4396014796577,1183.456573965255,3252.547061334508,132.0974353805398
2022,,302932.6,7.0,-8.378391423084622,19.52504535265729,-28.08703095134688,509.802911717207,-8.803397630317738,-7.956,26.77506265157122,0.1178958415544352,159.7889699596436,144.408,-3.768,55.63611344874031,110.2,2.208608963567649,12.66666666666667,45.8351927238171,542.4396014796577,1183.456573965255,3252.547061334508,132.0974353805398
2022,,36445.1,7.0,-8.378391423084622,19.52504535265729,-28.08703095134688,509.802911717207,-8.803397630317738,-7.956,26.77506265157122,0.1178958415544352,159.7889699596436,144.408,-3.768,55.63611344874031,110.2,2.208608963567649,12.66666666666667,45.8351927238171,542.4396014796577,1183.456573965255,3252.547061334508,132.0974353805398
2022,,8397.7,7.0,-8.378391423084622,19.52504535265729,-28.08703095134688,509.802911717207,-8.803397630317738,-7.956,26.77506265157122,0.1178958415544352,159.7889699596436,144.408,-3.768,55.63611344874031,110.2,2.208608963567649,12.66666666666667,45.8351927238171,542.4396014796577,1183.456573965255,3252.547061334508,132.0974353805398
2022,,8447.4,7.0,-8.378391423084622,19.52504535265729,-28.08703095134688,509.802911717207,-8.803397630317738,-7.956,26.77506265157122,0.1178958415544352,159.7889699596436,144.408,-3.768,55.63611344874031,110.2,2.208608963567649,12.66666666666667,45.8351927238171,542.4396014796577,1183.456573965255,3252.547061334508,132.0974353805398
2022,,8579.1,7.0,-8.378391423084622,19.52504535265729,-28.08703095134688,509.802911717207,-8.803397630317738,-7.956,26.77506265157122,0.1178958415544352,159.7889699596436,144.408,-3.768,55.63611344874031,110.2,2.208608963567649,12.66666666666667,45.8351927238171,542.4396014796577,1183.456573965255,3252.547061334508,132.0974353805398
2022,,11021.0,7.0,-8.378391423084622,19.52504535265729,-28.08703095134688,509.802911717207,-8.803397630317738,-7.956,26.77506265157122,0.1178958415544352,159.7889699596436,144.408,-3.768,55.63611344874031,110.2,2.208608963567649,12.66666666666667,45.8351927238171,542.4396014796577,1183.456573965255,3252.547061334508,132.0974353805398
2022,,7287.6,7.0,-8.378391423084622,19.52504535265729,-28.08703095134688,509.802911717207,-8.803397630317738,-7.956,26.77506265157122,0.1178958415544352,159.7889699596436,144.408,-3.768,55.63611344874031,110.2,2.208608963567649,12.66666666666667,45.8351927238171,542.4396014796577,1183.456573965255,3252.547061334508,132.0974353805398
2022,,5373.7,7.0,-8.378391423084622,19.52504535265729,-28.08703095134688,509.802911717207,-8.803397630317738,-7.956,26.77506265157122,0.1178958415544352,159.7889699596436,144.408,-3.768,55.63611344874031,110.2,2.208608963567649,12.66666666666667,45.8351927238171,542.4396014796577,1183.456573965255,3252.547061334508,132.0974353805398
2022,,1914.0,7.0,-8.378391423084622,19.52504535265729,-28.08703095134688,509.802911717207,-8.803397630317738,-7.956,26.77506265157122,0.1178958415544352,159.7889699596436,144.408,-3.768,55.63611344874031,110.2,2.208608963567649,12.66666666666667,45.8351927238171,542.4396014796577,1183.456573965255,3252.547061334508,132.0974353805398
2022,,122400.5,7.0,-8.378391423084622,19.52504535265729,-28.08703095134688,509.802911717207,-8.803397630317738,-7.956,26.77506265157122,0.1178958415544352,159.7889699596436,144.408,-3.768,55.63611344874031,110.2,2.208608963567649,12.66666666666667,45.8351927238171,542.4396014796577,1183.456573965255,3252.547061334508,132.0974353805398
2022,,18050.0,7.0,-8.378391423084622,19.52504535265729,-28.08703095134688,509.802911717207,-8.803397630317738,-7.956,26.77506265157122,0.1178958415544352,159.7889699596436,144.408,-3.768,55.63611344874031,110.2,2.208608963567649,12.66666666666667,45.8351927238171,542.4396014796577,1183.456573965255,3252.547061334508,132.0974353805398
2022,,5273.2,7.0,-8.378391423084622,19.52504535265729,-28.08703095134688,509.802911717207,-8.803397630317738,-7.956,26.77506265157122,0.1178958415544352,159.7889699596436,144.408,-3.768,55.63611344874031,110.2,2.208608963567649,12.66666666666667,45.8351927238171,542.4396014796577,1183.456573965255,3252.547061334508,132.0974353805398
2022,,66939.0,7.0,-8.378391423084622,19.52504535265729,-28.08703095134688,509.802911717207,-8.803397630317738,-7.956,26.77506265157122,0.1178958415544352,159.7889699596436,144.408,-3.768,55.63611344874031,110.2,2.208608963567649,12.66666666666667,45.8351927238171,542.4396014796577,1183.456573965255,3252.547061334508,132.0974353805398
2022,,8515.5,7.0,-8.378391423084622,19.52504535265729,-28.08703095134688,509.802911717207,-8.803397630317738,-7.956,26.77506265157122,0.1178958415544352,159.7889699596436,144.408,-3.768,55.63611344874031,110.2,2.208608963567649,12.66666666666667,45.8351927238171,542.4396014796577,1183.456573965255,3252.547061334508,132.0974353805398
2022,,23623.0,7.0,-8.378391423084622,19.52504535265729,-28.08703095134688,509.802911717207,-8.803397630317738,-7.956,26.77506265157122,0.1178958415544352,159.7889699596436,144.408,-3.768,55.63611344874031,110.2,2.208608963567649,12.66666666666667,45.8351927238171,542.4396014796577,1183.456573965255,3252.547061334508,132.0974353805398
2022,,86406.7,7.0,-8.378391423084622,19.52504535265729,-28.08703095134688,509.802911717207,-8.803397630317738,-7.956,26.77506265157122,0.1178958415544352,159.7889699596436,144.408,-3.768,55.63611344874031,110.2,2.208608963567649,12.66666666666667,45.8351927238171,542.4396014796577,1183.456573965255,3252.547061334508,132.0974353805398
2022,,12288.0,7.0,-8.378391423084622,19.52504535265729,-28.08703095134688,509.802911717207,-8.803397630317738,-7.956,26.77506265157122,0.1178958415544352,159.7889699596436,144.408,-3.768,55.63611344874031,110.2,2.208608963567649,12.66666666666667,45.8351927238171,542.4396014796577,1183.456573965255,3252.547061334508,132.0974353805398
2022,,31562.0,7.0,-8.378391423084622,19.52504535265729,-28.08703095134688,509.802911717207,-8.803397630317738,-7.956,26.77506265157122,0.1178958415544352,159.7889699596436,144.408,-3.768,55.63611344874031,110.2,2.208608963567649,12.66666666666667,45.8351927238171,542.4396014796577,1183.456573965255,3252.547061334508,132.0974353805398
2022,,12236.0,7.0,-8.378391423084622,19.52504535265729,-28.08703095134688,509.802911717207,-8.803397630317738,-7.956,26.77506265157122,0.1178958415544352,159.7889699596436,144.408,-3.768,55.63611344874031,110.2,2.208608963567649,12.66666666666667,45.8351927238171,542.4396014796577,1183.456573965255,3252.547061334508,132.0974353805398
2022,,7760.3,7.0,-8.378391423084622,19.52504535265729,-28.08703095134688,509.802911717207,-8.803397630317738,-7.956,26.77506265157122,0.1178958415544352,159.7889699596436,144.408,-3.768,55.63611344874031,110.2,2.208608963567649,12.66666666666667,45.8351927238171,542.4396014796577,1183.456573965255,3252.547061334508,132.0974353805398
2022,,15588.0,7.0,-8.378391423084622,19.52504535265729,-28.08703095134688,509.802911717207,-8.803397630317738,-7.956,26.77506265157122,0.1178958415544352,159.7889699596436,144.408,-3.768,55.63611344874031,110.2,2.208608963567649,12.66666666666667,45.8351927238171,542.4396014796577,1183.456573965255,3252.547061334508,132.0974353805398
2022,,6971.7,7.0,-8.378391423084622,19.52504535265729,-28.08703095134688,509.802911717207,-8.803397630317738,-7.956,26.77506265157122,0.1178958415544352,159.7889699596436,144.408,-3.768,55.63611344874031,110.2,2.208608963567649,12.66666666666667,45.8351927238171,542.4396014796577,1183.456573965255,3252.547061334508,132.0974353805398
2022,,13988.9,7.0,-8.378391423084622,19.52504535265729,-28.08703095134688,509.802911717207,-8.803397630317738,-7.956,26.77506265157122,0.1178958415544352,159.7889699596436,144.408,-3.768,55.63611344874031,110.2,2.208608963567649,12.66666666666667,45.8351927238171,542.4396014796577,1183.456573965255,3252.547061334508,132.0974353805398
2022,,9546.4,7.0,-8.378391423084622,19.52504535265729,-28.08703095134688,509.802911717207,-8.803397630317738,-7.956,26.77506265157122,0.1178958415544352,159.7889699596436,144.408,-3.768,55.63611344874031,110.2,2.208608963567649,12.66666666666667,45.8351927238171,542.4396014796577,1183.456573965255,3252.547061334508,132.0974353805398
2022,,4442.5,7.0,-8.378391423084622,19.52504535265729,-28.08703095134688,509.802911717207,-8.803397630317738,-7.956,26.77506265157122,0.1178958415544352,159.7889699596436,144.408,-3.768,55.63611344874031,110.2,2.208608963567649,12.66666666666667,45.8351927238171,542.4396014796577,1183.456573965255,3252.547061334508,132.0974353805398
2022,,36403.8,7.0,-8.378391423084622,19.52504535265729,-28.08703095134688,509.802911717207,-8.803397630317738,-7.956,26.77506265157122,0.1178958415544352,159.7889699596436,144.408,-3.768,55.63611344874031,110.2,2.208608963567649,12.66666666666667,45.8351927238171,542.4396014796577,1183.456573965255,3252.547061334508,132.0974353805398
2022,,12213.0,7.0,-8.378391423084622,19.52504535265729,-28.08703095134688,509.802911717207,-8.803397630317738,-7.956,26.77506265157122,0.1178958415544352,159.7889699596436,144.408,-3.768,55.63611344874031,110.2,2.208608963567649,12.66666666666667,45.8351927238171,542.4396014796577,1183.456573965255,3252.547061334508,132.0974353805398
2022,,7645.9,7.0,-8.378391423084622,19.52504535265729,-28.08703095134688,509.802911717207,-8.803397630317738,-7.956,26.77506265157122,0.1178958415544352,159.7889699596436,144.408,-3.768,55.63611344874031,110.2,2.208608963567649,12.66666666666667,45.8351927238171,542.4396014796577,1183.456573965255,3252.547061334508,132.0974353805398
2022,,10518.0,7.0,-8.378391423084622,19.52504535265729,-28.08703095134688,509.802911717207,-8.803397630317738,-7.956,26.77506265157122,0.1178958415544352,159.7889699596436,144.408,-3.768,55.63611344874031,110.2,2.208608963567649,12.66666666666667,45.8351927238171,542.4396014796577,1183.456573965255,3252.547061334508,132.0974353805398
2022,,3242.7,7.0,-8.378391423084622,19.52504535265729,-28.08703095134688,509.802911717207,-8.803397630317738,-7.956,26.77506265157122,0.1178958415544352,159.7889699596436,144.408,-3.768,55.63611344874031,110.2,2.208608963567649,12.66666666666667,45.8351927238171,542.4396014796577,1183.456573965255,3252.547061334508,132.0974353805398
2022,,2784.8,7.0,-8.378391423084622,19.52504535265729,-28.08703095134688,509.802911717207,-8.803397630317738,-7.956,26.77506265157122,0.1178958415544352,159.7889699596436,144.408,-3.768,55.63611344874031,110.2,2.208608963567649,12.66666666666667,45.8351927238171,542.4396014796577,1183.456573965255,3252.547061334508,132.0974353805398
2022,,141277.2,7.0,-8.378391423084622,19.52504535265729,-28.08703095134688,509.802911717207,-8.803397630317738,-7.956,26.77506265157122,0.1178958415544352,159.7889699596436,144.408,-3.768,55.63611344874031,110.2,2.208608963567649,12.66666666666667,45.8351927238171,542.4396014796577,1183.456573965255,3252.547061334508,132.0974353805398
2022,,102406.5,7.0,-8.378391423084622,19.52504535265729,-28.08703095134688,509.802911717207,-8.803397630317738,-7.956,26.77506265157122,0.1178958415544352,159.7889699596436,144.408,-3.768,55.63611344874031,110.2,2.208608963567649,12.66666666666667,45.8351927238171,542.4396014796577,1183.456573965255,3252.547061334508,132.0974353805398
2022,,7819.3,7.0,-8.378391423084622,19.52504535265729,-28.08703095134688,509.802911717207,-8.803397630317738,-7.956,26.77506265157122,0.1178958415544352,159.7889699596436,144.408,-3.768,55.63611344874031,110.2,2.208608963567649,12.66666666666667,45.8351927238171,542.4396014796577,1183.456573965255,3252.547061334508,132.0974353805398
2022,,26377.0,7.0,-8.378391423084622,19.52504535265729,-28.08703095134688,509.802911717207,-8.803397630317738,-7.956,26.77506265157122,0.1178958415544352,159.7889699596436,144.408,-3.768,55.63611344874031,110.2,2.208608963567649,12.66666666666667,45.8351927238171,542.4396014796577,1183.456573965255,3252.547061334508,132.0974353805398
2022,,12580.0,7.0,-8.378391423084622,19.52504535265729,-28.08703095134688,509.802911717207,-8.803397630317738,-7.956,26.77506265157122,0.1178958415544352,159.7889699596436,144.408,-3.768,55.63611344874031,110.2,2.208608963567649,12.66666666666667,45.8351927238171,542.4396014796577,1183.456573965255,3252.547061334508,132.0974353805398
2022,,7472.5,7.0,-8.378391423084622,19.52504535265729,-28.08703095134688,509.802911717207,-8.803397630317738,-7.956,26.77506265157122,0.1178958415544352,159.7889699596436,144.408,-3.768,55.63611344874031,110.2,2.208608963567649,12.66666666666667,45.8351927238171,542.4396014796577,1183.456573965255,3252.547061334508,132.0974353805398
2022,,4717.1,7.0,-8.378391423084622,19.52504535265729,-28.08703095134688,509.802911717207,-8.803397630317738,-7.956,26.77506265157122,0.1178958415544352,159.7889699596436,144.408,-3.768,55.63611344874031,110.2,2.208608963567649,12.66666666666667,45.8351927238171,542.4396014796577,1183.456573965255,3252.547061334508,132.0974353805398
2022,,2839.2,7.0,-8.378391423084622,19.52504535265729,-28.08703095134688,509.802911717207,-8.803397630317738,-7.956,26.77506265157122,0.1178958415544352,159.7889699596436,144.408,-3.768,55.63611344874031,110.2,2.208608963567649,12.66666666666667,45.8351927238171,542.4396014796577,1183.456573965255,3252.547061334508,132.0974353805398
2022,,22822.0,7.0,-8.378391423084622,19.52504535265729,-28.08703095134688,509.802911717207,-8.803397630317738,-7.956,26.77506265157122,0.1178958415544352,159.7889699596436,144.408,-3.768,55.63611344874031,110.2,2.208608963567649,12.66666666666667,45.8351927238171,542.4396014796577,1183.456573965255,3252.547061334508,132.0974353805398
2022,,6554.1,7.0,-8.378391423084622,19.52504535265729,-28.08703095134688,509.802911717207,-8.803397630317738,-7.956,26.77506265157122,0.1178958415544352,159.7889699596436,144.408,-3.768,55.63611344874031,110.2,2.208608963567649,12.66666666666667,45.8351927238171,542.4396014796577,1183.456573965255,3252.547061334508,132.0974353805398
2022,,11225.0,7.0,-8.378391423084622,19.52504535265729,-28.08703095134688,509.802911717207,-8.803397630317738,-7.956,26.77506265157122,0.1178958415544352,159.7889699596436,144.408,-3.768,55.63611344874031,110.2,2.208608963567649,12.66666666666667,45.8351927238171,542.4396014796577,1183.456573965255,3252.547061334508,132.0974353805398
2022,,38870.7,7.0,-8.378391423084622,19.52504535265729,-28.08703095134688,509.802911717207,-8.803397630317738,-7.956,26.77506265157122,0.1178958415544352,159.7889699596436,144.408,-3.768,55.63611344874031,110.2,2.208608963567649,12.66666666666667,45.8351927238171,542.4396014796577,1183.456573965255,3252.547061334508,132.0974353805398
2022,,11827.0,7.0,-8.378391423084622,19.52504535265729,-28.08703095134688,509.802911717207,-8.803397630317738,-7.956,26.77506265157122,0.1178958415544352,159.7889699596436,144.408,-3.768,55.63611344874031,110.2,2.208608963567649,12.66666666666667,45.8351927238171,542.4396014796577,1183.456573965255,3252.547061334508,132.0974353805398
2022,,4436.4,7.0,-8.378391423084622,19.52504535265729,-28.08703095134688,509.802911717207,-8.803397630317738,-7.956,26.77506265157122,0.1178958415544352,159.7889699596436,144.408,-3.768,55.63611344874031,110.2,2.208608963567649,12.66666666666667,45.8351927238171,542.4396014796577,1183.456573965255,3252.547061334508,132.0974353805398
2022,,13540.0,7.0,-8.378391423084622,19.52504535265729,-28.08703095134688,509.802911717207,-8.803397630317738,-7.956,26.77506265157122,0.1178958415544352,159.7889699596436,144.408,-3.768,55.63611344874031,110.2,2.208608963567649,12.66666666666667,45.8351927238171,542.4396014796577,1183.456573965255,3252.547061334508,132.0974353805398
2022,,3057.9,7.0,-8.378391423084622,19.52504535265729,-28.08703095134688,509.802911717207,-8.803397630317738,-7.956,26.77506265157122,0.1178958415544352,159.7889699596436,144.408,-3.768,55.63611344874031,110.2,2.208608963567649,12.66666666666667,45.8351927238171,542.4396014796577,1183.456573965255,3252.547061334508,132.0974353805398
2022,,6008.8,7.0,-8.378391423084622,19.52504535265729,-28.08703095134688,509.802911717207,-8.803397630317738,-7.956,26.77506265157122,0.1178958415544352,159.7889699596436,144.408,-3.768,55.63611344874031,110.2,2.208608963567649,12.66666666666667,45.8351927238171,542.4396014796577,1183.456573965255,3252.547061334508,132.0974353805398
2022,,783.6,7.0,-8.378391423084622,19.52504535265729,-28.08703095134688,509.802911717207,-8.803397630317738,-7.956,26.77506265157122,0.1178958415544352,159.7889699596436,144.408,-3.768,55.63611344874031,110.2,2.208608963567649,12.66666666666667,45.8351927238171,542.4396014796577,1183.456573965255,3252.547061334508,132.0974353805398
